First;Last;Nation;Division;Status;Swim;T1;Bike;T2;Run;Overall
Philippe;Chevrier;CH;M40-44;DNF;1:11:13;2:33;--:--;--:--;--:--;--:--
Mariko;Kirihara;JP;F65-69;DNF;1:35:21;9:45;--:--;--:--;--:--;--:--
Konstantin;Mentis;GR;M55-59;DNF;2:32:45;--:--;--:--;--:--;--:--;--:--
Jacob;Dolecki;US;M18-24;DNF;1:07:27;3:56;--:--;--:--;--:--;--:--
Tony;O'Keeffe;CA;M55-59;DNF;1:04:00;3:51;5:07:16;3:34;--:--;--:--
Brian;Lang;US;M45-49;DNF;1:26:08;8:34;8:40:01;20:09;--:--;--:--
Chuck;Sperazza;US;M60-64;DNF;1:11:24;6:01;5:07:36;6:24;--:--;--:--
Laura;Hetzer;US;F60-64;DNF;1:41:40;11:41;--:--;--:--;--:--;--:--
Rachael;Norflett;US;F18-24;DNF;1:08:55;4:13;5:29:48;4:35;--:--;--:--
Fumiaki;Sato;JP;M75-79;DNF;1:38:57;11:13;8:01:26;8:50;--:--;--:--
Massimiliano;Radi;IT;M40-44;DNF;59:44;4:43;--:--;--:--;--:--;--:--
Ivan;Gomez;ES;M40-44;DNF;57:18;3:10;--:--;--:--;--:--;--:--
Elena;Bonfiglio Esper;IT;F40-44;DNF;1:18:33;4:25;5:58:40;4:44;--:--;--:--
Juliana;Cerize;BR;F40-44;DNF;1:19:58;3:29;5:24:46;5:58;--:--;--:--
Yu;Shinozaki;JP;M35-39;DNF;58:44;3:28;4:52:19;5:17;--:--;--:--
Colin;Lake;US;M45-49;DNF;1:17:01;7:06;--:--;--:--;--:--;--:--
Sophie;Bubb;GB;F35-39;DNF;1:08:08;3:08;5:32:19;3:26;--:--;--:--
Maureen;Lanuke;CA;F70-74;DNF;2:25:11;--:--;--:--;--:--;--:--;--:--
Jean;Robitaille;CA;M70-74;DNF;2:11:07;15:48;--:--;--:--;--:--;--:--
Richard;Ridao;US;M60-64;DNF;1:53:30;11:09;--:--;--:--;--:--;--:--
Tom;Oosterdijk;NL;M25-29;DNF;1:08:52;3:29;4:39:46;3:29;--:--;--:--
Antoine;Mechin;FR;M25-29;DNF;54:37;2:30;4:40:41;3:17;--:--;--:--
Chuck;Perreault;CA;M45-49;DNF;58:10;3:47;--:--;--:--;--:--;--:--
Edward;Baker;US;M35-39;DNF;58:45;2:30;4:32:20;3:49;--:--;--:--
Alain;Deschenes;CA;M65-69;DNF;1:21:21;6:34;5:25:28;7:30;--:--;--:--
huang;zhu;CN;M70-74;DNF;2:07:26;6:31;--:--;--:--;--:--;--:--
Stephen;Marshall;CA;M55-59;DNF;56:51;4:49;5:26:08;4:47;--:--;--:--
Gordon;Haller;US;M65-69;DNF;1:46:38;6:04;8:14:53;12:02;--:--;--:--
Peggy;Yetman;US;F50-54;DNF;1:08:45;2:59;5:26:08;4:02;--:--;--:--
Takayuki;Fukuda;JP;M65-69;DNF;1:19:01;7:52;5:47:37;6:27;--:--;--:--
Jan;Bruns;DE;M30-34;DNF;53:21;2:21;4:45:05;--:--;--:--;--:--
Junya;Yujiri;JP;M50-54;DNF;1:03:39;4:37;--:--;--:--;--:--;--:--
Greg;Taylor;US;M60-64;DNF;1:07:44;4:09;5:18:59;4:10;--:--;--:--
Cordula;Gruber;DE;F55-59;DNF;1:04:56;5:27;6:00:29;--:--;--:--;--:--
Pierre;Gaspariau;FR;M40-44;DNF;55:15;2:58;4:59:07;5:11;--:--;--:--
Kevin;Coady;US;M40-44;DNF;1:07:36;--:--;--:--;--:--;--:--;--:--
Robert;Reinhard;US;M55-59;DNF;1:50:22;17:45;--:--;--:--;--:--;--:--
Alex;Whelan;US;F25-29;DNF;56:27;3:24;6:05:12;6:02;--:--;--:--
Takashi;Onozuka;JP;M65-69;DNF;1:47:00;9:15;7:08:45;8:38;--:--;--:--
Tommy;Lettner;CA;M75-79;DNF;1:56:22;12:39;7:44:00;14:02;--:--;--:--
Briana Noelle;Boehmer;US;F40-44;DNF;1:03:19;3:21;5:05:52;3:53;--:--;--:--
Ryuta;Sakurai;JP;M40-44;DNF;1:03:36;5:29;--:--;--:--;--:--;--:--
Jess;Ripper;JP;M40-44;DNF;1:02:28;3:28;5:01:51;5:34;--:--;--:--
Ryno;van Wyk;ZA;M25-29;DNF;1:07:35;35:15;--:--;--:--;--:--;--:--
Juliana;Nievergelt;US;F55-59;DNF;57:06;4:29;5:21:27;6:34;--:--;--:--
Catherine;Tulloh;AU;F65-69;DNF;1:29:49;8:13;--:--;--:--;--:--;--:--
Jan;Blokland;NL;M55-59;DNF;1:03:42;3:42;4:30:37;7:55;--:--;--:--
Rachel;Majors;US;F40-44;DNF;1:16:01;5:51;6:02:31;6:27;--:--;--:--
Kae;Hayashimoto;JP;F18-24;DNF;1:02:14;3:28;--:--;--:--;--:--;--:--
;;JP;M75-79;DNF;2:17:58;10:38;--:--;--:--;--:--;--:--
Seok-Min;Lim;KR;M70-74;DNF;2:05:22;10:04;7:43:45;17:48;--:--;--:--
Beverly;Hess;US;F60-64;DNF;--:--;--:--;--:--;--:--;--:--;--:--
Roger;Barker;CA;M75-79;DNF;2:20:35;--:--;--:--;--:--;--:--;--:--
Tadashi;Horiuchi;JP;M75-79;DNF;2:06:00;10:04;--:--;--:--;--:--;--:--
Jeni L.;Winegarner;US;F60-64;DNF;1:08:32;5:19;6:36:07;--:--;--:--;--:--
Thomas;Spasojevich;US;M80-84;DNF;1:53:42;12:47;--:--;--:--;--:--;--:--
Mark;Schneider;US;M55-59;DNF;1:39:26;12:10;8:13:18;13:34;--:--;--:--
Tina;Eakin;US;F45-49;DNS;--:--;--:--;--:--;--:--;--:--;--:--
Becky;Hoare;GB;F25-29;DNS;--:--;--:--;--:--;--:--;--:--;--:--
Frederico;Monteiro Da Silva;BR;M35-39;DNS;--:--;--:--;--:--;--:--;--:--;--:--
Mark;Jansen;AU;M45-49;DNS;--:--;--:--;--:--;--:--;--:--;--:--
Ulrich;Konschak;DE;M45-49;DNS;--:--;--:--;--:--;--:--;--:--;--:--
Fernando;Alfaro;ZZ;M30-34;DNS;--:--;--:--;--:--;--:--;--:--;--:--
Chelsea;Tiner;US;F30-34;DNS;--:--;--:--;--:--;--:--;--:--;--:--
Jeff;Dorrill;US;M55-59;DNS;--:--;--:--;--:--;--:--;--:--;--:--
Silvia;Paredes;AR;F60-64;DNS;--:--;--:--;--:--;--:--;--:--;--:--
Leonor;Font Balduque;ES;F30-34;DNS;--:--;--:--;--:--;--:--;--:--;--:--
Maksym;Mazur;KZ;M40-44;DNS;--:--;--:--;--:--;--:--;--:--;--:--
David;Mcgregor;CA;M45-49;DNS;--:--;--:--;--:--;--:--;--:--;--:--
Milos;Kostic;CA;M75-79;DNS;--:--;--:--;--:--;--:--;--:--;--:--
Olaf;Kasten;DE;M45-49;DNS;--:--;--:--;--:--;--:--;--:--;--:--
Graeme;Stewart;GB;M40-44;DNS;--:--;--:--;--:--;--:--;--:--;--:--
Isaac;Swindle;US;M30-34;DNS;--:--;--:--;--:--;--:--;--:--;--:--
Ivan;O'Gorman;IE;M40-44;DNS;--:--;--:--;--:--;--:--;--:--;--:--
Olivier;Godart;LU;M40-44;DNS;--:--;--:--;--:--;--:--;--:--;--:--
Lim Chee;Pheng;SG;M45-49;DNS;--:--;--:--;--:--;--:--;--:--;--:--
Grant;Rice;US;M25-29;DNS;--:--;--:--;--:--;--:--;--:--;--:--
Jens;Groenbek;DK;M35-39;DNS;--:--;--:--;--:--;--:--;--:--;--:--
Alejandro;Torre;MX;M40-44;DNS;--:--;--:--;--:--;--:--;--:--;--:--
Linda;Spillane;GB;F65-69;DNS;--:--;--:--;--:--;--:--;--:--;--:--
Egor;Vinogradov;RU;M35-39;DNS;--:--;--:--;--:--;--:--;--:--;--:--
Steve;Cozine;US;M50-54;DNS;--:--;--:--;--:--;--:--;--:--;--:--
Anabella;Farinon;AR;F40-44;DNS;--:--;--:--;--:--;--:--;--:--;--:--
Lisa;Mccrillis;US;F35-39;DNS;--:--;--:--;--:--;--:--;--:--;--:--
Timothy;Alder;US;M40-44;DNS;--:--;--:--;--:--;--:--;--:--;--:--
Rüdiger;Welsch;DE;M55-59;DNS;--:--;--:--;--:--;--:--;--:--;--:--
Thomas;Braun;DE;M50-54;DNS;--:--;--:--;--:--;--:--;--:--;--:--
Yann;Le Moenner;FR;M50-54;DNS;--:--;--:--;--:--;--:--;--:--;--:--
Yan;Hu;CN;F55-59;DNS;--:--;--:--;--:--;--:--;--:--;--:--
Jordy;Wright;AU;M30-34;DNS;--:--;--:--;--:--;--:--;--:--;--:--
Beni;Gras-Thompson;US;F45-49;DNS;--:--;--:--;--:--;--:--;--:--;--:--
Simone;Mitchell;GB;F30-34;DNS;--:--;--:--;--:--;--:--;--:--;--:--
Nathan;Martin;NZ;M35-39;DNS;--:--;--:--;--:--;--:--;--:--;--:--
Brittany;Campbell;AU;F25-29;DNS;--:--;--:--;--:--;--:--;--:--;--:--
Yutaka;Kojima;JP;M80-84;DNS;--:--;--:--;--:--;--:--;--:--;--:--
Brian;Ehrhardt;US;M35-39;DNS;--:--;--:--;--:--;--:--;--:--;--:--
Sviatoslav;Tsvetkov;UA;M35-39;DNS;--:--;--:--;--:--;--:--;--:--;--:--
Jean;Orlowski;US;M50-54;DNS;--:--;--:--;--:--;--:--;--:--;--:--
Glyn;Painter;GB;M45-49;DNS;--:--;--:--;--:--;--:--;--:--;--:--
Warren;Hill;NZ;M75-79;DNS;--:--;--:--;--:--;--:--;--:--;--:--
Francesca;King;GB;M45-49;DNS;--:--;--:--;--:--;--:--;--:--;--:--
Linda;Ashmore;ZZ;F70-74;DNS;--:--;--:--;--:--;--:--;--:--;--:--
Frank;Dr.Pilchner;DE;M55-59;DNS;--:--;--:--;--:--;--:--;--:--;--:--
James;Ellis;GB;M25-29;DNS;--:--;--:--;--:--;--:--;--:--;--:--
Steven;Middleton;GB;M40-44;DNS;--:--;--:--;--:--;--:--;--:--;--:--
Gary;Kessler;US;M65-69;DNS;--:--;--:--;--:--;--:--;--:--;--:--
Dennis;Kasischke;US;M70-74;DNS;--:--;--:--;--:--;--:--;--:--;--:--
Aaron;Barclay;NZ;M25-29;DNS;--:--;--:--;--:--;--:--;--:--;--:--
Juergen Werner;Knapp;DE;M70-74;DNS;--:--;--:--;--:--;--:--;--:--;--:--
Martin;Desmyttere;DE;M60-64;DNS;--:--;--:--;--:--;--:--;--:--;--:--
Andres;Torres;CO;M50-54;DNS;--:--;--:--;--:--;--:--;--:--;--:--
Gustav;Förster;DE;M65-69;DNS;--:--;--:--;--:--;--:--;--:--;--:--
Melissa;Lowenberg;CA;F45-49;DNS;--:--;--:--;--:--;--:--;--:--;--:--
Gill;Fullen;GB;F50-54;DNS;--:--;--:--;--:--;--:--;--:--;--:--
Heinrich;Lategan;ZA;M35-39;DNS;--:--;--:--;--:--;--:--;--:--;--:--
Christopher;Domoney;GB;M65-69;DNS;--:--;--:--;--:--;--:--;--:--;--:--
Stephen;Anderson;GB;M40-44;DNS;--:--;--:--;--:--;--:--;--:--;--:--
Reinhard;Kaiser;AT;M50-54;DNS;--:--;--:--;--:--;--:--;--:--;--:--
Walter;Lehmann;CH;M45-49;DNS;--:--;--:--;--:--;--:--;--:--;--:--
Markus;Egger;AT;M40-44;DNS;--:--;--:--;--:--;--:--;--:--;--:--
Kunihiro;Imai;JP;M55-59;DNS;--:--;--:--;--:--;--:--;--:--;--:--
Roberto;Azevedo Junior;BR;M65-69;DNS;--:--;--:--;--:--;--:--;--:--;--:--
Jakub;Kimmer;PL;M30-34;DNS;--:--;--:--;--:--;--:--;--:--;--:--
Kimberley;Mckinney;AU;F30-34;DNS;--:--;--:--;--:--;--:--;--:--;--:--
Shane;Lewis;AU;M45-49;DNS;--:--;--:--;--:--;--:--;--:--;--:--
Filippo;Nicosia;IT;M40-44;DNS;--:--;--:--;--:--;--:--;--:--;--:--
Christophe;LEMERY;FR;M50-54;DNS;--:--;--:--;--:--;--:--;--:--;--:--
Kelly;Ryan;US;F35-39;DNS;--:--;--:--;--:--;--:--;--:--;--:--
Claire;Badenhorst;NZ;F25-29;DNS;--:--;--:--;--:--;--:--;--:--;--:--
Allen;Hutchinson;US;M45-49;DNS;--:--;--:--;--:--;--:--;--:--;--:--
Lisa;Lubarsky;US;F50-54;DNS;--:--;--:--;--:--;--:--;--:--;--:--
Darren;Dillon;AU;M50-54;DNS;--:--;--:--;--:--;--:--;--:--;--:--
Sandro;Angelastri;CH;M60-64;DNS;--:--;--:--;--:--;--:--;--:--;--:--
Christian;Schinkel;DE;M35-39;DNS;--:--;--:--;--:--;--:--;--:--;--:--
Jeanna;Chain;US;F45-49;DNS;--:--;--:--;--:--;--:--;--:--;--:--
Hedla;Lopes;BR;F60-64;DNS;--:--;--:--;--:--;--:--;--:--;--:--
Steven;Purcell;HK;M40-44;DNS;--:--;--:--;--:--;--:--;--:--;--:--
Haitong;Wu;CN;M30-34;DNS;--:--;--:--;--:--;--:--;--:--;--:--
Ian;Mossenson;AU;M65-69;DNS;--:--;--:--;--:--;--:--;--:--;--:--
Ayako;Kawasaki;JP;F70-74;DNS;--:--;--:--;--:--;--:--;--:--;--:--
Mikey;Brown;US;M40-44;DNS;--:--;--:--;--:--;--:--;--:--;--:--
Magnus;Jonsson;SE;M50-54;DNS;--:--;--:--;--:--;--:--;--:--;--:--
Francine;Comeau;CA;F65-69;DNS;--:--;--:--;--:--;--:--;--:--;--:--
Haoran;Lin;CN;M18-24;DNS;--:--;--:--;--:--;--:--;--:--;--:--
Pablo;Escalas;AR;M50-54;DQ;1:03:00;3:08;--:--;--:--;--:--;--:--
Jeff;Fieldhack;US;M50-54;DQ;--:--;--:--;--:--;--:--;--:--;--:--
Eduardo;Solis;CR;M45-49;DQ;--:--;--:--;--:--;--:--;--:--;--:--
Taro;Shirato;JP;M50-54;DQ;--:--;--:--;--:--;--:--;--:--;--:--
Andreas;Dietrich;DE;M25-29;DQ;--:--;--:--;--:--;--:--;--:--;--:--
Flavia;Rocha;BR;F45-49;DQ;--:--;--:--;--:--;--:--;--:--;--:--
Dan;Plews;NZ;M35-39;Finish;54:47;2:27;4:32:55;3:31;2:50:56;8:24:36
Rasmus;Svenningsson;SE;M25-29;Finish;55:23;2:12;4:28:08;3:01;3:05:17;8:34:01
Mikkel;Mortensen;DK;M25-29;Finish;55:46;3:13;4:32:59;2:16;3:02:34;8:36:48
Mikkel Højborg;Olsen;DK;M30-34;Finish;55:24;2:11;4:34:19;2:08;3:03:13;8:37:15
Lars Petter;Stormo;NO;M35-39;Finish;55:36;2:23;4:32:06;2:20;3:05:02;8:37:27
Clay;Emge;US;M30-34;Finish;55:31;2:38;4:35:08;3:17;3:01:01;8:37:35
Sergio;Marques;PT;M35-39;Finish;57:56;2:21;4:35:22;2:42;3:00:08;8:38:29
Ryan;Giuliano;US;M30-34;Finish;59:01;2:39;4:38:01;2:19;2:58:09;8:40:09
Matthew;Malone;US;M30-34;Finish;57:52;2:31;4:34:59;2:51;3:02:25;8:40:38
Toon;Veldeman;BE;M35-39;Finish;55:32;3:08;4:30:30;2:31;3:09:43;8:41:24
Petr;Soukup;CZ;M30-34;Finish;53:06;2:14;4:39:29;2:27;3:04:24;8:41:40
Lars;Lomholt;DK;M30-34;Finish;1:01:32;3:33;4:32:44;3:10;3:01:31;8:42:30
Robert;Drake;GB;M30-34;Finish;59:00;3:35;4:30:46;2:07;3:08:37;8:44:05
Neil;Eddy;GB;M30-34;Finish;51:26;2:44;4:37:37;2:58;3:10:53;8:45:38
David;Clark;AU;M35-39;Finish;53:10;3:02;4:33:47;2:58;3:13:32;8:46:29
Mariusz;Olejniczak;PL;M35-39;Finish;1:01:01;2:57;4:33:05;2:26;3:07:20;8:46:49
Ben;Phillips;NZ;M25-29;Finish;51:37;2:25;4:36:08;2:59;3:14:20;8:47:29
Bruno;Clerbout;BE;M40-44;Finish;56:04;2:33;4:30:28;2:48;3:15:47;8:47:40
Derk;De Korver;NL;M35-39;Finish;1:01:35;2:34;4:38:12;3:03;3:02:44;8:48:08
Bert;Verbeke;BE;M40-44;Finish;54:56;2:35;4:30:55;2:47;3:19:20;8:50:33
Edward;Mcneile;NZ;M30-34;Finish;51:54;2:41;4:46:04;2:24;3:07:47;8:50:50
Nicolas;Sapieha;BE;M30-34;Finish;53:06;4:57;4:25:18;3:45;3:24:08;8:51:14
Dominik;Rueß;DE;M35-39;Finish;53:45;3:24;4:31:11;3:26;3:19:48;8:51:34
David;De Grooff;BE;M25-29;Finish;53:14;2:21;4:42:46;2:35;3:10:49;8:51:45
Timo;Schaffeld;DE;M18-24;Finish;57:49;1:56;4:32:30;2:15;3:17:20;8:51:50
Eduardo;Della Maggiora;CL;M35-39;Finish;57:54;3:31;4:36:08;3:53;3:10:30;8:51:56
Johan;Borg;AU;M25-29;Finish;57:20;4:03;4:37:10;3:34;3:09:50;8:51:57
Jarle;Wermskog;NO;M35-39;Finish;1:04:37;3:34;4:32:37;2:58;3:08:21;8:52:07
Arnaud;Margot;CH;M30-34;Finish;1:00:41;2:36;4:27:30;2:35;3:18:57;8:52:19
Benoit;Chevalier;BE;M30-34;Finish;1:01:42;3:52;4:46:22;3:02;2:57:24;8:52:22
Juha-Matti;Halonen;FI;M25-29;Finish;56:22;2:18;4:36:25;2:28;3:15:07;8:52:40
Marc;Brinkmann;DE;M40-44;Finish;1:02:20;3:07;4:31:47;3:27;3:12:24;8:53:05
Quentin;Kurc Boucau;FR;M30-34;Finish;56:41;3:02;4:24:09;3:02;3:26:23;8:53:17
Stefan;Leitner;AT;M35-39;Finish;1:00:29;3:08;4:36:23;4:10;3:09:35;8:53:45
Matthew;Ison;US;M30-34;Finish;59:21;2:59;4:39:35;3:12;3:08:53;8:54:00
Wouter;Gryp;BE;M30-34;Finish;1:04:03;4:07;4:30:54;3:21;3:12:28;8:54:53
Villu;Vakra;EE;M35-39;Finish;59:34;3:42;4:30:10;3:13;3:18:48;8:55:27
Koen;Van Rie;BE;M45-49;Finish;1:03:18;3:13;4:36:55;3:05;3:09:02;8:55:33
Philipp;Herber;DE;M25-29;Finish;57:50;2:24;4:34:59;3:53;3:17:01;8:56:07
Mikkel;Larsen;DK;M35-39;Finish;1:03:24;3:29;4:30:57;3:11;3:15:08;8:56:09
Eric;Wagner;LU;M30-34;Finish;53:13;3:20;4:40:55;2:45;3:15:59;8:56:12
Heiko;Lewanzik;DE;M35-39;Finish;56:52;2:33;4:38:41;3:45;3:14:27;8:56:18
James;Curran;IE;M30-34;Finish;1:03:28;2:33;4:30:15;2:54;3:17:09;8:56:19
James;Burke;US;M35-39;Finish;52:05;2:52;4:36:42;4:15;3:20:47;8:56:41
Marcos;Vinicius Cavanna Calcic;BR;M30-34;Finish;1:02:38;4:00;4:41:27;3:29;3:05:30;8:57:04
Sebastian;Veith;DE;M30-34;Finish;53:55;3:16;4:34:12;4:13;3:21:34;8:57:10
Alexandre;Takenaka;BR;M35-39;Finish;53:44;2:34;4:40:53;3:12;3:16:53;8:57:16
Golo;Roehrken;DE;M30-34;Finish;56:55;2:48;4:34:35;2:55;3:20:12;8:57:25
Lasse;Ibert;DE;M30-34;Finish;58:04;2:51;4:29:11;2:38;3:24:48;8:57:32
Ryan;Miller;AU;M35-39;Finish;1:03:44;3:28;4:34:01;4:09;3:12:24;8:57:46
Peter;Wolkowicz;DE;M30-34;Finish;57:51;2:18;4:36:33;2:34;3:18:40;8:57:56
Jeff;Lastennet;FR;M30-34;Finish;58:03;3:28;4:46:17;3:06;3:07:07;8:58:01
Tiaan;Swart;ZA;M25-29;Finish;55:57;2:09;4:31:51;2:22;3:26:00;8:58:19
Craig;Taylor;US;M30-34;Finish;56:40;2:21;4:42:26;3:59;3:12:56;8:58:22
John;Kelly;US;M30-34;Finish;1:05:51;2:48;4:35:33;3:38;3:10:59;8:58:49
Jose;Graca;BR;M40-44;Finish;58:43;3:08;4:36:27;3:25;3:17:15;8:58:58
Kristian;Ek;SE;M25-29;Finish;1:00:55;2:57;4:30:21;2:56;3:22:04;8:59:13
Gabriel;Gmünder;CH;M35-39;Finish;53:02;3:06;4:51:38;3:58;3:07:51;8:59:35
Brice;Williams;US;M40-44;Finish;53:35;2:54;4:37:42;3:06;3:22:21;8:59:38
Johan;Yvalun;FR;M35-39;Finish;58:09;5:40;4:46:59;4:36;3:04:30;8:59:54
Sami;Goetz;CH;M25-29;Finish;59:09;3:15;4:33:56;2:50;3:20:54;9:00:04
Florian;Kandutsch;AT;M30-34;Finish;56:48;2:49;4:39:39;4:19;3:16:31;9:00:06
Ales;Suhadolnik;SI;M40-44;Finish;1:01:11;2:53;4:44:44;2:32;3:09:06;9:00:26
Roman;Evgrafov;RU;M35-39;Finish;51:42;3:30;4:43:19;2:55;3:19:29;9:00:55
Stephane;Mettier;FR;M40-44;Finish;1:00:08;3:41;4:34:55;3:15;3:19:10;9:01:09
Reon;Park;NZ;M45-49;Finish;57:34;2:59;4:33:45;8:15;3:18:48;9:01:21
Stijn;Veldeman;BE;M40-44;Finish;1:00:45;3:32;4:46:14;3:13;3:07:48;9:01:32
Garron;Mosley;ZA;M40-44;Finish;56:39;3:36;4:40:40;3:47;3:16:54;9:01:36
Michael;Rixon;GB;M30-34;Finish;1:01:21;3:43;4:32:02;3:30;3:21:05;9:01:41
Guillaume;Belgy;FR;M30-34;Finish;58:29;2:09;4:33:06;2:50;3:25:58;9:02:32
Scott;Hobson;AU;M35-39;Finish;52:01;2:47;4:43:26;3:45;3:21:02;9:03:01
Alejandro Jose;Boschian Romero;VE;M35-39;Finish;58:03;3:23;4:36:33;4:20;3:20:46;9:03:05
Mathias;Flunger;DE;M35-39;Finish;1:00:00;2:21;4:41:14;2:40;3:17:06;9:03:21
Guillaume;Heneman;FR;M30-34;Finish;53:38;4:12;4:32:11;3:58;3:29:32;9:03:31
Jorge;De Amorim Filho;BR;M35-39;Finish;54:58;3:21;4:33:38;3:30;3:28:11;9:03:38
Pascal;Ramali;DE;M30-34;Finish;58:51;2:50;4:29:51;3:47;3:28:27;9:03:46
Julien;Boulain;FR;M35-39;Finish;1:03:17;3:20;4:33:30;3:43;3:20:13;9:04:03
Nico;Muschiol;DE;M30-34;Finish;1:12:44;3:22;4:34:18;2:36;3:11:11;9:04:11
Carsten;Sorensen;DK;M40-44;Finish;53:04;3:12;4:40:35;3:01;3:24:41;9:04:33
Xavier;Torrades;ES;M35-39;Finish;53:35;3:04;4:49:55;3:39;3:14:38;9:04:51
Guillaume;Gillodts;FR;M40-44;Finish;56:14;2:51;4:35:47;2:36;3:27:33;9:05:01
Fabian;Knobelspies;DE;M30-34;Finish;56:44;4:16;4:45:22;3:10;3:15:31;9:05:03
Nicholas;Noone;US;M18-24;Finish;53:08;2:38;4:40:52;3:51;3:24:35;9:05:04
Dariusz;Dabrowski;PL;M40-44;Finish;1:02:07;3:35;4:34:17;2:43;3:22:34;9:05:16
Joachim;Krauth;DE;M25-29;Finish;1:04:02;4:05;4:44:19;3:46;3:09:14;9:05:26
Jan-Luca;Moelling;DE;M25-29;Finish;51:41;2:35;4:37:10;2:34;3:31:32;9:05:32
Carl;Brümmer;SE;M50-54;Finish;56:06;3:09;4:42:02;3:01;3:21:19;9:05:37
Steve;Jackson;US;M30-34;Finish;51:38;2:12;4:49:08;3:08;3:19:34;9:05:40
Urs;Schiess;CH;M35-39;Finish;59:59;3:01;4:32:33;3:35;3:26:50;9:05:58
Campbell;Hanson;NZ;M40-44;Finish;55:37;3:01;4:37:39;2:36;3:27:07;9:06:00
James;Harrington;US;M40-44;Finish;1:09:22;4:16;4:41:56;3:08;3:07:28;9:06:10
Rafael;Lao Fernández;ES;M35-39;Finish;55:34;3:02;4:43:34;3:58;3:20:13;9:06:21
Antonio;Ferreira Da Silva Neto;BR;M35-39;Finish;54:59;2:27;4:40:28;2:45;3:26:02;9:06:41
Thomas;Durey;FR;M40-44;Finish;53:14;3:05;4:38:31;3:41;3:28:30;9:07:01
Gaston;Montenegro;AR;M25-29;Finish;53:04;3:09;4:35:07;3:54;3:31:58;9:07:12
Manuel;Frey;CH;M40-44;Finish;1:05:22;3:12;4:43:28;3:51;3:11:29;9:07:22
Julen;Diez;ES;M18-24;Finish;56:20;2:30;4:41:05;3:31;3:23:57;9:07:23
Maxime;Beney;CH;M30-34;Finish;1:10:30;3:06;4:40:20;3:10;3:10:24;9:07:30
Jeffrey;Bradley;CA;M35-39;Finish;1:09:31;4:26;4:43:34;5:01;3:05:09;9:07:41
Miklos;Vatai;HU;M35-39;Finish;1:04:14;4:11;4:39:37;4:28;3:15:17;9:07:47
Benoit;Bourguet;BE;M40-44;Finish;55:40;3:14;4:38:02;3:19;3:27:42;9:07:57
Balasz;Ronaszeki;HU;M35-39;Finish;1:04:49;4:04;4:41:34;3:31;3:14:25;9:08:23
Paul;Lunn;GB;M45-49;Finish;1:05:00;2:24;4:38:36;2:47;3:19:39;9:08:26
Jose;Arranz;ES;M35-39;Finish;1:01:48;2:42;4:34:12;3:46;3:26:04;9:08:32
Salvador;Ruiz-González Hamamura;PE;M30-34;Finish;1:00:33;3:37;4:36:38;4:48;3:23:07;9:08:43
Benjamin;Proux;FR;M40-44;Finish;1:02:13;3:45;4:39:24;2:45;3:20:42;9:08:49
Jens;Müller;DE;M35-39;Finish;1:01:48;3:38;4:44:21;3:52;3:15:16;9:08:55
Jörn;Basel;DE;M35-39;Finish;1:03:07;3:53;4:44:03;4:09;3:13:46;9:08:58
Matt;Jackson;AU;M30-34;Finish;53:03;3:00;4:42:14;3:00;3:27:47;9:09:04
Silas;Kohn;DE;M25-29;Finish;53:17;2:46;4:46:29;4:05;3:22:36;9:09:13
Nico;Seitter;DE;M25-29;Finish;1:03:48;3:09;4:46:32;4:00;3:11:53;9:09:22
Robin;Schneider;DE;M25-29;Finish;51:39;3:05;4:38:20;3:17;3:33:38;9:09:59
Hugo;Amaral Horta Barbosa;BR;M30-34;Finish;51:46;3:30;4:45:31;3:06;3:26:28;9:10:21
Borja;Franco Moreu;ES;M30-34;Finish;59:21;3:30;4:52:20;4:06;3:11:14;9:10:31
Peng Cheng;Li;CN;M25-29;Finish;57:41;3:06;4:52:14;4:34;3:13:00;9:10:35
Rob;Arkell;GB;M30-34;Finish;1:03:24;4:21;4:38:47;3:59;3:20:18;9:10:49
Samuel;Silva;BR;M35-39;Finish;1:03:46;3:33;4:59:22;3:31;3:00:41;9:10:53
François;Fouss;BE;M40-44;Finish;1:03:33;4:46;4:40:16;2:53;3:19:26;9:10:54
Agustin;Leiro;AR;M30-34;Finish;59:10;5:04;4:37:41;5:03;3:23:58;9:10:56
Dan;Ovchinikov;IL;M30-34;Finish;53:12;3:29;4:48:38;3:42;3:22:01;9:11:02
Joan;Capdevila Gómez;ES;M40-44;Finish;1:00:37;3:34;4:50:43;3:07;3:13:05;9:11:06
Gijs;Van Ranst;BE;M35-39;Finish;56:05;2:54;4:41:25;3:22;3:27:31;9:11:17
Lucas;Antonetti;AR;M45-49;Finish;56:38;2:19;4:51:17;2:45;3:18:29;9:11:28
Joerg;Scherle;DE;M35-39;Finish;1:07:13;3:08;4:43:10;4:29;3:13:35;9:11:35
Stefan;Flachowsky;DE;M45-49;Finish;1:02:29;2:45;4:38:24;3:22;3:24:40;9:11:40
Alberto;Hermoso Diaz;ES;M25-29;Finish;53:15;2:53;4:46:05;2:51;3:26:40;9:11:44
Joel;Maley;CA;M35-39;Finish;1:12:01;4:00;4:34:59;3:32;3:17:13;9:11:45
Jonathan;Noon;US;M30-34;Finish;1:03:19;3:43;4:38:53;3:07;3:23:02;9:12:04
Luke;Smith;US;M35-39;Finish;1:11:08;3:16;4:47:54;3:22;3:06:38;9:12:18
Steffen;Kundel;DE;M30-34;Finish;55:02;2:33;4:42:12;2:52;3:29:43;9:12:22
Carlos;Santiago;MX;M25-29;Finish;53:28;2:52;4:45:16;3:36;3:27:20;9:12:32
Rodrigo;Bodanese;BR;M30-34;Finish;56:54;3:28;4:47:14;3:55;3:21:05;9:12:36
Christophe;Halleumieux;FR;M45-49;Finish;1:09:47;3:18;4:45:44;3:17;3:10:33;9:12:39
Olivier;Cardoen;BE;M40-44;Finish;56:06;2:28;4:33:20;4:27;3:36:28;9:12:49
Lukas;Roth;DE;M25-29;Finish;1:07:57;3:28;4:44:51;3:56;3:12:41;9:12:53
Damian;Vindel Hernandez;ES;M35-39;Finish;1:02:21;3:20;4:52:14;3:01;3:12:02;9:12:58
André Johnsen;Navjord;NO;M18-24;Finish;1:02:47;2:28;4:40:53;3:00;3:23:52;9:13:00
Kevin;Robertson;AU;M40-44;Finish;1:04:39;3:47;4:53:19;3:59;3:07:36;9:13:20
Alexandr;Vinokurov;KZ;M45-49;Finish;1:13:51;4:28;4:18:06;3:19;3:33:53;9:13:37
Bruno;Pinheiro Manzoni;BR;M30-34;Finish;1:07:09;3:17;4:39:34;4:32;3:19:11;9:13:43
Francesco;Gualtieri;IT;M18-24;Finish;56:42;3:50;4:39:09;4:14;3:29:51;9:13:46
Marco;Sahm;DE;M45-49;Finish;1:02:20;2:19;4:46:19;3:52;3:19:12;9:14:02
Michal;Rajca;PL;M25-29;Finish;1:06:45;2:30;4:37:52;2:02;3:25:09;9:14:18
Tony;Goossens;BE;M35-39;Finish;1:09:15;3:19;4:42:30;3:33;3:15:44;9:14:21
Richard;Sweet;US;M55-59;Finish;1:01:08;4:04;4:45:30;4:07;3:19:34;9:14:23
Stephane;Vander Bruggen;BE;M40-44;Finish;55:28;3:06;4:40:58;2:50;3:32:07;9:14:29
Daniel;Grabner;AT;M25-29;Finish;1:09:40;2:25;4:44:00;3:06;3:15:35;9:14:46
Yann;Rocheteau;FR;M40-44;Finish;1:02:07;3:31;4:44:58;3:55;3:20:17;9:14:48
Daniel;Stubleski;US;M40-44;Finish;1:00:30;2:37;4:34:01;3:29;3:34:13;9:14:50
Tim;Mercy;BE;M25-29;Finish;1:05:16;4:05;4:51:30;4:21;3:09:39;9:14:51
Marin;Koceic;HR;M40-44;Finish;55:25;2:15;4:40:39;3:16;3:33:38;9:15:13
Jérôme;Save;FR;M40-44;Finish;1:01:14;3:40;4:32:48;5:37;3:32:00;9:15:19
Harald;Funk;DE;M50-54;Finish;1:02:46;3:24;4:31:13;4:51;3:33:13;9:15:27
Matthew;Davis;US;M35-39;Finish;1:09:17;3:11;4:35:10;3:14;3:24:38;9:15:30
Vince;Donofrio;US;M30-34;Finish;1:02:16;3:44;4:52:13;3:22;3:13:59;9:15:34
Clint;Rowlings;AU;M30-34;Finish;55:29;3:57;4:50:16;3:17;3:22:41;9:15:40
Antonino;Greco;IT;M40-44;Finish;55:20;3:32;4:40:48;4:14;3:32:00;9:15:54
Nathan;Buttrick;US;M35-39;Finish;1:03:28;2:51;4:42:14;3:42;3:23:50;9:16:05
Laurent;Marcilloux;FR;M30-34;Finish;1:05:04;3:58;4:40:43;2:51;3:23:38;9:16:14
Daniel;Gómez Hernández;ES;M35-39;Finish;53:29;2:38;4:45:35;2:22;3:32:14;9:16:18
Jason;Schoeman;NZ;M30-34;Finish;1:02:15;3:56;4:43:57;2:37;3:23:34;9:16:19
Alejandro;Casado;ES;M35-39;Finish;1:07:13;3:36;4:39:10;4:33;3:21:51;9:16:23
Peter;Christensen;US;M45-49;Finish;1:00:55;3:38;4:41:29;3:18;3:27:06;9:16:26
Joshua;Minogue;AU;M30-34;Finish;49:47;3:12;4:52:13;3:30;3:27:45;9:16:27
Alex;Tissot;FR;M25-29;Finish;51:45;2:08;4:44:45;4:29;3:33:22;9:16:29
Cyril;Lecompt;FR;M30-34;Finish;1:02:17;3:29;4:40:07;5:01;3:25:36;9:16:30
Chris;Auditore;AU;M40-44;Finish;55:21;4:58;4:51:29;4:22;3:20:21;9:16:31
Steeve;Brugière;FR;M35-39;Finish;1:03:21;4:14;4:42:10;3:05;3:23:50;9:16:40
Florian;Schedlbauer;DE;M35-39;Finish;56:37;3:10;4:49:10;3:58;3:23:55;9:16:50
Alexandre;Boule;CA;M40-44;Finish;59:17;2:32;4:43:43;2:58;3:28:38;9:17:08
Guillermo;Olcina;ES;M40-44;Finish;1:00:28;2:46;4:43:02;3:04;3:27:53;9:17:13
Simon;Lovelock;GB;M35-39;Finish;1:06:00;4:05;4:56:50;4:28;3:05:52;9:17:15
Stephen;Day;GB;M45-49;Finish;1:06:22;3:41;4:49:30;3:34;3:14:13;9:17:20
Steven;Brüschke;DE;M30-34;Finish;1:18:04;5:10;4:43:22;5:01;3:05:53;9:17:30
Josu;Allica;ES;M45-49;Finish;1:01:46;4:06;4:50:14;3:50;3:17:40;9:17:36
Markus;Stöhr;DE;M25-29;Finish;58:05;2:50;4:42:18;3:25;3:31:04;9:17:42
Jacob;Gilden;US;M30-34;Finish;1:00:50;4:47;4:49:52;3:10;3:19:20;9:17:59
Marcel;Muñoz;ES;M40-44;Finish;1:00:26;2:53;4:59:54;4:03;3:10:47;9:18:03
Paul;Cowling;GB;M30-34;Finish;55:18;2:58;4:40:45;3:25;3:35:43;9:18:09
Luke;Whitmore;AU;M35-39;Finish;57:42;3:23;4:47:06;4:14;3:25:58;9:18:23
Gabor;Kovacs;HU;M35-39;Finish;58:27;4:19;4:38:47;3:32;3:33:21;9:18:26
Francis;Martin;CA;M30-34;Finish;1:07:02;3:02;4:31:31;4:13;3:32:51;9:18:39
Bruno;Faria;BR;M30-34;Finish;1:04:15;3:54;4:48:10;4:46;3:17:44;9:18:49
Ryosuke;Ohata;JP;M35-39;Finish;55:12;2:31;4:58:44;3:52;3:18:33;9:18:52
Hh Shaikh Nasser Bin Hamad;Al Khalifa;BH;M30-34;Finish;1:03:26;2:53;4:40:22;3:24;3:29:04;9:19:09
Flander;Marci;HU;M30-34;Finish;52:59;2:14;4:54:17;3:59;3:25:42;9:19:11
Andreas;Jung;DE;M30-34;Finish;54:10;2:22;4:53:11;2:53;3:26:37;9:19:13
Thiago;Menuci;BR;M35-39;Finish;53:02;2:40;4:42:51;6:27;3:34:22;9:19:22
Geir;Omarsson;IS;M40-44;Finish;1:06:23;3:10;4:49:59;3:09;3:16:41;9:19:22
Rik;Linssen;NL;M30-34;Finish;53:49;2:48;4:45:46;2:39;3:34:24;9:19:26
Mikael;Lehtomaa;SE;M30-34;Finish;1:11:51;4:00;4:31:13;3:52;3:28:36;9:19:32
Martin;Welti;CH;M40-44;Finish;1:03:40;2:54;4:34:44;4:04;3:34:14;9:19:36
Nathan;Ford;GB;M30-34;Finish;53:15;2:27;4:44:55;2:55;3:36:09;9:19:41
Rodrigo;Romero Garcia De La Cadena;MX;M25-29;Finish;55:19;3:04;4:52:56;5:20;3:23:03;9:19:42
Sébastien;Rodriguez;FR;M30-34;Finish;58:00;4:14;4:39:43;3:42;3:34:07;9:19:46
Nichloas;Burt;AU;M45-49;Finish;1:00:29;4:51;4:50:50;3:38;3:20:01;9:19:49
Tom;De Bruyn;BE;M30-34;Finish;1:04:59;3:29;4:34:40;3:31;3:33:21;9:20:00
Alessandro;Conzatti;IT;M25-29;Finish;56:46;3:45;4:33:12;3:48;3:42:37;9:20:08
Levi;Hauwert;AU;M30-34;Finish;55:28;3:04;4:41:10;2:50;3:37:44;9:20:16
Jacob;Lemholt;DK;M25-29;Finish;1:03:59;3:09;4:50:11;4:22;3:18:36;9:20:17
Matthieu;Journot;FR;M35-39;Finish;51:38;3:26;4:44:55;7:16;3:33:05;9:20:20
Luca;Vogelsang;CH;M25-29;Finish;1:06:08;3:14;4:55:21;4:05;3:11:37;9:20:25
Vincent;darcq;FR;M30-34;Finish;1:03:48;2:52;4:50:29;2:39;3:20:42;9:20:30
Jens;Dahlman;FI;M35-39;Finish;1:06:14;2:48;4:47:36;3:11;3:20:42;9:20:31
Gabriele;Indraccolo;IT;M40-44;Finish;58:08;3:05;4:50:37;4:39;3:24:08;9:20:37
Mitch;Vanhille;BE;M35-39;Finish;59:13;2:52;4:53:40;3:30;3:21:27;9:20:42
Bogumil;Gluszkowski;PL;M45-49;Finish;1:00:25;4:31;4:39:56;2:56;3:32:57;9:20:45
Silvan;Bruhin;CH;M25-29;Finish;1:00:15;2:44;4:46:44;3:00;3:28:14;9:20:57
Fred;Housham;NZ;M35-39;Finish;1:06:15;4:09;4:49:20;4:14;3:17:05;9:21:03
Yves;Depoorter;BE;M50-54;Finish;1:03:52;3:03;4:45:53;3:50;3:24:34;9:21:12
Ronan;Pavoni;PA;M45-49;Finish;1:00:10;3:18;4:35:58;2:23;3:39:27;9:21:16
Tom;Mort;AU;M30-34;Finish;1:00:16;2:59;4:48:08;3:10;3:26:44;9:21:17
Alvaro;Velez;CO;M30-34;Finish;59:02;4:36;4:45:41;4:46;3:27:12;9:21:17
Luca;Renzi;IT;M35-39;Finish;1:00:39;3:18;4:42:51;3:46;3:30:44;9:21:18
Robert;Pruksa;CH;M30-34;Finish;1:03:41;2:55;4:35:08;3:45;3:35:55;9:21:24
Declan;Doyle;IE;M45-49;Finish;1:11:22;3:53;4:42:24;3:48;3:20:01;9:21:28
Arnaud;Selukov;FR;M45-49;Finish;1:00:26;2:52;4:39:11;2:57;3:36:05;9:21:31
Jorge;Lopez Palenzuela;ES;M40-44;Finish;1:00:19;3:09;4:57:16;4:32;3:16:16;9:21:32
Marco;Corti;IT;M30-34;Finish;1:06:11;3:19;4:38:03;2:36;3:31:28;9:21:37
Arnaud;Edus;FR;M35-39;Finish;57:30;2:36;4:37:56;3:25;3:40:15;9:21:42
Yorch;Fuentes;MX;M35-39;Finish;51:52;2:25;4:45:53;5:09;3:36:25;9:21:44
Jappas;Dupreez;GB;M35-39;Finish;1:03:54;4:39;4:48:22;3:47;3:21:04;9:21:46
LIONEL;JOURDAN;FR;M40-44;Finish;1:07:23;3:36;4:43:11;4:02;3:23:42;9:21:54
Roy;Feldman;IL;M18-24;Finish;1:02:50;3:19;4:40:30;3:06;3:32:12;9:21:57
Christopher;Allen;US;M25-29;Finish;1:02:29;3:57;4:43:30;3:38;3:28:41;9:22:15
Brett;King;US;M30-34;Finish;53:18;2:37;4:51:15;4:53;3:30:12;9:22:15
Zachary;Carr;US;M40-44;Finish;1:03:07;3:27;4:36:07;3:58;3:35:39;9:22:18
Greg;Grosicki;US;M30-34;Finish;59:56;2:55;4:42:37;2:48;3:34:06;9:22:22
Anthony;Philippe;FR;M45-49;Finish;1:03:02;3:48;4:46:20;2:59;3:26:14;9:22:23
Aaron;Springhetti;US;M30-34;Finish;1:03:25;2:58;4:34:38;3:25;3:38:01;9:22:27
Nicolas;Hemet;FR;M40-44;Finish;56:42;3:58;4:42:13;2:53;3:36:45;9:22:31
Caleb;Noble;AU;M18-24;Finish;50:18;2:21;4:46:16;5:06;3:38:31;9:22:32
Peter;Marshman;AU;M35-39;Finish;1:01:34;5:22;4:43:16;3:19;3:29:02;9:22:33
Robert;Mohr;US;M30-34;Finish;1:00:36;3:54;4:50:45;3:26;3:23:53;9:22:34
Jake;Riley;AU;M30-34;Finish;1:05:08;2:51;4:32:54;3:32;3:38:13;9:22:38
Andres;Zimeri;GT;M25-29;Finish;1:02:44;3:38;4:49:17;3:19;3:23:50;9:22:48
Emilio;Lopez;ES;M35-39;Finish;1:06:55;2:33;4:50:03;3:30;3:19:49;9:22:50
John;Humble;SE;M25-29;Finish;1:00:39;3:19;4:42:46;5:06;3:31:02;9:22:52
Rowan;Vorster;ZA;M40-44;Finish;1:00:35;3:47;4:46:20;2:52;3:29:27;9:23:01
Philipp;Ellert;DE;M30-34;Finish;58:37;2:43;4:30:52;2:51;3:48:05;9:23:08
Nikolai;Jenkins;US;M35-39;Finish;1:03:46;2:50;4:43:44;4:28;3:28:24;9:23:12
Janette;Dommer;DK;F45-49;Finish;1:03:28;2:59;4:58:36;3:00;3:15:22;9:23:25
Xavier;Núñez Fauste;ES;M35-39;Finish;1:01:14;2:59;4:52:20;3:16;3:23:38;9:23:27
Henrique;Nicco;BR;M25-29;Finish;1:07:37;3:50;4:38:26;3:12;3:30:30;9:23:35
Ricard;Marí;ES;M35-39;Finish;59:03;2:28;4:48:30;4:09;3:29:32;9:23:42
Alexander;Martin;DE;M35-39;Finish;1:06:41;4:16;4:43:52;3:41;3:25:15;9:23:45
Christopher;Wallace;GB;M25-29;Finish;1:03:01;4:57;5:00:10;5:00;3:10:41;9:23:49
Andrei;Dudu;RO;M35-39;Finish;1:03:53;3:59;4:54:45;2:59;3:18:14;9:23:50
Mihai;Vigariu;RO;M30-34;Finish;59:04;2:41;4:42:49;3:00;3:36:16;9:23:50
Ryan;Snapp;US;M30-34;Finish;1:01:21;5:26;5:05:59;5:49;3:05:16;9:23:51
Petr;Lukosz;CZ;M35-39;Finish;1:07:15;5:33;4:43:46;4:18;3:23:01;9:23:53
Tom;D'Hoossche;BE;M40-44;Finish;1:09:45;2:45;4:45:38;4:56;3:20:53;9:23:57
Tom;Van Rossum;GB;M35-39;Finish;1:04:26;3:40;4:45:53;2:54;3:27:06;9:23:59
Pierre;Heynemand;CA;M50-54;Finish;1:02:21;3:00;4:47:44;3:42;3:27:15;9:24:02
David;Woog;DE;M25-29;Finish;58:43;3:01;4:57:44;4:28;3:20:09;9:24:05
Leonardo;Brettas;BR;M45-49;Finish;1:03:36;4:02;4:45:19;3:25;3:27:49;9:24:11
Gary;Johnstone;AU;M30-34;Finish;1:03:08;4:43;4:49:32;5:34;3:21:25;9:24:22
Jc;Holzerny;FR;M40-44;Finish;51:42;3:38;4:49:40;4:51;3:34:36;9:24:27
Tim;Koniarski;DE;M30-34;Finish;1:03:09;3:19;4:46:08;3:55;3:28:25;9:24:56
Donnacha;Holmes;IE;M40-44;Finish;1:05:29;3:49;4:52:39;4:57;3:18:21;9:25:15
Owen;Martin;IE;M45-49;Finish;1:05:57;5:31;4:41:39;7:40;3:24:28;9:25:15
Leigh;Chivers;AU;M35-39;Finish;57:45;4:42;4:49:18;6:13;3:27:20;9:25:18
Johan;Larsson;SE;M35-39;Finish;1:00:48;3:59;4:46:16;4:38;3:29:39;9:25:20
Thomas;Dessers;BE;M25-29;Finish;1:00:36;4:20;4:33:51;2:40;3:43:53;9:25:20
Sam;Elstob;NZ;M18-24;Finish;54:24;3:13;4:45:36;2:57;3:39:18;9:25:28
Chris;Zieman;US;M45-49;Finish;1:23:05;4:50;4:38:04;3:54;3:15:44;9:25:37
Rob;Dendle;AU;M30-34;Finish;1:13:23;4:44;4:44:20;3:12;3:20:09;9:25:48
Andrii;Onyshchenko;UA;M25-29;Finish;1:07:07;2:47;4:53:34;3:46;3:18:39;9:25:53
Frederik;Andersen;DK;M25-29;Finish;1:02:14;3:39;4:35:22;3:44;3:41:10;9:26:09
Xavier;Schneider;FR;M45-49;Finish;1:08:15;4:10;4:55:30;3:17;3:15:09;9:26:21
Stefaan;Veldeman;BE;M40-44;Finish;59:08;4:18;4:47:20;3:49;3:31:55;9:26:30
Andreas;Fuchs;AT;M40-44;Finish;1:01:58;2:25;4:34:46;3:15;3:44:09;9:26:33
Juan Antonio;Barbudi Herrera;ES;M40-44;Finish;1:01:14;2:52;4:51:56;4:02;3:26:50;9:26:54
Martin;Flinta;SE;M45-49;Finish;59:22;2:51;4:45:45;4:26;3:34:33;9:26:57
Pedro;Luiz Cerize;BR;M45-49;Finish;1:09:31;2:50;4:52:00;3:20;3:19:23;9:27:04
Ben;O'Neill;AU;M30-34;Finish;55:29;2:10;4:37:22;3:12;3:48:57;9:27:10
Pieter;Sacré;BE;M35-39;Finish;1:08:59;2:40;4:48:15;3:35;3:23:44;9:27:13
Fredrik;Ekström;SE;M40-44;Finish;1:06:15;3:28;4:43:41;3:58;3:29:58;9:27:20
Richard;Whitfield;GB;M35-39;Finish;57:52;3:16;4:33:00;3:09;3:50:12;9:27:29
Jan;Stelzner;DE;M30-34;Finish;1:01:23;3:03;4:56:19;3:11;3:23:44;9:27:40
Harri;Sokk;EE;M30-34;Finish;59:24;3:40;4:36:50;2:55;3:45:00;9:27:49
Shen Yen;Hsieh;TW;M30-34;Finish;51:28;3:06;4:38:48;6:15;3:48:15;9:27:52
Dane;Roberts;AU;M30-34;Finish;53:26;2:34;4:51:00;3:01;3:37:54;9:27:55
David;Nicholls;GB;M30-34;Finish;1:02:26;2:52;4:56:06;4:06;3:22:26;9:27:56
Claas;Bradler;DE;M35-39;Finish;56:26;2:43;4:50:17;5:22;3:33:14;9:28:02
Stephan;Weber;DE;M40-44;Finish;1:02:07;3:25;4:50:52;3:24;3:28:16;9:28:04
Kurt;Lichtkoppler;AT;M45-49;Finish;1:07:12;4:22;4:49:04;4:49;3:22:50;9:28:17
Mikael;Nelker;SE;M40-44;Finish;1:04:49;4:08;4:46:45;5:54;3:26:52;9:28:28
Nathan;Taylor;AU;M45-49;Finish;1:00:26;2:59;4:47:42;3:45;3:33:51;9:28:43
Andre;Teixeira;BR;M35-39;Finish;1:05:41;3:04;4:57:10;5:40;3:17:13;9:28:48
Christina;Svejstrup;DK;F35-39;Finish;1:09:12;3:12;4:55:10;4:01;3:17:13;9:28:48
Jochen;Müller;DE;M40-44;Finish;58:33;2:43;4:46:09;3:20;3:38:13;9:28:58
Marius;Elvedal;NO;M30-34;Finish;58:58;2:01;4:34:35;2:29;3:51:13;9:29:16
Maarten;Seghers;BE;M35-39;Finish;56:24;2:32;4:36:36;4:14;3:49:34;9:29:20
Andy;Wibowo;ID;M35-39;Finish;53:30;3:51;4:46:21;3:07;3:42:39;9:29:28
Morten;Jørgensen;DK;M30-34;Finish;1:00:14;3:32;4:24:38;3:05;3:58:03;9:29:32
Andreas;Gehrer;AT;M35-39;Finish;1:02:22;2:35;4:55:43;3:59;3:24:55;9:29:34
Lukas;Neubeck;DE;M40-44;Finish;1:04:51;4:13;4:46:21;4:04;3:30:07;9:29:36
Christopher;Tommila;US;M25-29;Finish;1:02:19;5:42;4:47:44;4:48;3:29:03;9:29:36
Michael;Wetzel;DE;M30-34;Finish;1:04:45;2:39;4:46:11;3:17;3:32:46;9:29:38
Raynard;Picard;MX;M35-39;Finish;1:08:11;3:16;4:53:03;5:11;3:19:59;9:29:40
Christian;Varley;IM;M30-34;Finish;1:18:48;5:07;4:47:54;3:49;3:14:06;9:29:44
Steve;Eccleston;AU;M40-44;Finish;1:01:26;4:38;4:57:46;3:24;3:22:52;9:30:06
Laurent;Jalabert;FR;M50-54;Finish;1:10:17;4:45;4:31:38;3:22;3:40:06;9:30:08
Dmitrii;Liber;RU;M35-39;Finish;57:59;4:01;4:52:57;4:24;3:30:51;9:30:12
Tomaz;Kovac;SI;M45-49;Finish;1:01:26;3:10;4:50:23;4:17;3:30:57;9:30:13
Bob;Mcrae;US;M50-54;Finish;1:02:45;3:29;4:37:30;5:19;3:41:18;9:30:21
Vincent;Dimassa;US;M25-29;Finish;1:09:32;3:18;4:50:44;4:15;3:22:42;9:30:31
Gustavo;Santos;BR;M25-29;Finish;55:44;3:01;4:50:24;3:45;3:37:43;9:30:37
Steve;Morris;US;M25-29;Finish;53:46;4:06;4:55:48;4:48;3:32:11;9:30:39
Joe;Adriaens;US;M30-34;Finish;1:00:20;3:46;4:47:46;3:49;3:35:08;9:30:49
Alan;Blakie;GB;M35-39;Finish;1:04:34;4:04;4:48:02;3:58;3:30:18;9:30:56
Martin;Wonke;DE;M30-34;Finish;1:13:42;4:07;4:47:02;4:06;3:22:05;9:31:02
Lior;Zach-Maor;IL;M45-49;Finish;56:50;3:08;4:50:56;4:19;3:36:00;9:31:13
Magnus;Anderson;AU;M30-34;Finish;1:01:15;2:31;4:38:18;2:38;3:46:35;9:31:17
Ted;Breault;US;M45-49;Finish;1:01:22;3:50;4:58:06;7:04;3:20:58;9:31:20
Patrick;Mccrann;US;M40-44;Finish;1:06:59;3:09;4:45:16;5:28;3:30:29;9:31:21
PABLO;URETA;AR;M35-39;Finish;57:18;2:20;4:50:56;4:10;3:36:37;9:31:21
Michael;Hill;US;M30-34;Finish;50:16;3:11;4:45:23;3:55;3:48:39;9:31:24
Nicholas;Browne;NZ;M35-39;Finish;1:01:29;3:24;4:47:53;2:42;3:36:12;9:31:40
Robert;Fryer;GB;M30-34;Finish;56:02;3:19;4:46:05;3:10;3:43:04;9:31:40
Thorstein;Gystad;DK;M50-54;Finish;1:08:34;3:59;4:51:02;4:15;3:23:59;9:31:49
Alexander;Lang;DE;M50-54;Finish;1:03:41;2:35;4:36:46;3:20;3:45:32;9:31:54
Taihei;Kamiya;JP;M30-34;Finish;1:04:53;2:57;4:58:26;4:33;3:21:11;9:32:00
Thomas;Goetz;CH;M45-49;Finish;1:06:19;6:13;4:49:23;4:39;3:25:30;9:32:04
Jan;Škabrada;CZ;M45-49;Finish;1:01:43;3:02;4:34:48;3:07;3:49:31;9:32:11
Joel;Junod;CH;M30-34;Finish;1:00:47;2:33;4:48:10;4:32;3:36:12;9:32:14
Peter;Nielsen;DK;M25-29;Finish;1:06:18;3:34;4:54:52;2:47;3:24:50;9:32:21
Ciaran;Byrne;IE;M45-49;Finish;1:08:17;3:57;4:47:25;3:51;3:28:53;9:32:23
Victor;Doronin;RU;M35-39;Finish;1:09:55;3:45;5:05:14;2:30;3:11:12;9:32:36
Nicholas;Brown;US;M35-39;Finish;56:54;3:13;4:49:53;3:20;3:39:23;9:32:43
Jeff;Scarella;US;M35-39;Finish;59:12;3:21;4:39:42;4:25;3:46:08;9:32:48
Franck;Martin;FR;M40-44;Finish;50:17;2:31;4:47:08;4:18;3:48:40;9:32:54
Sam;Colvin;AU;M25-29;Finish;1:00:54;5:16;4:59:54;3:50;3:23:02;9:32:56
Vladimir;Demjantsuk;EE;M35-39;Finish;59:44;4:18;4:56:25;3:56;3:28:50;9:33:13
Victor;Osokin;RU;M35-39;Finish;1:09:29;3:01;4:38:59;4:10;3:37:46;9:33:25
Ruth;Astle;GB;F25-29;Finish;1:03:20;2:32;4:52:43;2:48;3:32:23;9:33:46
Gianmaria;Tiozzo;IT;M25-29;Finish;1:04:31;5:26;5:00:46;5:18;3:17:59;9:34:00
Dirk;Schnöring;DE;M35-39;Finish;1:06:31;3:27;5:00:26;4:02;3:19:36;9:34:02
Martin;Bravo;AR;M40-44;Finish;1:04:15;3:14;5:07:07;3:20;3:16:07;9:34:03
Benjamin;Wyllie;AU;M40-44;Finish;55:46;5:08;4:46:54;5:06;3:41:12;9:34:06
Alexis;Sicard;FR;M30-34;Finish;58:38;3:30;4:50:51;3:50;3:37:20;9:34:09
Carlos Andres;Sequeira Guzman;CR;M40-44;Finish;1:03:37;4:41;4:49:50;3:55;3:32:10;9:34:13
Mario;Machado;PT;M45-49;Finish;1:01:25;4:05;4:39:54;3:55;3:45:13;9:34:32
Magnus;Michelsson;AU;M50-54;Finish;51:56;3:33;5:07:51;3:41;3:27:33;9:34:34
Chris;Breheny;AU;M30-34;Finish;1:00:51;3:49;4:53:54;4:43;3:31:21;9:34:38
Mohammad;Al Qais;BH;M30-34;Finish;1:11:56;3:45;4:56:33;4:28;3:18:02;9:34:44
Albert Jose;Gonzalvo;ES;M35-39;Finish;1:13:26;4:25;4:55:15;4:00;3:17:39;9:34:45
Cadeyrn;Douglas;AU;M30-34;Finish;1:03:08;5:28;4:55:39;5:25;3:25:14;9:34:54
Stephane;Rit;FR;M45-49;Finish;1:08:33;4:22;4:50:40;3:14;3:28:09;9:34:58
Christoph;Luginbühl;CH;M35-39;Finish;1:05:03;3:39;4:40:58;8:15;3:37:06;9:35:01
Ernesto;Espinoza;CR;M35-39;Finish;54:34;4:06;4:51:55;1:52;3:42:37;9:35:04
Axel;Beci;ES;M35-39;Finish;1:08:52;2:40;4:50:50;3:41;3:29:06;9:35:09
Benjamin;Weigel;DE;M25-29;Finish;1:00:42;3:38;4:49:38;4:29;3:36:52;9:35:19
Daniel;Anderton;GB;M25-29;Finish;1:04:00;3:22;5:01:48;4:20;3:21:52;9:35:22
Pascal;Rojas Calvo;FR;M50-54;Finish;1:01:40;3:44;4:48:03;3:56;3:38:10;9:35:33
Mariusz;Pirek;PL;M30-34;Finish;1:02:00;2:31;4:36:05;3:06;3:51:54;9:35:36
Jaryd;De Mooij;BE;M30-34;Finish;1:00:45;3:00;4:39:38;3:21;3:49:03;9:35:47
Andreas;Wolpert;DE;M35-39;Finish;1:04:08;3:20;4:45:42;4:20;3:38:17;9:35:47
Christian;Faessler;CH;M25-29;Finish;58:28;3:17;4:43:45;3:59;3:46:22;9:35:51
Rob;Shannon;AU;M35-39;Finish;58:13;2:58;4:45:03;2:47;3:46:50;9:35:51
Dean;Galt;NZ;M45-49;Finish;1:05:35;3:12;4:49:04;3:30;3:34:30;9:35:51
David;Bonnal;FR;M40-44;Finish;55:09;2:30;4:41:58;3:06;3:53:14;9:35:57
Ryan;Blesing;AU;M30-34;Finish;1:03:16;4:55;4:47:36;4:53;3:35:19;9:35:59
Chris;Tomkinson;CA;M50-54;Finish;1:01:54;3:09;4:54:22;3:54;3:32:40;9:35:59
Alexandre;Delort;FR;M40-44;Finish;1:01:29;3:20;4:40:32;2:58;3:47:44;9:36:03
Nicolas;Martin;FR;M18-24;Finish;55:27;3:31;4:46:53;4:18;3:45:56;9:36:05
Johannes;Polak;AT;M35-39;Finish;58:20;2:42;4:44:43;4:20;3:46:01;9:36:06
Wolfgang;Schmatz;DE;M55-59;Finish;1:07:24;3:44;4:51:26;3:22;3:30:12;9:36:08
Rafael;Ruppel;DE;M30-34;Finish;1:07:15;3:11;4:52:33;4:52;3:28:20;9:36:11
Luca;Killick;NZ;M25-29;Finish;1:04:59;3:36;4:49:49;3:58;3:33:51;9:36:13
Jc;Heslinga;ZA;M45-49;Finish;1:07:19;4:05;5:02:24;3:52;3:18:36;9:36:16
Philipp;Buchli;CH;M35-39;Finish;1:09:58;3:20;4:58:21;2:45;3:21:53;9:36:17
Dominique;Meier;CH;M25-29;Finish;1:03:46;3:06;4:54:44;3:13;3:31:35;9:36:24
Tessa;Kortekaas;NL;F30-34;Finish;1:05:06;2:20;4:56:43;2:27;3:29:50;9:36:26
Eric;Engel;US;M30-34;Finish;1:01:18;3:02;4:43:33;3:31;3:45:07;9:36:31
Jan-Morten;Ra;NO;M35-39;Finish;57:58;3:11;4:48:32;3:43;3:43:14;9:36:38
Dani;Henggeler;CH;M45-49;Finish;1:03:34;4:14;4:53:12;3:35;3:32:10;9:36:45
Thomas;Schlohmann;DE;M35-39;Finish;1:03:37;4:45;4:55:29;3:10;3:29:47;9:36:48
Bart;Mathys;BE;M40-44;Finish;1:01:33;3:15;4:41:22;3:14;3:47:28;9:36:52
Rick;Lapinski;US;M35-39;Finish;1:00:46;3:15;4:46:51;4:48;3:41:15;9:36:55
Daniel;Bartelle;BR;M40-44;Finish;1:09:43;4:40;4:44:42;3:57;3:33:57;9:36:59
Gord;Henderson;CA;M45-49;Finish;55:37;3:57;4:49:40;5:16;3:42:31;9:37:01
Javier;Peiretti;AR;M40-44;Finish;1:01:26;2:45;4:50:36;4:40;3:37:38;9:37:05
Amit;Shaked;IL;M35-39;Finish;1:04:30;3:44;4:50:46;4:33;3:33:37;9:37:10
Michael;Mccarron;IE;M35-39;Finish;1:03:27;3:42;4:49:55;4:32;3:35:35;9:37:11
shaun;sprentall;US;M25-29;Finish;1:02:32;4:57;4:49:59;5:32;3:34:13;9:37:13
Fernando;Aiello;ES;M40-44;Finish;1:06:13;4:17;5:04:04;5:30;3:17:12;9:37:16
Erik;Doornbos;NL;M35-39;Finish;1:01:58;3:55;4:44:31;4:56;3:41:59;9:37:19
Bonieck;Clemente;BR;M35-39;Finish;55:30;3:38;4:58:08;4:48;3:35:18;9:37:22
Richard;Curling;GB;M30-34;Finish;1:01:27;4:04;4:54:30;4:06;3:33:17;9:37:24
Daniel;Westermark;SE;M35-39;Finish;58:11;2:30;4:50:47;3:00;3:42:58;9:37:26
Auke;Geurts De Leng;NL;M45-49;Finish;1:01:05;3:53;4:53:49;4:29;3:34:10;9:37:26
Daniel;Bluff;GB;M18-24;Finish;1:01:30;2:33;4:33:58;2:26;3:57:05;9:37:32
Vicente;Jara;ES;M45-49;Finish;1:01:02;3:39;4:51:44;3:35;3:37:37;9:37:37
Marco;Guarino;CH;M40-44;Finish;1:04:44;3:16;4:41:04;4:31;3:44:12;9:37:47
Rodrigo;Cuccaro;AR;M45-49;Finish;1:00:59;3:24;4:44:28;3:01;3:46:02;9:37:54
Kenji;Takeya;JP;M45-49;Finish;1:13:16;3:04;4:47:04;5:15;3:29:16;9:37:55
Francky;Favre;MQ;M40-44;Finish;1:00:28;3:48;4:42:37;3:29;3:47:41;9:38:03
Sami;Kotilainen;FI;M45-49;Finish;57:16;3:21;4:44:50;3:55;3:48:50;9:38:12
Michael;Stanek;US;M30-34;Finish;1:01:41;3:10;4:48:32;3:54;3:40:57;9:38:14
Thomas;Kröll;DE;M50-54;Finish;1:08:28;2:56;4:50:19;3:15;3:33:21;9:38:19
Andreas;Kiso;DE;M50-54;Finish;1:11:55;3:23;4:54:45;3:30;3:24:47;9:38:20
Sebastiaan;Verhaert;BE;M40-44;Finish;1:03:34;3:09;4:53:03;4:35;3:34:01;9:38:22
Robert;De Korte;NL;M25-29;Finish;1:03:52;2:59;4:40:39;4:48;3:46:07;9:38:25
Marcin;Lipowski;PL;M35-39;Finish;1:04:26;3:38;4:42:56;3:12;3:44:15;9:38:27
Edmilson;Pereira;BR;M25-29;Finish;53:13;2:43;4:48:12;3:23;3:51:16;9:38:47
Tamara;Hitz;DE;F25-29;Finish;57:03;2:30;5:09:15;2:59;3:27:01;9:38:48
Markus;Brown;AU;M35-39;Finish;1:03:33;3:16;4:57:20;2:51;3:31:54;9:38:54
Matti;Weitz;DE;M25-29;Finish;1:00:16;2:21;4:46:06;3:54;3:46:21;9:38:58
Sébastien;Baillot;FR;M30-34;Finish;56:30;5:47;5:10:28;6:17;3:19:59;9:39:01
Jeff;Beckman;US;M45-49;Finish;1:07:34;4:34;4:52:19;3:35;3:31:02;9:39:04
Gabriele;Vergano;IT;M40-44;Finish;59:37;4:41;4:55:33;3:24;3:36:01;9:39:16
Luís;Mira Nunes;PT;M45-49;Finish;1:13:06;2:47;4:56:16;3:27;3:23:41;9:39:17
Lyle ;Hansen;ZA;M40-44;Finish;55:25;2:50;5:08:56;3:58;3:28:13;9:39:22
Sam;Gydé;BE;M40-44;Finish;1:06:28;3:27;4:41:05;4:30;3:43:59;9:39:29
Martin;Hauf;DE;M40-44;Finish;1:12:27;3:45;4:56:14;4:33;3:22:36;9:39:35
Rodrigo;Memmo;AR;M30-34;Finish;1:08:25;3:06;4:55:32;4:25;3:28:19;9:39:47
Anthony;Cowan;NZ;M45-49;Finish;1:03:18;3:36;4:59:44;6:45;3:26:41;9:40:04
Benjamin;Hall;GB;M25-29;Finish;1:10:23;2:29;5:00:48;2:40;3:23:54;9:40:14
Peter;Seidler;DK;M35-39;Finish;56:21;3:49;4:46:18;5:37;3:48:21;9:40:26
Romain;Christe;CH;M45-49;Finish;1:07:27;3:29;4:44:48;4:03;3:40:41;9:40:28
Alexander;Wolf;DE;M50-54;Finish;1:04:33;3:47;4:59:39;2:55;3:29:34;9:40:28
Mark;Higgins;IE;M35-39;Finish;55:35;2:57;4:40:54;5:04;3:56:05;9:40:35
Dmitrii;Zaloga;RU;M25-29;Finish;1:03:38;4:15;4:55:19;4:08;3:33:23;9:40:43
Ty;Gill;US;M18-24;Finish;1:06:05;4:51;4:53:57;4:50;3:31:04;9:40:47
Ian;Lack;AU;M45-49;Finish;1:02:28;2:54;4:54:53;3:06;3:37:31;9:40:52
Ronny;Kern;DE;M40-44;Finish;1:06:50;4:30;4:54:33;4:34;3:30:31;9:40:58
David;Wild;US;M30-34;Finish;55:48;5:41;4:44:46;5:58;3:48:48;9:41:01
Gregory;Binns;US;M35-39;Finish;1:00:20;3:31;4:41:35;4:03;3:51:41;9:41:10
Scott;Mingay;US;M30-34;Finish;59:07;3:05;4:40:17;4:03;3:54:41;9:41:13
Ivan;Buzanov;RU;M40-44;Finish;1:07:59;4:25;4:47:57;3:29;3:37:49;9:41:39
Phillip;Becker;DE;M45-49;Finish;1:05:41;3:11;4:41:27;2:29;3:49:06;9:41:54
Nathan;Sandford;AU;M35-39;Finish;1:03:27;5:47;4:44:00;4:13;3:44:40;9:42:07
Dirk;Niederau;DE;M45-49;Finish;53:48;4:31;4:38:36;4:38;4:00:38;9:42:11
David;Diaz;VE;M35-39;Finish;1:03:48;3:30;4:48:20;3:46;3:42:50;9:42:14
Nathan;Murray;CA;M35-39;Finish;1:11:56;2:26;4:51:34;3:13;3:33:10;9:42:19
Joost;Van Rens;NL;M40-44;Finish;1:02:49;4:16;4:51:04;3:24;3:40:53;9:42:26
Gustavo;Gennari;BR;M40-44;Finish;1:03:50;3:31;4:49:12;3:56;3:42:11;9:42:40
Marcos Felipe Mendes;Lopes;BR;M40-44;Finish;1:00:39;3:45;4:48:53;4:56;3:44:28;9:42:41
Martin;Trzensiok;DE;M45-49;Finish;1:16:43;4:03;4:56:52;3:28;3:21:44;9:42:50
Philipp;Sahm;DE;M35-39;Finish;1:01:41;3:20;4:58:16;3:48;3:35:47;9:42:52
Scott;Layton;US;M40-44;Finish;1:04:50;4:15;4:52:30;3:14;3:38:11;9:43:00
Brochan;Watts;GB;M35-39;Finish;56:51;2:13;4:57:31;3:55;3:42:30;9:43:00
Daniel;Fasanelli;FR;M50-54;Finish;1:01:38;4:27;5:06:02;4:14;3:26:42;9:43:03
Philippe;Vogt;CH;M18-24;Finish;1:04:42;3:23;4:41:19;5:05;3:48:36;9:43:05
Jorge;González Alvarez;ES;M40-44;Finish;1:00:32;3:35;4:58:03;3:09;3:37:48;9:43:07
Klodian;Mitri;US;M25-29;Finish;1:04:41;2:45;4:57:22;3:39;3:34:46;9:43:13
Sergey;Novikov;RU;M45-49;Finish;58:21;3:17;4:47:54;4:49;3:48:54;9:43:15
James;Defilippi;US;M40-44;Finish;59:04;3:11;4:46:40;5:10;3:49:20;9:43:25
Oscar;Rosingana Caballero;ES;M45-49;Finish;1:04:52;4:13;5:17:40;5:08;3:11:35;9:43:28
Joao;arteche;BR;M35-39;Finish;54:31;2:57;4:52:12;4:19;3:49:39;9:43:38
Barbara;Scherrer;CH;F30-34;Finish;1:02:23;3:43;4:55:07;3:33;3:39:01;9:43:47
Thomas;Carvalho;BR;M18-24;Finish;1:00:22;3:21;4:55:57;3:06;3:41:05;9:43:51
Pascal;Bosshard;CH;M40-44;Finish;1:04:22;4:02;4:34:04;5:18;3:56:08;9:43:54
Carlos;Moncada;CR;M35-39;Finish;56:52;2:59;4:51:54;4:34;3:47:41;9:44:00
Luk;Tijsmans;BE;M45-49;Finish;1:01:33;6:02;4:59:05;5:40;3:31:43;9:44:03
Max;Teichert;DE;M30-34;Finish;1:04:29;4:25;5:02:39;3:56;3:28:44;9:44:13
Sergio;Ramirez;SV;M40-44;Finish;1:03:37;4:36;4:53:25;3:26;3:39:27;9:44:31
Emmet;Kelly;IE;M35-39;Finish;1:04:38;4:44;5:11:58;3:03;3:20:10;9:44:33
Ryan;Ung;US;M30-34;Finish;1:03:02;3:55;5:03:50;3:32;3:30:16;9:44:35
Hilary;Fenton;US;F25-29;Finish;1:04:13;3:42;5:05:26;3:34;3:27:43;9:44:38
Fredrik;Haglund;SE;M45-49;Finish;53:06;2:52;4:43:23;3:42;4:01:37;9:44:40
Joshua;Mcmahon;AU;M30-34;Finish;59:40;4:16;4:51:28;4:03;3:45:24;9:44:51
Guilherme;Tamega;BR;M45-49;Finish;1:02:36;3:42;4:51:26;3:51;3:43:31;9:45:06
Jaime;Menendez De Luarca;ES;M40-44;Finish;56:12;2:55;4:56:28;3:48;3:45:49;9:45:12
Karel;Sumbal;CZ;M40-44;Finish;1:04:44;3:01;5:17:27;4:12;3:15:50;9:45:14
Dean;Kirkham;GB;M45-49;Finish;1:10:14;3:20;5:00:46;3:49;3:27:07;9:45:16
Samuel;Roy;CA;M18-24;Finish;57:52;3:01;4:53:51;4:25;3:46:09;9:45:18
Alexander;Kunze;DE;M45-49;Finish;1:15:13;2:46;5:14:59;3:14;3:09:10;9:45:22
Eliot;Scymanski;US;M25-29;Finish;52:58;3:41;4:35:55;3:46;4:09:16;9:45:36
Niels;Halatsch;DE;M30-34;Finish;59:27;4:16;4:48:04;3:37;3:50:15;9:45:39
Fernando Jose;Terrez Lopez;ES;M45-49;Finish;1:04:21;3:28;5:16:19;3:34;3:17:59;9:45:41
Felipe;Sajulga;PH;M35-39;Finish;1:11:34;4:02;4:59:48;3:43;3:26:35;9:45:42
Sebastian;Borowik;PL;M40-44;Finish;1:15:48;3:44;4:47:34;4:19;3:34:22;9:45:47
John;Wiygul;US;M25-29;Finish;1:03:22;3:05;4:41:35;3:21;3:54:27;9:45:50
Jaray;Jearanai;TH;M35-39;Finish;59:16;4:11;4:53:01;4:15;3:45:10;9:45:53
Ariel;Lenharo;BR;M35-39;Finish;1:01:16;4:21;4:53:00;3:12;3:44:11;9:46:00
Mark;Zanker;AU;M35-39;Finish;1:00:41;2:53;4:47:09;3:32;3:51:45;9:46:00
Domen;Denša;SI;M40-44;Finish;58:51;3:45;4:54:21;4:43;3:44:21;9:46:01
Piersngela;Dezerega;CL;F30-34;Finish;1:06:08;4:12;5:07:09;3:01;3:25:33;9:46:03
David;Zimmet;US;M40-44;Finish;59:09;4:03;4:53:10;6:12;3:43:30;9:46:04
Mitch;Baker;AU;M25-29;Finish;1:04:59;4:33;4:58:15;3:37;3:34:40;9:46:04
Christian;Schwab;DE;M45-49;Finish;58:02;5:24;4:54:36;5:23;3:42:48;9:46:13
Sione;Jongstra;NL;F40-44;Finish;59:40;2:33;5:04:51;2:37;3:36:37;9:46:18
Allan;Jakobsen;DK;M40-44;Finish;59:10;3:11;4:49:23;5:50;3:48:45;9:46:19
Paulo;Henrique Manzini;BR;M40-44;Finish;1:04:10;2:55;4:49:40;3:36;3:46:09;9:46:30
Vidar;Kvernvold;NO;M45-49;Finish;1:12:13;3:57;4:56:27;3:37;3:30:20;9:46:34
Justin;Burrows;BS;M30-34;Finish;1:03:19;3:57;5:02:54;3:53;3:32:33;9:46:36
Hannes;Aichholzer;AT;M50-54;Finish;1:06:28;3:22;4:49:11;4:28;3:43:13;9:46:42
Bernard;Stephane;FR;M40-44;Finish;1:06:07;3:24;4:52:01;3:05;3:42:12;9:46:49
Alain;Schutjes;BE;M45-49;Finish;1:06:32;5:37;4:40:01;5:18;3:49:27;9:46:55
Artur;Zawadzki;PL;M40-44;Finish;1:06:05;3:21;4:45:52;5:48;3:45:54;9:47:00
Mikael;Kjellander;SE;M35-39;Finish;1:08:05;3:20;4:51:14;3:26;3:40:56;9:47:01
Ryan;Brown;CA;M30-34;Finish;58:58;4:53;4:55:05;4:44;3:43:24;9:47:04
Edouard;Entraygues;FR;M45-49;Finish;54:22;2:44;5:00:42;3:12;3:46:07;9:47:07
Michael;Scully;IE;M30-34;Finish;1:06:07;6:46;5:08:20;6:10;3:19:56;9:47:19
Antoine;Gonon;FR;M40-44;Finish;56:52;3:33;4:56:27;5:27;3:45:05;9:47:24
Jon;Morton;CA;M35-39;Finish;59:02;4:13;4:48:42;5:44;3:49:45;9:47:26
Kenny;York;US;M40-44;Finish;1:08:16;4:15;4:40:00;5:02;3:50:05;9:47:38
Dan;Arlandson;US;M40-44;Finish;1:01:02;4:12;4:50:05;9:18;3:43:08;9:47:45
Patrick;Roos;DE;M40-44;Finish;1:09:02;3:38;4:56:45;3:40;3:34:46;9:47:51
Grant;Hornsby;AU;M40-44;Finish;1:03:25;3:18;4:54:06;2:23;3:45:03;9:48:15
Benjamin;Veltum;DE;M30-34;Finish;1:05:32;10:23;5:01:21;6:40;3:24:22;9:48:18
Martin;Parent;CA;M30-34;Finish;1:02:19;3:21;4:53:23;4:11;3:45:11;9:48:25
Amelia;Henderson;US;F25-29;Finish;1:09:23;2:35;4:59:20;2:32;3:34:44;9:48:34
Sharon;Schmidt-Mongrain;US;F40-44;Finish;1:03:04;3:35;5:08:14;3:00;3:30:46;9:48:39
Kilian;Limmer;DE;M18-24;Finish;1:07:58;3:07;5:00:30;4:02;3:33:03;9:48:40
Christof;Schmidt;DE;M45-49;Finish;59:53;4:25;4:45:03;5:57;3:53:22;9:48:40
Kevin;Wessinger;CA;M45-49;Finish;1:05:05;3:19;4:47:05;6:13;3:46:58;9:48:40
Gustavo;Cezar;BR;M30-34;Finish;59:35;3:46;4:49:11;5:22;3:50:47;9:48:41
Hayato;Kawahara;JP;M40-44;Finish;59:05;4:49;5:14:37;4:54;3:25:17;9:48:42
Arthur;Ferraz;BR;M35-39;Finish;53:42;2:47;4:33:53;3:44;4:14:39;9:48:45
Scott;Hill;GB;M35-39;Finish;1:05:24;3:33;4:35:10;3:12;4:01:26;9:48:45
Ruben;Ramajo Farre;ES;M35-39;Finish;1:10:41;4:40;4:57:42;3:38;3:32:04;9:48:45
Jacqui;Giuliano;US;F30-34;Finish;1:07:36;3:22;5:16:43;3:46;3:17:21;9:48:48
Chris;Pike;GB;M35-39;Finish;1:04:53;3:11;4:53:27;3:19;3:44:01;9:48:51
Gary;Laybourne;GB;M35-39;Finish;1:00:27;3:12;4:49:37;7:39;3:47:57;9:48:52
Shinichiro;Arai;JP;M50-54;Finish;1:03:53;4:13;4:52:48;5:49;3:42:27;9:49:10
Bradley;Fleming;ZA;M35-39;Finish;1:02:51;2:53;5:04:05;2:34;3:36:48;9:49:11
Joe;Spraggins;GB;M25-29;Finish;1:11:59;4:18;4:53:59;4:23;3:34:36;9:49:15
Felipe;Manalich;CL;M35-39;Finish;58:38;3:46;4:48:31;9:17;3:49:05;9:49:17
Benjamin;Besse;US;M25-29;Finish;59:13;3:17;4:43:59;3:12;3:59:40;9:49:21
Stéphane;Daudrix;FR;M45-49;Finish;1:05:02;4:18;5:05:12;4:48;3:30:05;9:49:25
Amy;Farrell;US;F40-44;Finish;1:06:03;3:18;5:01:20;2:39;3:36:10;9:49:30
Thomas;Trauger;US;M55-59;Finish;1:04:46;3:26;4:53:40;3:27;3:44:13;9:49:32
Ricky;Leyonhjelm;AU;M25-29;Finish;1:01:51;3:52;4:53:08;3:46;3:47:00;9:49:37
Mikko;Laine;FI;M45-49;Finish;1:01:08;3:37;4:50:50;3:18;3:50:46;9:49:39
Andrew;Perry;AU;M30-34;Finish;1:04:24;2:36;4:36:29;2:42;4:03:28;9:49:39
Marc Stefan;Jauner-Dall;CH;M45-49;Finish;1:03:40;3:20;4:35:02;4:52;4:02:46;9:49:40
Mathew;Pears;GB;M30-34;Finish;51:53;2:21;4:42:02;3:32;4:09:53;9:49:41
Georg;Schweighofer;AT;M50-54;Finish;1:13:02;5:05;4:55:30;5:02;3:31:06;9:49:45
Jackson;Brazzale;AU;M25-29;Finish;1:10:13;3:20;4:47:56;3:55;3:44:22;9:49:46
Elliot-Olivier;Pellerin;CA;M30-34;Finish;1:01:45;5:21;4:58:35;5:18;3:38:51;9:49:50
Katrin;Esefeld;DE;F35-39;Finish;1:07:58;2:37;5:05:08;2:59;3:31:16;9:49:58
Andres;Amione;AR;M45-49;Finish;1:03:38;2:24;5:15:48;3:42;3:24:31;9:50:03
Andre;Weber;CH;M40-44;Finish;1:13:20;4:27;4:55:05;5:45;3:31:36;9:50:13
Richard;Macdonald;CA;M40-44;Finish;1:03:31;3:32;5:03:30;4:01;3:35:48;9:50:22
Tomer;Shahar;FI;M40-44;Finish;1:04:21;2:57;4:56:00;5:16;3:41:53;9:50:27
Roger;Thompson;US;M45-49;Finish;57:50;5:41;4:57:18;4:10;3:45:30;9:50:29
Ronny;Seidel;DE;M35-39;Finish;1:01:25;4:46;4:59:57;5:19;3:39:06;9:50:33
Guillaume;Montoisy;BE;M30-34;Finish;55:31;4:06;4:39:59;3:43;4:07:15;9:50:34
Ryan;Kennedy;US;M40-44;Finish;1:13:32;3:38;5:06:31;3:36;3:23:19;9:50:36
Joshua;Randall;US;M35-39;Finish;1:01:43;3:38;4:29:54;5:48;4:09:40;9:50:43
Edo;Van Der Meer;NL;M30-34;Finish;53:11;2:27;5:04:11;4:03;3:47:08;9:51:00
Petr;Michovsky;CZ;M45-49;Finish;1:07:36;2:34;4:54:42;3:14;3:42:57;9:51:03
Ryan;Bickerstaff;US;M35-39;Finish;55:27;2:33;4:49:44;4:17;3:59:04;9:51:05
Jef;Van Meirhaeghe;BE;M25-29;Finish;1:03:19;2:57;4:25:47;4:28;4:14:37;9:51:08
Fabien;Besancon;FR;M30-34;Finish;55:22;5:08;4:59:08;4:47;3:46:49;9:51:14
Danny;Van Rompaey;BE;M45-49;Finish;59:15;3:44;4:50:46;4:35;3:52:56;9:51:16
Julian;Schepp;DE;M30-34;Finish;1:12:37;5:08;4:59:32;6:44;3:27:19;9:51:20
Steven;Newman;AU;M40-44;Finish;1:07:30;2:43;4:40:20;5:50;3:55:00;9:51:23
Moritz;Gmelin;DE;M40-44;Finish;59:11;2:29;4:50:40;4:22;3:54:50;9:51:32
Nick;Rose;GB;M45-49;Finish;1:05:44;3:17;4:52:01;4:16;3:46:18;9:51:36
Tarik;Arcoverde Ribeiro Costa;BR;M40-44;Finish;53:12;4:18;4:56:33;4:26;3:53:12;9:51:41
Eric;Hodska;US;M50-54;Finish;1:01:50;4:16;4:46:35;5:41;3:53:25;9:51:47
Kyle;Hummel;US;M35-39;Finish;1:01:17;2:48;4:45:15;3:41;3:58:50;9:51:51
Kevin;Pickard;CA;M45-49;Finish;53:08;3:28;5:09:27;3:45;3:42:07;9:51:55
Brian;Lambert;US;M35-39;Finish;1:01:23;3:29;4:47:43;3:49;3:55:37;9:52:01
Hermann;Scheiring;DE;M60-64;Finish;1:04:44;3:05;5:10:41;3:28;3:30:10;9:52:08
Norbert;Kocsis;HU;M35-39;Finish;1:01:54;4:05;4:54:40;9:54;3:41:54;9:52:27
Jin;Oshima;JP;M25-29;Finish;1:08:30;2:59;5:14:05;4:58;3:22:04;9:52:36
Hendrik;Meth;DE;M40-44;Finish;1:09:39;5:06;5:00:51;7:45;3:29:15;9:52:36
Guy;Achten;BE;M35-39;Finish;1:16:19;7:46;4:51:16;4:12;3:33:07;9:52:40
Torben;Bies;DE;M35-39;Finish;1:17:06;5:21;4:58:21;5:39;3:26:16;9:52:43
Patrick;Schuster;US;M45-49;Finish;1:08:18;2:52;4:40:42;4:48;3:56:13;9:52:53
Nathan;Sims;AU;M40-44;Finish;1:11:00;3:39;4:52:31;5:40;3:40:10;9:53:00
Kieron;Paterson;AU;M40-44;Finish;1:02:23;3:45;5:10:09;3:25;3:33:25;9:53:07
Søren;Kongsted;DK;M40-44;Finish;1:12:47;4:55;5:00:21;3:44;3:31:25;9:53:12
David;Toro;ES;M45-49;Finish;1:10:00;3:24;4:59:53;3:30;3:36:28;9:53:15
Peter;Haidenek;AT;M50-54;Finish;1:02:56;4:07;4:53:28;5:00;3:47:45;9:53:16
Bryan;Shiflett;US;M45-49;Finish;1:03:40;3:08;5:02:29;3:05;3:40:59;9:53:21
Nolan;Mcpeek-Bechtold;US;M25-29;Finish;1:02:40;3:15;4:44:33;3:33;3:59:21;9:53:22
Sun;Hyunsoo;KR;M45-49;Finish;1:08:07;5:45;4:53:01;3:51;3:42:44;9:53:28
Hiroaki;Saso;JP;M18-24;Finish;1:00:15;3:12;4:59:47;3:49;3:46:31;9:53:34
Heidi;Hyvärinen;FI;F30-34;Finish;1:03:57;3:03;5:07:54;3:50;3:34:52;9:53:36
Jamie;Hunt;NZ;M45-49;Finish;53:08;3:22;5:10:18;3:22;3:43:29;9:53:39
Liza;Rachetto;US;F40-44;Finish;1:04:55;3:12;4:59:39;2:50;3:43:04;9:53:40
Elisabetta;Villa;IT;F45-49;Finish;1:10:49;3:11;5:15:10;2:50;3:22:00;9:54:00
Vincent;Blais;CA;M25-29;Finish;1:09:32;4:48;4:51:40;3:41;3:44:20;9:54:01
Katrine;Brock;DK;F25-29;Finish;1:16:08;4:00;5:16:35;2:46;3:14:36;9:54:05
Barry;Breffle;US;M45-49;Finish;1:01:32;3:32;4:54:48;2:34;3:51:41;9:54:07
Durand;Patrice;FR;M45-49;Finish;1:02:57;4:01;4:53:21;4:47;3:49:06;9:54:12
Lee;Weatherhead;US;M40-44;Finish;1:08:05;3:13;4:52:49;4:12;3:46:04;9:54:23
Ross;Tremblay;US;M25-29;Finish;1:08:48;4:29;4:59:12;4:25;3:37:38;9:54:32
Joona;Saluveer;EE;M40-44;Finish;59:26;4:15;4:59:30;4:44;3:46:40;9:54:35
Edouard;Tiret;FR;M25-29;Finish;1:01:28;3:50;4:46:35;4:08;3:58:49;9:54:50
Klemen;Kocjan;SI;M30-34;Finish;1:07:42;3:00;4:43:51;4:02;3:56:19;9:54:54
Tony;Weeks;GB;M45-49;Finish;1:03:23;3:32;4:51:17;4:19;3:52:35;9:55:06
Bryan;Swanson;US;M35-39;Finish;1:04:56;4:41;4:54:53;5:29;3:45:27;9:55:26
Juergen;Fries;DE;M50-54;Finish;1:08:28;4:26;5:00:01;4:03;3:38:33;9:55:31
Uzziel;Valderrabano;MX;M50-54;Finish;55:24;2:53;4:57:22;4:55;3:54:58;9:55:32
Michael;Latifi;CA;M25-29;Finish;1:04:16;2:55;5:09:31;2:48;3:36:11;9:55:41
Mitchell;Dyer;US;M30-34;Finish;55:49;3:39;5:00:00;7:02;3:49:12;9:55:42
Maximilian;Dittmers;DE;M18-24;Finish;1:01:15;3:36;4:51:17;3:25;3:56:15;9:55:48
John;Tuttle;US;M55-59;Finish;56:24;4:42;5:01:36;5:23;3:47:48;9:55:53
Shane;Richardson;AU;M45-49;Finish;1:07:01;3:44;4:46:03;3:11;3:55:56;9:55:55
Mauro;Ciarrocchi;IT;M55-59;Finish;1:00:53;5:09;5:03:02;4:55;3:41:59;9:55:58
Scott;Iott;US;M40-44;Finish;1:05:14;3:45;4:56:50;3:29;3:46:43;9:56:01
Bob;Larue;US;M30-34;Finish;1:13:50;4:30;4:57:13;4:16;3:36:14;9:56:03
Merv;Hunger;NZ;M40-44;Finish;1:04:43;4:18;4:56:55;6:31;3:43:38;9:56:05
Alexandre;Florimond;FR;M35-39;Finish;1:03:36;3:36;4:54:42;3:47;3:50:34;9:56:15
Marc;Marin;ES;M40-44;Finish;59:03;2:33;4:54:37;3:21;3:56:44;9:56:18
Jason;Sandquist;CA;M45-49;Finish;1:01:12;3:26;4:56:10;4:04;3:51:27;9:56:19
Jim;Burdett;GB;M50-54;Finish;1:14:09;4:56;5:07:04;4:17;3:25:54;9:56:20
Vadim;Suraev;CA;M45-49;Finish;1:01:19;3:12;4:47:31;3:53;4:00:30;9:56:25
Thomas;Voeller;DE;M50-54;Finish;1:02:54;5:06;4:54:58;4:52;3:48:40;9:56:30
Miguel;Sanches Neto;BR;M35-39;Finish;1:03:45;3:57;5:06:26;3:59;3:38:26;9:56:33
Francisco;Maya;US;M45-49;Finish;58:22;4:06;5:03:40;3:34;3:46:57;9:56:39
Ovidio;Bilbao;US;M40-44;Finish;1:10:05;4:13;5:09:04;4:27;3:28:55;9:56:44
Evgenia;Boulmeti;GR;F30-34;Finish;1:08:16;2:15;5:05:58;3:24;3:36:54;9:56:47
Viðar;Þorsteinsson;IS;M45-49;Finish;1:02:31;3:04;4:45:40;2:48;4:02:50;9:56:53
Marco;Montanari;IT;M45-49;Finish;1:04:50;4:03;4:49:05;4:21;3:54:43;9:57:02
Alfonso;Monclus;ES;M40-44;Finish;1:08:14;6:12;5:03:31;5:23;3:33:50;9:57:10
Cheyne;Murphy;AU;M35-39;Finish;1:02:43;4:23;5:07:26;3:10;3:39:31;9:57:13
Chris;Nasser;US;M30-34;Finish;1:03:33;4:34;5:04:38;3:28;3:41:01;9:57:14
Daniel;Beby;AU;M40-44;Finish;1:05:37;3:57;5:01:14;3:39;3:42:48;9:57:15
Jeroen;Gijzen;NL;M30-34;Finish;1:08:50;2:50;4:47:18;2:48;3:55:29;9:57:15
Ingo;Schulmeyer;DE;M40-44;Finish;1:07:53;2:45;4:50:41;3:28;3:52:42;9:57:29
Meghan;Fillnow;US;F35-39;Finish;1:08:49;3:02;5:09:57;3:16;3:32:26;9:57:30
Christopher;Wehrle;DE;M25-29;Finish;58:48;2:39;4:49:00;4:48;4:02:17;9:57:32
Gentry;Yost;US;M40-44;Finish;1:10:40;3:40;4:46:29;4:49;3:52:00;9:57:38
Matthew;Davies;GB;M40-44;Finish;1:05:04;4:38;5:00:35;5:29;3:41:55;9:57:41
Maki;Nishioka;JP;F25-29;Finish;58:40;2:34;5:19:10;3:24;3:33:58;9:57:46
Tina;In-Albon;CH;F40-44;Finish;1:06:00;4:34;5:10:19;4:21;3:32:36;9:57:50
Simon;Johnson;AU;M40-44;Finish;1:02:19;3:30;4:45:42;4:04;4:02:21;9:57:56
Frédéric;Lureau;FR;M35-39;Finish;1:13:55;3:53;4:35:35;3:44;4:01:07;9:58:14
Richard;Stoffel;CH;M50-54;Finish;1:01:45;4:11;4:49:59;5:12;3:57:11;9:58:18
Daniel;Bentley;CA;M40-44;Finish;1:04:40;3:20;5:00:37;4:10;3:45:32;9:58:19
Jeff;Mutchie;US;M45-49;Finish;1:20:10;4:11;5:06:51;2:44;3:24:23;9:58:19
Sebastian;Ferrarassi;AR;M45-49;Finish;1:03:57;3:22;5:00:21;4:22;3:46:20;9:58:22
Kirron;Duncan;AU;M40-44;Finish;59:12;2:47;5:00:21;3:30;3:52:38;9:58:28
Luke;Beirl;US;M30-34;Finish;1:09:12;3:17;4:45:36;4:02;3:56:25;9:58:32
Jérôme;Giaux;BE;M30-34;Finish;1:05:18;5:35;4:49:15;5:45;3:52:42;9:58:35
Dani;Fischer;US;F30-34;Finish;1:03:27;3:51;5:06:02;6:31;3:38:46;9:58:37
Dale;Jamieson;AU;M30-34;Finish;1:05:58;4:37;4:55:42;5:07;3:47:22;9:58:46
Rory;Bowman-Shaw;GB;M18-24;Finish;1:23:59;3:36;4:56:43;4:09;3:30:28;9:58:55
Carl;Desruisseaux;CA;M40-44;Finish;1:02:21;2:49;5:00:36;3:56;3:49:13;9:58:55
Steffen;Brocks;US;M50-54;Finish;1:01:55;5:22;5:00:43;4:09;3:46:47;9:58:56
琦;党;CN;M40-44;Finish;53:53;2:42;4:50:39;4:37;4:07:05;9:58:56
Nicolas;Fritsch;FR;M40-44;Finish;1:15:35;5:07;4:37:17;4:09;3:56:49;9:58:57
Xavier;Vanacker;FR;M40-44;Finish;1:04:13;6:26;4:53:49;5:12;3:49:26;9:59:06
Dennis;Andersson;SE;M25-29;Finish;58:40;3:31;4:52:17;3:39;4:01:08;9:59:15
Dalibor;Cesak;DE;M40-44;Finish;1:07:18;3:18;5:14:57;4:49;3:29:00;9:59:22
Gerhard;Troch;DE;M45-49;Finish;58:23;3:25;5:04:00;3:09;3:50:31;9:59:28
Gary;Couanis;AU;M40-44;Finish;57:46;4:35;5:14:54;6:15;3:36:04;9:59:34
Maria Cecilia;Carvalho;BR;F25-29;Finish;1:03:31;3:16;5:04:52;3:32;3:44:24;9:59:35
Joanna;Ryter;CH;F18-24;Finish;1:09:44;2:32;5:16:23;2:33;3:28:23;9:59:35
Daniel;Tkac;CZ;M35-39;Finish;1:03:12;5:19;4:52:26;3:47;3:54:52;9:59:36
Robert;Wojnar;PL;M40-44;Finish;1:13:12;2:40;4:51:07;4:23;3:48:18;9:59:40
Stuart;Anderson;GB;M45-49;Finish;1:03:25;2:48;4:38:06;4:35;4:10:56;9:59:50
Jane;Fardell;AU;F35-39;Finish;1:01:38;3:00;5:23:41;4:31;3:27:03;9:59:53
Thomas;Priglinger;AT;M45-49;Finish;1:04:54;4:01;4:45:11;5:06;4:00:47;9:59:59
Alexander;Bogdanov;RU;M30-34;Finish;1:06:13;3:48;4:53:39;4:57;3:51:32;10:00:09
Richard;Genans Boiteux;FR;M50-54;Finish;57:10;3:50;5:05:25;3:34;3:50:18;10:00:17
Krystle;Hockley;AU;F30-34;Finish;1:05:48;3:42;5:08:10;3:04;3:39:34;10:00:18
Hideki;Kitahara;JP;M40-44;Finish;1:03:47;4:49;4:58:53;3:45;3:49:06;10:00:20
Dominik-Paul;Thiel;DE;M40-44;Finish;1:09:57;4:06;5:07:13;4:09;3:34:57;10:00:22
Roman;Procházka;CZ;M45-49;Finish;1:17:43;3:47;5:00:10;4:15;3:34:27;10:00:22
Lennie;Kristensen;DK;M50-54;Finish;1:45:59;3:23;4:47:26;3:56;3:19:39;10:00:23
Mario;Leuchtenmüller;AT;M45-49;Finish;1:06:20;3:13;4:45:18;4:02;4:01:39;10:00:32
Kayla;Bowker;US;F25-29;Finish;1:09:37;4:03;5:20:10;4:43;3:22:02;10:00:35
Uwe;Roepstorf;DE;M55-59;Finish;1:13:27;2:44;5:03:22;4:40;3:36:29;10:00:42
David;Albert;DE;M30-34;Finish;1:11:38;2:58;4:59:13;3:01;3:43:56;10:00:46
Lonnie;Kjellerup Andersen;DK;M50-54;Finish;56:41;3:49;5:10:18;5:11;3:44:47;10:00:46
Claudia;Helena Dumont;BR;F40-44;Finish;58:40;3:21;5:26:55;3:03;3:28:47;10:00:46
Soichiro;Hanyu;JP;M35-39;Finish;1:06:07;3:59;5:10:19;3:54;3:36:34;10:00:53
Carla;Guttilla Lacerda;BR;F18-24;Finish;1:03:31;2:57;5:09:26;3:23;3:41:58;10:01:15
Drew;Reece;AU;M35-39;Finish;53:45;4:19;4:56:19;6:31;4:00:33;10:01:27
Gabor;Pajor;HU;M35-39;Finish;1:01:21;4:14;5:20:43;5:18;3:30:10;10:01:46
Jordan;Bethke;US;M30-34;Finish;56:48;3:30;4:46:42;2:47;4:12:14;10:02:01
Brandon;Whitby;CA;M45-49;Finish;56:53;4:14;4:57:22;4:58;3:58:46;10:02:13
성진;박;KR;M40-44;Finish;1:11:39;3:05;4:54:06;4:11;3:49:24;10:02:25
Carla;Iannarelli;AR;F30-34;Finish;1:08:16;2:44;5:17:36;3:24;3:30:46;10:02:46
Matthew;Gatzoubaros;AU;M30-34;Finish;1:13:19;3:37;5:03:14;5:38;3:37:03;10:02:51
Michelle;Menzi;CH;F35-39;Finish;1:11:48;2:55;5:08:51;3:00;3:36:18;10:02:52
Takeshi;Tanaka;JP;M55-59;Finish;1:07:30;3:59;5:16:57;4:13;3:30:17;10:02:56
David;Starr;GB;M35-39;Finish;1:25:50;3:14;4:47:38;6:24;3:39:57;10:03:03
Salvador;Alarcon Alacio;ES;M40-44;Finish;1:05:34;5:35;5:00:19;3:44;3:47:55;10:03:07
Frank;Lehner;DE;M45-49;Finish;1:18:54;4:03;4:55:39;8:06;3:36:32;10:03:14
Tom;Geirnaert;BE;M40-44;Finish;1:07:27;4:38;4:52:04;4:50;3:54:16;10:03:15
Julien;Drouault;FR;M35-39;Finish;1:04:47;3:36;5:02:29;3:29;3:49:02;10:03:23
Damijan;Kromar;SI;M45-49;Finish;1:04:05;3:05;4:50:16;3:31;4:02:27;10:03:24
Leonie;Schmoll;DE;F30-34;Finish;54:30;2:45;5:27:43;2:59;3:35:28;10:03:25
Fernando;Barahona De Andres;ES;M45-49;Finish;1:13:22;4:09;5:03:01;6:23;3:36:35;10:03:30
Damien;Barbour;AU;M35-39;Finish;1:16:45;3:17;5:01:31;3:33;3:38:25;10:03:31
Cristian;Gonzalez;CO;M35-39;Finish;1:05:53;5:49;5:05:50;4:53;3:41:12;10:03:37
Desirée;Germann;CH;F35-39;Finish;1:10:15;3:32;5:12:51;3:20;3:33:49;10:03:47
Michal;Wojtylo;PL;M35-39;Finish;1:05:02;3:36;4:45:22;4:43;4:05:16;10:03:59
Carsten;Dr. Possenriede;DE;M45-49;Finish;1:18:25;5:16;5:08:02;5:44;3:26:36;10:04:03
Mark;Hunter;AU;M35-39;Finish;1:06:26;3:54;5:11:44;2:52;3:39:14;10:04:10
Takao;Yamazaki;JP;M35-39;Finish;1:05:56;3:42;5:19:59;3:51;3:30:44;10:04:12
Per Morten;Ellingsen;NO;M40-44;Finish;1:08:57;2:40;4:43:25;3:22;4:05:53;10:04:17
Diana;Simpson;NZ;F35-39;Finish;58:40;3:24;5:09:04;3:00;3:50:10;10:04:18
David;Burger;US;M50-54;Finish;1:17:00;3:43;4:54:33;3:26;3:45:40;10:04:22
Jonathan;Feddock;US;M35-39;Finish;1:00:57;3:49;5:10:27;5:40;3:43:32;10:04:25
Riccardo;Casini;IT;M45-49;Finish;1:01:47;4:07;4:55:42;5:25;3:57:27;10:04:28
Bob;Orton;GB;M50-54;Finish;1:03:29;3:09;5:06:55;3:27;3:47:29;10:04:29
Jeff;Cuddeback;VI;M60-64;Finish;56:49;3:13;4:59:24;3:53;4:01:14;10:04:33
Koen;Overmars;NL;M40-44;Finish;1:04:49;4:08;4:51:58;4:08;3:59:32;10:04:35
Katherine;Renouf;GB;F25-29;Finish;53:15;2:57;5:13:56;2:50;3:51:40;10:04:38
Justus;Meyer;US;M35-39;Finish;1:15:28;3:48;5:03:05;4:05;3:38:16;10:04:42
Maria;Jänese;EE;F30-34;Finish;1:13:52;3:12;5:13:34;2:27;3:31:42;10:04:47
Benoit;Guillaume;ZZ;M30-34;Finish;1:01:24;3:53;4:39:51;4:08;4:15:38;10:04:54
Fior;Guglielmo;IT;M50-54;Finish;1:11:21;3:28;4:58:46;4:32;3:46:49;10:04:56
Jonathan;Brunelle;CA;M35-39;Finish;1:12:46;5:32;4:56:09;7:08;3:43:22;10:04:57
Mirella;Karlsson;SE;F40-44;Finish;1:08:47;3:06;5:04:35;3:19;3:45:11;10:04:58
Xavier;Philippe;FR;M40-44;Finish;1:07:07;3:19;4:41:12;6:02;4:07:29;10:05:09
Kelly;Phuah;AU;F45-49;Finish;1:06:40;3:13;5:10:23;3:02;3:42:01;10:05:19
Garry;Hall;IE;M45-49;Finish;1:00:21;3:36;5:06:31;3:42;3:51:09;10:05:19
Glenn;Sparidaans;AU;M35-39;Finish;1:13:03;5:34;5:02:05;6:15;3:38:24;10:05:21
Sarah;Thomas;AU;F35-39;Finish;1:06:40;2:38;5:18:08;2:24;3:35:34;10:05:24
Sergio;Ayala;AR;M40-44;Finish;1:08:23;3:56;5:12:13;4:25;3:36:29;10:05:26
Dorian;Simon;DE;M45-49;Finish;1:08:31;4:12;5:19:58;3:59;3:28:48;10:05:28
James;Hotson;US;M25-29;Finish;59:21;2:22;4:58:10;4:30;4:01:09;10:05:32
Jukka;Kiuru;FI;M40-44;Finish;1:11:00;2:48;4:54:00;4:09;3:53:50;10:05:47
Takeshi;Ishibashi;JP;M25-29;Finish;51:56;2:47;5:05:32;5:17;4:00:17;10:05:49
Aaron;Church;US;M40-44;Finish;1:12:36;4:49;5:12:53;4:15;3:31:37;10:06:10
Robert;Turnbull;GB;M30-34;Finish;1:20:26;4:40;4:56:46;4:09;3:40:16;10:06:17
Jan;Nemitz;DE;M40-44;Finish;1:07:11;4:47;5:23:10;4:54;3:26:20;10:06:22
Zhou;Yantao;CN;M30-34;Finish;1:03:48;3:59;5:02:47;5:55;3:50:03;10:06:32
Ian;Gray;CA;M40-44;Finish;1:01:32;3:11;5:22:24;4:16;3:35:17;10:06:40
Linda;Guinoiseau;FR;F45-49;Finish;1:09:01;3:20;5:17:08;4:06;3:33:07;10:06:42
DOMINIC;LOPEZ;AU;M35-39;Finish;1:18:24;4:07;4:53:49;3:52;3:46:42;10:06:54
Michael;Roe;DK;M60-64;Finish;1:16:04;4:26;5:05:29;3:03;3:38:04;10:07:06
Leonardo;Nocentini;IT;M50-54;Finish;1:19:03;5:27;5:06:32;4:11;3:31:57;10:07:10
Josh;Eaton;US;M30-34;Finish;56:28;3:14;4:47:06;3:27;4:16:56;10:07:11
Rosie;Oldham;AU;F30-34;Finish;1:06:51;4:13;5:18:18;3:03;3:34:51;10:07:16
Christian;Waterstraat;US;M45-49;Finish;1:01:25;4:53;4:44:59;3:26;4:12:36;10:07:19
Brian;Lowman;US;M45-49;Finish;1:08:51;4:14;5:00:35;4:13;3:49:31;10:07:24
Masaaki;Kurihara;JP;M30-34;Finish;59:37;4:16;5:06:27;7:18;3:49:53;10:07:31
Walter;Mccormack;US;M50-54;Finish;1:04:56;3:36;4:47:00;3:45;4:08:40;10:07:57
Ian;Tucker;CA;M25-29;Finish;1:04:12;2:42;4:47:26;3:14;4:10:24;10:07:58
Jorg;Hu;DE;M35-39;Finish;1:06:06;4:08;5:03:00;4:57;3:49:52;10:08:03
Yehuda;Doron;IL;M45-49;Finish;1:08:59;5:17;5:01:00;7:05;3:45:43;10:08:04
Tara;Grosvenor;GB;F30-34;Finish;1:02:20;2:56;5:19:55;2:51;3:40:06;10:08:08
Chang Tai;Li;TW;M25-29;Finish;1:07:45;2:43;5:11:47;4:40;3:41:22;10:08:17
Sauli;Haahtela;FI;M40-44;Finish;1:01:31;3:04;4:44:19;4:22;4:15:01;10:08:17
Bill;Harkawik;US;M25-29;Finish;1:10:55;4:34;5:10:59;6:12;3:35:41;10:08:21
Michael;Timp;AU;M40-44;Finish;59:59;4:27;4:46:28;4:58;4:12:31;10:08:23
Florencia;Morales;AR;F40-44;Finish;1:08:08;3:39;5:36:01;3:02;3:17:38;10:08:28
Lesley;West;AU;F30-34;Finish;1:10:49;3:08;5:15:27;5:25;3:33:41;10:08:30
Marcus;Offenhuber;AT;M45-49;Finish;1:08:04;4:09;5:14:53;4:40;3:36:57;10:08:43
Dave;Tallo;CA;M45-49;Finish;1:08:04;3:03;5:00:32;3:32;3:54:20;10:09:31
Philip;Regnier;US;M50-54;Finish;1:18:42;6:34;5:09:53;4:43;3:29:40;10:09:32
James;Page;GB;M30-34;Finish;1:01:29;4:19;5:04:18;3:45;3:55:55;10:09:46
Mebarek;Bessaa;FR;M50-54;Finish;1:07:12;3:39;5:11:01;5:18;3:42:58;10:10:08
Jeremy;Behler;US;M40-44;Finish;1:03:41;3:18;5:09:15;3:18;3:50:44;10:10:16
Dan;Contant;CA;M55-59;Finish;1:09:41;4:06;5:10:07;5:02;3:41:29;10:10:25
Lionel;Joly;FR;M40-44;Finish;1:12:26;3:52;5:24:36;7:02;3:22:34;10:10:30
Brendon;Vesty;NZ;M45-49;Finish;1:11:43;4:30;4:28:46;4:16;4:21:23;10:10:38
Barry;Berg;CA;M50-54;Finish;56:40;3:46;5:02:51;4:18;4:03:06;10:10:41
Harald;Schrenk;AT;M50-54;Finish;1:08:24;3:14;5:00:12;4:23;3:54:35;10:10:48
Mitch;West;US;M45-49;Finish;1:03:35;4:12;5:04:10;5:27;3:53:28;10:10:52
John;Potter;US;M50-54;Finish;58:05;3:50;5:11:38;6:25;3:50:56;10:10:54
Ashley;Lasalle;US;F40-44;Finish;1:00:42;4:33;5:08:54;3:46;3:53:04;10:10:59
Jana;Richtrova;CZ;F35-39;Finish;1:16:04;3:20;5:01:34;3:58;3:46:03;10:10:59
Kris;Nisula;CA;M40-44;Finish;1:12:00;5:18;4:55:39;5:49;3:52:23;10:11:09
Todd;Hawkins;US;M40-44;Finish;58:04;3:50;5:00:58;4:56;4:03:26;10:11:14
Alex;Begg;US;M55-59;Finish;1:00:42;5:20;4:53:08;6:25;4:05:47;10:11:22
Mark;Billyard;GB;M30-34;Finish;53:07;4:25;5:03:29;8:49;4:01:37;10:11:27
Brian;Halusan;US;M45-49;Finish;58:47;3:47;4:58:07;5:33;4:05:14;10:11:28
Vanessa;Gianinni;BR;F35-39;Finish;1:00:55;3:07;5:03:54;4:13;3:59:45;10:11:54
Michelle;Enslin;ZA;F50-54;Finish;1:06:49;3:58;5:16:27;3:13;3:41:35;10:12:02
Benjamin;Saunders;US;M45-49;Finish;59:25;3:44;5:14:08;5:05;3:49:41;10:12:03
Stefan;Almeling;DE;M50-54;Finish;55:51;6:36;4:58:07;4:17;4:07:20;10:12:11
David;Sek;US;M35-39;Finish;58:53;5:52;5:07:14;8:42;3:51:42;10:12:23
Yannick;Ampoulié;FR;M35-39;Finish;1:19:25;2:50;4:55:10;3:42;3:51:20;10:12:27
Eulali;Gouws;ZA;F30-34;Finish;1:11:19;3:09;5:20:25;2:48;3:34:53;10:12:34
Laura;Nadeau;GU;F35-39;Finish;1:10:10;3:17;5:21:39;5:49;3:31:42;10:12:37
Oliver;Fischer;CH;M40-44;Finish;1:04:49;3:28;5:02:08;3:56;3:58:19;10:12:40
Sophie;Chevrier;CH;F40-44;Finish;1:09:52;3:06;5:19:12;3:52;3:36:53;10:12:55
Christian;Hupel;DE;M35-39;Finish;1:08:06;6:26;5:08:25;7:02;3:43:09;10:13:08
Morten;Halkjær;DK;M40-44;Finish;1:21:49;5:45;4:58:39;5:10;3:41:50;10:13:13
David;Labouchere;GB;M55-59;Finish;1:09:40;3:31;4:46:15;2:55;4:10:54;10:13:15
Jurgen;De Boever;BE;M50-54;Finish;1:22:15;4:54;4:58:20;4:05;3:43:48;10:13:22
Daniël;Oosterwaal;NL;M40-44;Finish;1:05:44;4:19;5:03:41;4:54;3:54:50;10:13:28
Alex;Bronholo;BR;M35-39;Finish;1:11:39;3:23;5:06:45;4:48;3:46:55;10:13:30
Christoph;Neukamp;AT;M25-29;Finish;1:15:47;2:57;4:49:02;3:43;4:02:03;10:13:32
Robert;Hill;AU;M50-54;Finish;1:12:46;3:19;5:08:32;4:26;3:44:41;10:13:44
Hamish;Deery;AU;M45-49;Finish;1:13:14;4:25;5:13:16;3:46;3:39:08;10:13:49
Christian;Nyberg;SE;M45-49;Finish;1:03:10;5:20;4:51:30;6:38;4:07:13;10:13:51
Ling;Liao;CN;M30-34;Finish;1:09:46;4:48;5:06:00;2:47;3:50:31;10:13:52
Mikael;Ronnle;SE;M50-54;Finish;1:17:24;3:04;5:09:04;4:41;3:39:41;10:13:54
Paul;Hill;NZ;M50-54;Finish;1:07:25;3:59;5:08:05;3:58;3:50:27;10:13:54
Ryuichi;Kawashima;JP;M50-54;Finish;1:07:13;4:26;5:13:16;4:49;3:44:13;10:13:57
Marcelo;Abdo;BR;M45-49;Finish;53:05;3:20;4:58:13;5:53;4:13:37;10:14:08
Craig;Smith;AU;M45-49;Finish;1:07:16;3:45;4:55:10;4:15;4:03:44;10:14:10
Jason;Newsome;GB;M45-49;Finish;1:06:01;4:31;5:07:42;8:21;3:47:41;10:14:16
Yiftach;Ganon;IL;M30-34;Finish;1:06:24;4:03;5:11:52;4:06;3:48:05;10:14:30
Billy;Busko;US;M50-54;Finish;1:08:47;4:54;5:06:15;3:53;3:50:43;10:14:32
Jody;Sanderson;CA;M45-49;Finish;1:11:07;4:37;4:56:45;5:11;3:56:54;10:14:34
Doug;Ross;US;M50-54;Finish;1:10:27;3:33;5:12:04;4:10;3:44:29;10:14:43
Danny;Dvinov;US;M35-39;Finish;1:06:17;4:37;4:53:09;3:47;4:06:57;10:14:47
Noriyuki;Akiba;JP;M45-49;Finish;59:43;4:38;5:00:27;3:49;4:06:12;10:14:49
Christophe;Oppliger;CH;M45-49;Finish;1:07:14;4:05;5:09:01;4:47;3:49:45;10:14:52
Horst;Heier;DE;M55-59;Finish;1:02:41;3:00;5:15:17;3:41;3:50:15;10:14:54
Joris;Zaman;BE;M40-44;Finish;1:11:08;4:27;5:02:30;6:45;3:50:05;10:14:55
Caroline;Coble;US;F30-34;Finish;1:15:23;5:04;5:12:22;5:36;3:36:33;10:14:58
Perry;Nation;AU;M55-59;Finish;1:01:06;4:26;5:02:43;4:36;4:02:07;10:14:58
Ewelina;Wolos;PL;F30-34;Finish;1:11:46;3:14;5:18:22;4:35;3:37:04;10:15:01
Shannon;Lum;AU;M45-49;Finish;1:04:31;4:13;5:02:36;4:05;3:59:42;10:15:07
Ling Er;Choo;SG;F30-34;Finish;1:08:17;3:00;5:10:01;3:58;3:49:53;10:15:09
Scott;Marsh;AU;M45-49;Finish;1:08:28;5:01;4:58:34;5:19;3:57:49;10:15:11
Benoit;Racadot;FR;M45-49;Finish;1:02:18;3:53;4:49:40;3:52;4:15:40;10:15:23
Mike;Gotzler;US;M45-49;Finish;1:07:41;4:46;5:07:15;5:01;3:50:43;10:15:26
David;Harinck;BE;M45-49;Finish;1:03:45;4:36;4:50:35;6:12;4:10:25;10:15:33
Laurent;Bellet;FR;M45-49;Finish;1:17:17;3:57;5:06:40;6:35;3:41:08;10:15:37
Adrian;Parada;AR;M40-44;Finish;1:05:26;4:21;5:02:30;2:39;4:00:43;10:15:39
Vincent;Legere;CA;M40-44;Finish;1:10:50;5:56;5:11:53;5:45;3:41:22;10:15:46
Rodrigo;Gonzalez;CL;M50-54;Finish;1:09:28;5:13;5:09:31;6:49;3:44:49;10:15:50
Brendan;Flanagan;AU;M40-44;Finish;1:06:20;5:05;5:05:34;6:18;3:52:42;10:15:59
Helena;Hayes;IE;F25-29;Finish;58:47;3:47;5:31:40;2:43;3:39:06;10:16:03
Markus;Ganser;DE;M45-49;Finish;1:07:10;3:44;4:39:26;4:59;4:20:51;10:16:10
Dan;Gampon;US;M18-24;Finish;1:01:00;4:49;5:20:40;4:44;3:45:12;10:16:25
Joachim;Prinz;DE;M45-49;Finish;1:13:53;6:08;5:12:36;4:05;3:39:47;10:16:29
Eric;Travis;CA;M45-49;Finish;1:03:16;5:07;4:45:59;4:14;4:17:58;10:16:34
Rafal;Borowiak;PL;M35-39;Finish;1:09:28;3:43;5:02:46;3:22;3:57:16;10:16:35
Diego;Serda;AR;M40-44;Finish;55:34;3:25;5:38:17;4:56;3:34:26;10:16:38
Rudolf;Kuipers;NL;M50-54;Finish;1:08:44;4:37;4:57:10;4:59;4:01:15;10:16:45
Franck;Kervarec;FR;M30-34;Finish;1:01:45;3:22;4:47:49;5:36;4:18:19;10:16:51
Angus John;Wippell;AU;M50-54;Finish;1:00:35;5:26;5:07:55;4:15;3:58:46;10:16:57
Louis;Bouillet;BE;M25-29;Finish;57:35;3:00;5:09:05;2:56;4:04:22;10:16:58
Heather;Low;CA;F30-34;Finish;1:11:58;3:25;5:15:50;2:56;3:42:50;10:16:59
Ilhwan;Oh;KR;M45-49;Finish;1:13:23;6:51;5:01:15;7:13;3:48:30;10:17:12
Kenneth;Smith;CH;M55-59;Finish;1:10:58;6:46;5:01:47;7:52;3:49:51;10:17:14
Tommi;Lindholm;FI;M40-44;Finish;1:21:24;4:28;5:13:22;4:16;3:33:46;10:17:16
Philippe;Robert;FR;M50-54;Finish;1:22:35;4:05;5:04:49;5:17;3:40:34;10:17:20
Olof;Lindberg;SE;M35-39;Finish;1:04:48;5:02;5:11:46;4:00;3:51:45;10:17:21
Tom;De Malsche;BE;M45-49;Finish;1:07:18;3:29;5:00:08;5:16;4:01:15;10:17:26
Tanja;Tschech;US;F45-49;Finish;1:00:36;3:36;5:15:25;3:20;3:54:35;10:17:32
Mikael;Charbonneau-Lemaire;CA;M30-34;Finish;1:05:06;4:07;5:11:12;5:30;3:51:41;10:17:36
Yongho;Park;KR;M45-49;Finish;1:07:14;5:56;5:02:52;4:35;3:57:15;10:17:52
Songen;Li;CN;M18-24;Finish;1:12:42;2:41;5:13:53;5:30;3:43:11;10:17:57
Damion;Littlewood;GB;M45-49;Finish;59:22;3:35;4:42:07;4:44;4:28:19;10:18:07
Ahti;Suppi;EE;M40-44;Finish;1:17:24;3:59;5:02:08;5:30;3:49:09;10:18:10
Jerome;Prigent;FR;M50-54;Finish;1:01:07;3:40;4:55:36;6:35;4:11:26;10:18:24
Craig;Schmitt;CA;M40-44;Finish;1:19:46;4:52;5:00:01;5:13;3:48:34;10:18:26
John;Robertson;AU;M40-44;Finish;1:09:53;5:12;4:56:05;6:42;4:00:37;10:18:29
Kate;Bramley;AU;F30-34;Finish;1:02:56;3:28;5:23:01;2:43;3:46:24;10:18:32
Teemu;Hankala;FI;M40-44;Finish;1:25:33;4:53;5:06:04;4:23;3:37:43;10:18:36
Tyrode;Frédéric;FR;M45-49;Finish;56:54;4:05;4:53:36;3:51;4:20:14;10:18:40
Larissa;Rabago;MX;F25-29;Finish;1:04:17;3:41;5:14:12;4:49;3:51:44;10:18:43
Walter David;Musmanno;AR;M45-49;Finish;1:04:13;6:03;5:10:59;7:39;3:50:00;10:18:54
Tamara;Green;AU;F35-39;Finish;1:08:14;4:07;5:29:01;3:09;3:34:37;10:19:08
Cornelia;Schneeberger;CH;F40-44;Finish;1:09:05;5:06;5:15:38;4:17;3:45:03;10:19:09
Victoria;Hill;GB;F40-44;Finish;1:15:40;4:40;5:23:18;4:08;3:31:23;10:19:09
Sandra;Daenzer;CH;F45-49;Finish;1:09:31;4:08;5:08:35;3:09;3:53:46;10:19:09
Marc;Stricker;CH;M40-44;Finish;1:04:47;4:29;5:14:28;5:41;3:49:46;10:19:11
Shun;Hiraya;JP;M18-24;Finish;1:05:49;2:58;5:20:12;6:35;3:43:48;10:19:22
Volker;Voit;DE;M35-39;Finish;1:12:11;4:53;4:40:29;5:20;4:16:33;10:19:26
Chris;Adams;GB;M35-39;Finish;1:08:18;5:13;5:17:08;6:41;3:42:13;10:19:33
Aaron;Wilson;US;M35-39;Finish;1:14:23;5:43;5:04:35;6:22;3:48:39;10:19:42
Meghan;Faulkenberry;US;F30-34;Finish;1:02:57;4:24;5:07:41;3:48;4:00:53;10:19:43
John;Hill;US;M35-39;Finish;1:14:44;4:58;5:05:37;6:45;3:47:50;10:19:54
Stephane;St Cyr;CA;M45-49;Finish;1:10:56;5:56;5:27:28;4:40;3:30:59;10:19:59
Stefano;Prandini;IT;M30-34;Finish;1:01:33;7:27;5:03:25;5:27;4:02:13;10:20:05
Kevin;Stanley-Hunt;NZ;M45-49;Finish;1:05:20;4:09;5:05:00;5:14;4:00:29;10:20:12
Stefaan;Vervisch;BE;M55-59;Finish;1:06:04;3:33;5:06:29;4:45;3:59:26;10:20:17
Pedro;Vieira;PT;M40-44;Finish;1:08:20;3:47;5:14:19;3:46;3:50:07;10:20:19
Carlos;Cruz;PT;M45-49;Finish;55:01;2:37;4:43:02;5:57;4:33:42;10:20:19
David;Garner;GB;M45-49;Finish;1:13:28;4:27;5:14:24;4:42;3:43:19;10:20:20
Paulo;Figueiredo;PT;M45-49;Finish;1:03:59;3:33;4:33:59;5:13;4:33:36;10:20:20
Jacek;Podoba;PL;M45-49;Finish;58:26;4:17;5:19:05;3:19;3:55:17;10:20:24
Linard;Denoth;CH;M50-54;Finish;1:19:36;5:50;5:03:17;5:41;3:46:13;10:20:37
Van;Mccarty;US;M45-49;Finish;1:19:08;5:39;5:24:50;5:26;3:25:37;10:20:40
Martin;Kirwan;IE;M45-49;Finish;1:20:30;9:09;5:06:45;5:28;3:38:50;10:20:42
Cristina;Sironi;IT;F40-44;Finish;1:04:10;3:54;5:05:34;3:55;4:03:28;10:21:01
Andrew;Hockey;GB;M40-44;Finish;1:04:48;3:43;4:54:31;3:29;4:14:33;10:21:04
Bonnet Badille;Philippe;FR;M50-54;Finish;1:03:47;3:45;5:16:00;5:02;3:52:39;10:21:13
Fiona;Whelan;AU;F40-44;Finish;1:06:17;3:42;5:23:03;3:46;3:44:32;10:21:20
Laurie;Canac;FR;F25-29;Finish;1:13:41;3:20;5:15:26;3:41;3:45:12;10:21:20
David;Williams;AU;M40-44;Finish;1:18:55;6:02;5:06:22;6:45;3:43:33;10:21:37
Annabelle;Pirotte;BE;F30-34;Finish;59:04;3:01;5:17:21;4:26;3:57:51;10:21:43
Fabiano;Paes;BR;M45-49;Finish;1:09:15;4:27;5:04:06;3:28;4:00:47;10:22:03
Mats;Allen;US;M25-29;Finish;53:13;3:28;4:49:33;2:20;4:33:35;10:22:09
Junyu;Cao;CN;M30-34;Finish;1:03:20;3:54;5:13:18;3:02;3:58:42;10:22:16
Fernando;Lucas;BR;M45-49;Finish;1:03:39;4:28;5:09:34;5:33;3:59:05;10:22:19
Mark;Schefter;DE;M18-24;Finish;1:13:03;4:13;4:52:02;4:33;4:08:28;10:22:19
Rebecca;Mckee;UM;F45-49;Finish;1:10:58;3:42;5:15:50;3:17;3:48:34;10:22:21
Stephane;Ollier;FR;M50-54;Finish;1:18:36;5:52;5:12:04;4:48;3:41:12;10:22:32
Deanna Lynn;Fuller;US;F35-39;Finish;1:03:30;3:16;5:15:16;3:58;3:56:32;10:22:32
Ruben;Anaya Gil;ES;M35-39;Finish;1:08:02;5:53;5:12:17;3:52;3:52:42;10:22:46
Jeremy;Valeriote;CA;M40-44;Finish;1:04:19;6:29;5:04:34;6:21;4:01:05;10:22:48
Anna;Lechowicz;PL;F30-34;Finish;1:06:09;2:36;5:02:16;2:57;4:08:51;10:22:49
Jason;Ream;US;M35-39;Finish;1:11:17;2:57;4:59:23;2:33;4:06:40;10:22:50
Daniel;Överfjord;SE;M40-44;Finish;1:19:58;5:27;5:14:24;6:58;3:36:05;10:22:52
Nicole;Bretting;DE;F45-49;Finish;1:08:46;3:23;5:10:13;4:02;3:56:29;10:22:53
Stefanie;Adam;BE;F40-44;Finish;59:30;3:23;4:49:30;3:14;4:27:27;10:23:04
Rafal;Herman;PL;M40-44;Finish;1:01:23;3:38;4:56:43;4:11;4:17:10;10:23:05
Mark;Mccabe;IE;M45-49;Finish;1:04:28;3:50;4:53:48;5:41;4:15:23;10:23:10
Jonathan;Frigault;CA;M18-24;Finish;57:57;3:40;5:09:48;3:50;4:07:57;10:23:12
Vincent;Depuiset;FR;M40-44;Finish;1:18:43;4:46;5:18:01;5:19;3:36:28;10:23:17
Josie;Rawes;GB;F25-29;Finish;1:00:33;2:54;5:17:01;3:33;3:59:20;10:23:21
Cibelle;Hernandez;MX;F45-49;Finish;1:05:32;3:25;5:35:57;3:57;3:34:35;10:23:26
Paul;Slater;GB;M45-49;Finish;1:14:09;5:56;5:10:49;3:54;3:48:44;10:23:32
Vasileios;Bampanikas;GR;M45-49;Finish;1:09:04;3:42;5:13:41;6:09;3:50:58;10:23:34
Katie;Kyme;AU;F35-39;Finish;1:03:33;4:19;5:25:21;4:21;3:46:07;10:23:41
Tomoaki;Kikuchi;JP;M30-34;Finish;1:02:23;4:19;5:18:19;4:27;3:54:16;10:23:44
Julia;Slyer;US;F18-24;Finish;1:10:31;3:52;5:11:21;3:09;3:54:52;10:23:45
Rene;Vendt;DK;M45-49;Finish;1:05:57;3:33;5:02:11;5:55;4:06:10;10:23:46
Phoebe;Fear;AU;F40-44;Finish;1:06:49;3:03;5:10:19;2:56;4:00:47;10:23:54
Benjamin;Guillemin;CA;M45-49;Finish;1:10:24;4:45;5:11:36;6:22;3:50:50;10:23:57
Emily;Lanter;US;F35-39;Finish;1:06:57;3:41;5:06:03;3:40;4:03:37;10:23:58
Paul;Worroll;AU;M50-54;Finish;1:04:18;4:30;5:11:00;3:52;4:00:19;10:23:59
Craig;Richardson;US;M45-49;Finish;1:03:15;4:21;4:52:50;8:07;4:15:34;10:24:07
Mikael;Lindgren;SE;M45-49;Finish;1:09:06;4:50;5:17:51;3:04;3:49:20;10:24:11
Daniel;Pacher;DE;M40-44;Finish;1:07:11;5:01;4:56:55;4:44;4:10:24;10:24:15
Amy;Macpherson;AU;F25-29;Finish;1:09:35;4:57;5:24:43;4:09;3:40:56;10:24:20
Laura;Yost;US;F40-44;Finish;1:14:49;3:03;5:20:40;3:46;3:42:02;10:24:20
Thomas;Srb;AT;M50-54;Finish;1:14:06;5:31;5:05:32;5:56;3:53:16;10:24:21
Jacob;Österberg;SE;M40-44;Finish;1:04:58;3:54;5:08:53;4:37;4:02:07;10:24:29
David;Hajduk;DE;M30-34;Finish;1:08:44;2:25;5:34:42;3:48;3:34:53;10:24:32
Perron;Benedicte;FR;F18-24;Finish;1:04:01;3:37;5:20:54;2:58;3:53:03;10:24:33
Stine;Mollebro;DK;F35-39;Finish;59:40;3:16;5:31:14;3:54;3:46:34;10:24:38
Jose;Ibanez De Aldecoa;VE;M55-59;Finish;1:16:59;4:00;5:14:05;4:45;3:44:55;10:24:44
Ming-Chieh;Wu;TW;M35-39;Finish;1:12:51;4:13;5:11:30;4:39;3:51:34;10:24:47
Zuzana;Trnovcova;SK;F30-34;Finish;1:11:23;4:02;5:11:31;3:53;3:53:59;10:24:48
Liang;Yulung;TW;M40-44;Finish;1:00:29;3:32;5:01:58;4:53;4:13:59;10:24:51
Tom;Van Gulik;NL;M30-34;Finish;1:01:56;3:29;5:13:10;5:25;4:01:01;10:25:01
Ipek;Onaran;TR;F30-34;Finish;1:08:44;3:30;5:34:46;3:18;3:34:50;10:25:08
Marcel;Krug;DE;M35-39;Finish;58:44;3:46;4:51:27;4:07;4:27:07;10:25:11
Erin;Crum;US;F40-44;Finish;1:05:39;3:25;5:24:55;3:41;3:47:34;10:25:14
Frank;Mertins;DE;M40-44;Finish;51:50;3:50;5:02:13;4:43;4:22:39;10:25:15
Seigo;Takahashi;JP;M55-59;Finish;1:17:34;5:52;5:08:01;7:32;3:46:20;10:25:19
Olivier;Henz;BE;M45-49;Finish;1:19:31;3:21;5:00:32;3:36;3:58:20;10:25:20
Andy;Vaughan;NZ;M40-44;Finish;1:09:04;2:59;4:47:40;3:09;4:22:37;10:25:29
Matthew;Davidson;US;M40-44;Finish;1:15:10;3:15;4:52:59;3:48;4:10:22;10:25:34
Line;Bonde;DK;F18-24;Finish;1:08:10;3:11;5:06:44;2:54;4:04:36;10:25:35
Matthew;Dawes;AU;M35-39;Finish;1:02:58;5:19;4:57:36;4:20;4:15:31;10:25:44
Zack;Jordan;US;M25-29;Finish;1:13:59;4:00;5:26:24;4:30;3:36:57;10:25:50
Ailsa;Macdonald;CA;F35-39;Finish;1:28:01;4:44;5:22:49;3:15;3:27:02;10:25:51
Thilo;Schmalkoke;DE;M45-49;Finish;1:18:48;5:13;5:03:48;5:03;3:53:05;10:25:57
Greg;Spierings;AU;M50-54;Finish;1:17:02;4:52;5:09:39;4:07;3:50:18;10:25:58
Satoshi;Maruta;JP;M35-39;Finish;1:15:31;2:53;5:28:24;3:53;3:35:18;10:25:59
Yvonne;Timewell;CA;F50-54;Finish;1:07:40;3:36;5:20:51;3:30;3:50:27;10:26:04
Angela;Quick;CA;F25-29;Finish;53:12;2:43;5:18:01;3:57;4:08:15;10:26:08
Martin ;Gannon;GB;M60-64;Finish;1:15:36;4:12;5:06:23;6:10;3:54:02;10:26:23
Rolf;Senn;CH;M50-54;Finish;1:12:11;4:15;5:10:02;4:30;3:55:29;10:26:27
Lucy;Woollacott;GB;F40-44;Finish;58:09;3:25;5:17:30;4:42;4:02:47;10:26:33
Chantal;Rüegg-Koller;CH;F40-44;Finish;1:02:19;4:10;5:21:38;6:04;3:52:26;10:26:37
Even;Chiodera;NO;M45-49;Finish;1:17:30;3:57;4:38:56;6:13;4:20:06;10:26:42
Jennifer;Bach;DK;F40-44;Finish;1:15:52;4:13;5:18:00;3:12;3:45:28;10:26:45
Williana;Rojas;PA;F35-39;Finish;1:24:05;3:52;5:18:51;5:23;3:34:43;10:26:54
Chun Kit;Tsang;HK;M35-39;Finish;1:10:02;4:27;5:17:10;4:55;3:50:30;10:27:04
Sergey;Bogdanov;RU;M60-64;Finish;1:13:08;5:16;5:11:06;4:34;3:53:02;10:27:06
Dennis;Van Der Meer;NL;M55-59;Finish;1:15:26;3:34;5:08:13;5:15;3:54:39;10:27:07
Ashleigh;Hunter;AU;F25-29;Finish;1:08:41;3:44;5:11:11;2:56;4:00:38;10:27:10
Joel;Spalding;US;M45-49;Finish;1:31:16;5:40;4:49:08;5:17;3:55:52;10:27:13
Martin;Goodlad;GB;M45-49;Finish;57:56;3:38;5:00:29;5:08;4:20:04;10:27:15
John;Wilson;US;M60-64;Finish;1:13:05;3:31;5:14:22;4:16;3:52:01;10:27:15
Kyu-Seon;Lee;KR;M45-49;Finish;1:18:39;4:52;5:11:12;4:11;3:48:27;10:27:21
Trude;Stormo;NO;F35-39;Finish;1:09:45;3:27;5:25:47;4:05;3:44:18;10:27:22
Fernando;Carmo;PT;M50-54;Finish;1:21:14;5:44;5:18:03;5:33;3:36:50;10:27:24
Mitchell;Nova;MX;M40-44;Finish;1:19:10;6:35;5:06:53;7:15;3:47:39;10:27:32
Beate;Zschorlich;DE;F45-49;Finish;1:20:10;3:00;5:16:29;3:16;3:44:42;10:27:37
Mette Marie;Olsen;DK;F40-44;Finish;1:12:37;4:44;5:22:10;2:49;3:45:30;10:27:50
William;Capune;US;M50-54;Finish;1:08:34;4:58;5:09:57;4:45;3:59:40;10:27:54
Wolfgang;Stueckle;DE;M35-39;Finish;1:05:15;3:22;4:42:43;6:11;4:30:26;10:27:57
Rosecler;Oliveira Amorim Da Costa;BR;F40-44;Finish;1:08:12;3:28;5:15:26;2:51;3:58:09;10:28:06
David;Engstrom;US;M45-49;Finish;1:01:32;4:43;5:06:55;6:56;4:08:15;10:28:21
Franz;Leitner;AT;M45-49;Finish;1:07:22;3:30;5:09:53;4:24;4:03:21;10:28:30
Heath;Eckersley;NZ;M40-44;Finish;56:04;3:21;4:48:06;4:57;4:36:08;10:28:36
Ragnar;Gudmundsson;IS;M50-54;Finish;55:46;3:36;5:03:14;6:32;4:19:32;10:28:40
Daniel;Braun;DE;M30-34;Finish;1:04:17;3:36;4:52:06;4:59;4:23:47;10:28:45
Ryan;Seguine;US;M35-39;Finish;1:20:30;5:38;5:01:20;5:23;3:55:56;10:28:47
Héloïse;Focquenoy;FR;F25-29;Finish;1:09:42;4:14;5:22:25;3:30;3:49:01;10:28:52
Candice;Mizon;FR;F30-34;Finish;56:57;3:37;5:26:07;4:10;3:58:04;10:28:55
Pascal;Trouvé;BE;M55-59;Finish;1:07:27;4:42;5:11:54;7:39;3:57:18;10:29:00
Victoria;English;US;F30-34;Finish;1:19:17;3:51;5:21:05;2:49;3:41:59;10:29:01
Sabrina;Exenberger;AT;F25-29;Finish;1:10:31;2:55;5:34:17;2:56;3:38:28;10:29:07
Jules;Trotter;AU;F30-34;Finish;1:01:09;4:07;5:21:57;3:19;3:58:35;10:29:07
Marcos;Vinicius De Faria;BR;M35-39;Finish;53:44;2:53;5:02:00;4:33;4:25:59;10:29:09
Fredrik;Linge;NO;M30-34;Finish;1:09:35;3:48;4:59:29;4:00;4:12:19;10:29:11
Alain;Perroteau;FR;M55-59;Finish;1:17:20;3:59;4:56:11;5:57;4:05:49;10:29:16
Franck;Champagne;FR;M45-49;Finish;1:12:40;5:44;5:11:01;6:31;3:53:23;10:29:19
Yonggyun;Jin;KR;M40-44;Finish;1:25:23;6:58;5:10:59;6:13;3:39:51;10:29:24
Beate;Van Loo-Born;DE;F35-39;Finish;1:14:38;5:36;5:16:39;4:48;3:47:44;10:29:25
Anne;Alford;AU;F35-39;Finish;58:41;2:38;5:10:35;3:14;4:14:26;10:29:34
Freek;Van Heerebeek;NL;M50-54;Finish;1:07:24;3:57;5:06:03;3:38;4:08:33;10:29:35
Valentina;Kukrus;RU;F40-44;Finish;1:08:13;4:57;5:31:30;4:16;3:40:46;10:29:42
Greg;Lummis;CA;M45-49;Finish;1:19:07;6:43;4:59:40;8:20;3:55:53;10:29:43
Andrea;Hopkin;AU;F40-44;Finish;1:06:01;3:08;5:07:45;3:44;4:09:08;10:29:46
Christoffer;Olkvist;SE;M40-44;Finish;1:07:59;4:23;5:01:39;3:58;4:11:51;10:29:50
Annie;Gervais;CA;F40-44;Finish;1:10:43;5:17;5:27:49;4:58;3:41:06;10:29:53
Aaro;Järvinen;FI;M30-34;Finish;1:14:46;4:11;5:09:56;4:41;3:56:21;10:29:55
Leah;Roberts;US;F35-39;Finish;1:05:12;4:56;5:28:11;3:51;3:47:47;10:29:57
Johan;Nyberg;SE;M35-39;Finish;1:03:33;4:30;5:48:25;4:26;3:29:07;10:30:01
Bojan;Maric;RS;M45-49;Finish;1:03:22;6:04;5:13:56;5:09;4:01:45;10:30:16
Charles;Mccarroll;US;M40-44;Finish;1:04:27;4:17;5:24:33;4:46;3:52:35;10:30:38
Daniel;Redelinghuys;CA;M40-44;Finish;1:26:10;3:47;4:50:02;6:22;4:04:20;10:30:41
Fiona;Whitby;CA;F45-49;Finish;1:09:07;4:35;5:17:22;3:47;3:55:50;10:30:41
Frank;Horlacher;DE;M50-54;Finish;1:00:59;3:03;4:41:55;5:02;4:39:51;10:30:50
Michael;Gruber;DE;M55-59;Finish;1:12:39;5:31;5:07:06;5:48;3:59:48;10:30:52
Jan;Ljungcrantz;SE;M50-54;Finish;1:17:01;3:38;5:21:28;5:29;3:43:16;10:30:52
Maria;Kasurinen;FI;F30-34;Finish;1:06:20;3:43;5:27:27;3:33;3:49:53;10:30:56
Garrett;Gardner;US;M25-29;Finish;1:12:56;5:09;5:24:20;6:28;3:42:07;10:31:00
Kimberly;Fabian;CA;F45-49;Finish;1:08:00;3:54;5:24:43;4:00;3:50:24;10:31:01
Mark;Fourie;ZA;M45-49;Finish;1:07:08;3:59;5:07:20;5:46;4:06:52;10:31:05
Joerg;Arpke;CH;M50-54;Finish;1:07:17;3:36;5:14:59;6:40;3:58:34;10:31:06
Giuseppe;Musella;BR;M55-59;Finish;1:06:21;6:02;5:20:34;8:56;3:49:16;10:31:09
Gary;Kelly;AU;M45-49;Finish;1:12:17;7:23;5:01:11;5:05;4:05:25;10:31:21
Jon;Luurtsema;US;M50-54;Finish;1:06:15;4:13;5:15:24;4:11;4:01:20;10:31:23
Christian;Carlsson;SE;M45-49;Finish;1:17:36;4:20;4:52:16;5:17;4:11:57;10:31:26
Goncalo;Neves;PT;M45-49;Finish;1:01:41;2:54;5:20:34;4:55;4:01:28;10:31:32
Ngarama;Milner-Olsen;NZ;F35-39;Finish;1:03:12;3:48;5:21:01;3:19;4:00:14;10:31:34
Macario;Avalos;US;M40-44;Finish;1:13:53;5:03;5:09:23;3:24;3:59:56;10:31:39
Jonathan;Ma;SG;M30-34;Finish;58:48;5:36;5:32:42;4:53;3:49:45;10:31:44
Goetz;Lipinsky;DE;M45-49;Finish;1:07:46;6:03;5:17:51;5:04;3:55:10;10:31:54
Michael;Tarabay;US;M40-44;Finish;1:10:18;4:15;4:44:12;4:13;4:29:08;10:32:06
Carly;Killam;US;F30-34;Finish;1:04:52;3:06;5:11:48;3:44;4:08:45;10:32:15
Takeshi;Araki;JP;M55-59;Finish;1:13:40;7:01;5:12:07;7:43;3:51:46;10:32:17
Christopher;Doyle;CA;M55-59;Finish;1:18:38;3:51;5:16:22;6:27;3:47:08;10:32:26
Rachel;Ross Bradley;US;F40-44;Finish;1:06:47;3:24;5:25:03;4:44;3:52:37;10:32:35
Michel;Besseling;NL;M40-44;Finish;1:05:50;4:19;5:46:44;5:09;3:30:51;10:32:53
Arve;Vaernes;NO;M45-49;Finish;1:19:34;6:59;5:11:40;4:26;3:50:19;10:32:58
Julie Flakne;Andresen;NO;F25-29;Finish;1:07:20;2:41;5:04:37;3:13;4:15:16;10:33:07
Jérôme;Ossedat;FR;M40-44;Finish;1:16:57;2:55;4:53:28;3:43;4:16:13;10:33:16
Brad;Pruim;US;M45-49;Finish;1:23:09;4:19;5:19:30;5:05;3:41:15;10:33:18
Rainer;Egretzberger;AT;M40-44;Finish;1:10:59;3:26;4:48:54;5:03;4:25:05;10:33:27
Anne;Zijderveld;NL;F35-39;Finish;1:02:13;2:56;5:20:12;3:06;4:05:04;10:33:31
Ben;Meadows;AU;M40-44;Finish;1:08:49;6:19;5:08:33;4:00;4:05:50;10:33:31
Keisuke;Ishikura;JP;M50-54;Finish;1:08:11;3:56;5:35:39;4:49;3:41:11;10:33:46
Taryn;Spates;US;F35-39;Finish;1:10:12;5:19;5:25:48;6:10;3:46:32;10:34:01
Patrick;Wallace;US;M60-64;Finish;1:08:18;3:22;5:22:15;4:37;3:55:41;10:34:13
Marc;Arseneau;CA;M50-54;Finish;1:07:16;3:11;4:51:08;4:06;4:28:50;10:34:31
Allison;Merlo;US;F25-29;Finish;1:01:06;3:45;5:29:55;3:49;3:55:57;10:34:32
Roman;Bravo;EC;M25-29;Finish;1:12:08;4:52;5:06:39;6:24;4:04:38;10:34:41
Alberto;Marinoni;PY;M50-54;Finish;1:13:29;4:54;4:56:58;3:11;4:16:18;10:34:50
Magnus;Nyberg;SE;M35-39;Finish;1:03:29;3:17;5:03:37;3:13;4:21:24;10:35:00
Lucy;Strack;NZ;F25-29;Finish;1:07:16;3:44;5:39:19;2:59;3:41:53;10:35:11
Thomas;Jany;DE;M50-54;Finish;1:10:20;3:50;5:28:55;6:45;3:45:22;10:35:12
Zoe;Smith;GB;F35-39;Finish;1:05:45;3:58;5:28:11;5:06;3:52:18;10:35:18
Arnaud;Bouvier;FR;M50-54;Finish;1:07:36;4:11;5:06:46;6:49;4:10:09;10:35:31
Geoffrey;Steffens;US;M50-54;Finish;59:28;3:20;5:22:31;7:09;4:03:06;10:35:34
John;Gleeson;US;M40-44;Finish;1:05:27;4:36;5:11:26;5:04;4:09:07;10:35:40
Peter;Carne;AU;M50-54;Finish;1:04:04;4:20;5:13:52;5:08;4:08:27;10:35:51
Karl;Dossche;BE;M50-54;Finish;1:10:04;5:48;5:17:12;8:57;3:53:55;10:35:56
Diana;Hassel;US;F50-54;Finish;1:05:15;2:56;5:15:10;4:28;4:08:12;10:36:01
B.J.;Christenson;US;M40-44;Finish;57:53;2:42;4:59:53;6:10;4:29:32;10:36:10
Jarand;Fjeld;NO;M40-44;Finish;1:21:35;3:49;4:58:45;5:11;4:06:50;10:36:10
Alexander;Berggren;SE;M18-24;Finish;49:41;2:31;5:10:10;3:40;4:30:09;10:36:11
Jari;Lemmetty;FI;M50-54;Finish;1:04:58;4:14;5:13:13;4:03;4:09:54;10:36:22
Stuart;Daniels;GB;M45-49;Finish;1:10:05;6:34;5:14:23;8:37;3:56:44;10:36:23
Runar Orn;Agustsson;IS;M30-34;Finish;59:56;2:38;4:42:14;2:41;4:48:58;10:36:27
roger;canham;GB;M50-54;Finish;1:09:28;5:05;5:08:40;6:21;4:06:55;10:36:29
Signe;Køngerskov;DK;F40-44;Finish;1:22:50;3:17;5:24:52;3:41;3:41:50;10:36:30
Guy;Holbrow;GB;M50-54;Finish;1:04:33;4:47;5:27:58;6:13;3:53:00;10:36:31
Gerald;Lies;DE;M40-44;Finish;1:07:12;6:06;5:31:02;5:59;3:46:12;10:36:31
Martin;Caron;CA;M40-44;Finish;1:07:08;3:28;6:02:24;8:31;3:15:09;10:36:40
Amaury;Lafourcade;FR;M18-24;Finish;56:32;2:37;4:51:11;3:49;4:42:31;10:36:40
Ryan;Walkenhorst;AU;M35-39;Finish;1:03:58;6:01;5:22:37;7:28;3:56:49;10:36:53
Mikel;Calahorra;BH;M35-39;Finish;58:04;3:16;4:52:54;6:21;4:36:19;10:36:54
James;Graham;GB;M55-59;Finish;1:39:14;4:09;4:58:14;3:42;3:51:36;10:36:55
Peter;Jönsson;SE;M45-49;Finish;1:04:53;5:02;4:48:28;4:42;4:34:04;10:37:09
Kayla;Kobelin;US;F18-24;Finish;1:04:50;3:40;5:21:12;3:34;4:04:08;10:37:24
Darren;Priest;GB;M45-49;Finish;1:12:33;3:25;5:34:26;4:28;3:42:35;10:37:27
Marc;Siejo;FR;M50-54;Finish;1:13:27;4:43;5:15:24;6:58;3:56:57;10:37:29
Jan;Sibbersen;DE;M40-44;Finish;46:29;5:06;5:12:51;6:42;4:26:24;10:37:32
Brad;Kaye;AU;M45-49;Finish;1:14:23;4:38;5:07:11;3:11;4:08:10;10:37:33
Svetlana;Ushakova;RU;F25-29;Finish;56:51;2:17;5:11:07;2:42;4:24:37;10:37:34
Morten;Richardt;DK;M40-44;Finish;1:07:14;3:28;4:58:41;4:29;4:23:44;10:37:36
Michael;Noll;DE;M50-54;Finish;1:04:56;3:51;4:55:27;4:53;4:28:40;10:37:47
Holger;Bohm;CA;M40-44;Finish;1:12:19;3:20;4:48:24;4:30;4:29:40;10:38:13
Johanna;Priglinger;AT;F40-44;Finish;1:08:56;4:36;5:23:28;4:24;3:56:54;10:38:18
Zach;Eagle;US;M18-24;Finish;1:13:56;5:45;5:02:03;6:29;4:10:11;10:38:24
Niels Christian;Smed Christensen;DK;M50-54;Finish;1:20:17;6:00;5:10:59;6:00;3:55:14;10:38:30
Zbysek;Jaros;CZ;M40-44;Finish;1:04:47;3:14;4:51:20;5:35;4:34:02;10:38:58
Brian;Chadwick;US;M45-49;Finish;1:10:45;5:10;5:12:22;5:43;4:05:00;10:39:00
Manuel;Fernandez;ES;M30-34;Finish;1:07:27;3:23;5:10:32;3:36;4:14:03;10:39:01
Finn;Zwager;AE;M50-54;Finish;1:12:43;6:37;5:19:19;4:21;3:56:06;10:39:06
Liam;Bullen;NZ;M18-24;Finish;1:02:35;7:31;5:21:43;5:17;4:02:01;10:39:07
Vicente;Palones Llopis;ES;M35-39;Finish;1:11:21;4:28;5:13:42;6:11;4:03:28;10:39:10
Taavi;Kaiv;EE;M25-29;Finish;1:13:36;3:31;4:59:40;3:19;4:19:04;10:39:10
Robin;Wilson;AU;M50-54;Finish;1:07:25;5:43;5:18:01;6:23;4:01:40;10:39:12
Kerstin;Troch;DE;F35-39;Finish;1:06:56;3:16;5:28:55;4:48;3:55:43;10:39:38
Thiago;Gabriel Alvim;BR;M30-34;Finish;59:04;4:51;4:41:46;3:06;4:51:17;10:40:04
Konstantinos;Papanikolaou;GR;M50-54;Finish;1:13:44;3:36;5:09:05;5:15;4:08:33;10:40:13
Daniel;Royce;US;M35-39;Finish;56:12;5:30;4:56:25;5:42;4:36:27;10:40:16
Nicole;Derrick;US;F45-49;Finish;1:10:52;3:52;5:28:14;3:06;3:54:13;10:40:17
Peter;Naudts;BE;M40-44;Finish;1:10:41;11:07;5:03:00;9:34;4:06:05;10:40:27
Steve;Kester;US;M55-59;Finish;1:00:38;4:05;5:08:40;5:09;4:21:57;10:40:29
Sergio;Aldegheri;AR;M50-54;Finish;1:08:31;3:55;5:17:10;5:56;4:04:58;10:40:30
Stefaan;Devliegere;BE;M45-49;Finish;1:10:26;3:52;5:01:51;4:52;4:19:35;10:40:36
Alexander;Henker;DE;M60-64;Finish;1:20:26;3:54;5:14:39;3:52;3:57:48;10:40:39
Carolina;Ponce;EC;F45-49;Finish;1:09:50;4:37;5:17:21;3:40;4:05:17;10:40:45
David;Jones;US;M55-59;Finish;1:09:24;3:19;5:04:53;4:41;4:18:34;10:40:51
Terri;Rodzevik;US;F35-39;Finish;1:03:30;4:23;5:07:17;3:54;4:21:56;10:41:00
Brian;Mcgovern;AU;M60-64;Finish;1:22:04;4:32;5:29:46;3:56;3:40:53;10:41:11
Lindsey;Deneen;US;F40-44;Finish;1:00:38;5:00;5:26:55;4:02;4:04:44;10:41:19
Conner;Searcy;US;M40-44;Finish;1:17:14;3:39;5:12:29;4:58;4:03:00;10:41:20
Federico;Procopio;IT;M45-49;Finish;1:03:58;4:43;5:20:41;3:32;4:08:29;10:41:23
Derek;Macminn;AU;M55-59;Finish;1:07:04;6:21;5:12:33;5:31;4:10:00;10:41:29
Thomas;Geiger;DE;M55-59;Finish;1:07:58;3:43;5:10:57;4:52;4:14:01;10:41:31
Aleksandra;Sosnowska;PL;F35-39;Finish;1:03:12;4:03;5:49:02;4:54;3:40:22;10:41:33
Markus;Hagberg;SE;M30-34;Finish;1:06:10;4:34;4:36:35;4:52;4:49:28;10:41:39
Paul Edouard;Morin;FR;M50-54;Finish;1:09:50;4:50;5:39:23;4:06;3:43:39;10:41:48
Jacinta;Worland;AU;F45-49;Finish;1:03:23;2:45;5:28:14;2:42;4:04:51;10:41:55
Frank;Emde;DE;M50-54;Finish;1:04:58;4:43;5:07:11;6:24;4:18:41;10:41:57
Sarah;Aly;SE;F35-39;Finish;1:13:55;5:51;5:23:38;5:01;3:53:52;10:42:17
Dan;Johnsson;SE;M40-44;Finish;1:13:24;3:42;5:02:27;6:47;4:15:59;10:42:19
Katharina;Grölz;DE;F40-44;Finish;1:16:00;3:26;5:29:53;2:51;3:50:11;10:42:21
Dandan;Li;CN;M35-39;Finish;1:04:01;5:26;5:24:01;7:23;4:01:30;10:42:21
Marisa;Rastetter;US;F40-44;Finish;1:04:23;3:50;5:30:14;6:39;3:57:19;10:42:25
René;Papais;CH;M40-44;Finish;1:01:30;3:07;5:00:16;3:19;4:34:19;10:42:31
Sergio;Alberola Teruel;ES;M40-44;Finish;1:00:21;3:27;5:20:07;4:59;4:13:38;10:42:32
Jessica;Lewerenz;DE;F25-29;Finish;1:01:12;3:08;5:42:39;3:22;3:52:13;10:42:34
Katherine;Nichols;US;F50-54;Finish;1:01:40;4:41;5:41:49;4:33;3:49:57;10:42:40
Amanda;Lawrence;US;F40-44;Finish;1:06:05;4:09;5:33:18;4:23;3:54:45;10:42:40
Lionel;Douaud;FR;M50-54;Finish;1:13:00;4:39;5:16:38;3:38;4:04:47;10:42:42
Anna;Lawson;GB;F18-24;Finish;1:09:57;3:14;5:43:25;2:46;3:43:30;10:42:52
Su;Yun;CN;M45-49;Finish;1:16:01;7:02;5:01:04;8:29;4:10:24;10:43:00
Ursula;Legaria Menéndez;MX;F30-34;Finish;1:08:11;4:24;5:29:53;4:45;3:55:49;10:43:02
Ginny;Meadway;US;F35-39;Finish;1:12:52;4:24;5:21:03;3:32;4:01:12;10:43:03
John;Dickson;NZ;M55-59;Finish;1:05:23;5:20;5:27:11;3:57;4:01:27;10:43:18
Hideki;Ota;JP;M45-49;Finish;1:13:31;4:40;5:33:15;5:06;3:47:02;10:43:34
Megan;Hawkins;AU;F25-29;Finish;1:08:28;4:26;5:26:33;4:10;3:59:57;10:43:34
Mischa;Welter;CH;M45-49;Finish;1:12:31;5:02;5:11:46;5:37;4:08:41;10:43:37
Anja;Leuendorff;DE;F40-44;Finish;1:09:31;3:49;5:16:12;4:51;4:09:20;10:43:43
Graham;Cooper;US;M45-49;Finish;1:07:51;3:50;5:12:48;6:08;4:13:10;10:43:47
Kimberly;Stoveld;US;F30-34;Finish;1:00:23;4:26;5:39:49;3:47;3:55:37;10:44:02
Naoyuki;Hori;JP;M45-49;Finish;1:04:07;3:07;5:27:27;3:58;4:05:34;10:44:13
Victoria;Wiltshire;NZ;F30-34;Finish;1:00:30;4:51;5:47:09;4:45;3:47:04;10:44:19
Daniel;Broehmer;US;M18-24;Finish;1:06:54;3:48;5:14:52;7:13;4:11:34;10:44:21
Måns;Höiom;SE;M45-49;Finish;1:11:16;4:10;5:21:15;5:19;4:02:31;10:44:31
Marisol;Franco Acevedo;MX;F30-34;Finish;1:09:11;3:42;5:31:30;3:53;3:56:18;10:44:34
Ladislav;Burian;CZ;M45-49;Finish;1:13:27;5:09;5:12:42;3:53;4:09:24;10:44:35
Bjørn Egil;Vikse;NO;M40-44;Finish;1:24:54;4:59;5:04:34;5:05;4:05:07;10:44:39
Kevin;Esser;US;M40-44;Finish;1:19:22;4:44;5:03:17;5:15;4:12:17;10:44:55
Michael;Fewster;AU;M25-29;Finish;1:06:33;4:03;5:11:53;5:44;4:16:44;10:44:57
Gregory;Wood;US;M50-54;Finish;1:07:31;3:48;5:06:10;7:23;4:20:08;10:45:00
Victoria;Juanicotena Madrigal;MX;F25-29;Finish;58:45;3:42;5:27:14;3:34;4:11:56;10:45:11
Meaghan;Praznik;US;F30-34;Finish;1:05:17;4:18;5:24:48;4:09;4:06:59;10:45:31
Kimiko;Uji;JP;F35-39;Finish;1:06:00;4:03;5:53:13;3:35;3:38:44;10:45:35
Melanie;Müller-Reichert;DE;F35-39;Finish;1:10:52;4:19;5:30:14;3:27;3:56:47;10:45:39
Pourchez;Samuel;FR;M45-49;Finish;1:06:16;4:49;5:14:38;6:23;4:13:40;10:45:46
Rudolph;Agius;MT;M40-44;Finish;1:03:50;3:36;5:06:24;5:47;4:26:21;10:45:58
Marek;Svoboda;CZ;M45-49;Finish;1:09:08;3:31;5:04:09;5:35;4:23:37;10:46:00
Holger;Therre;DE;M50-54;Finish;1:29:21;4:50;5:22:35;4:33;3:44:46;10:46:05
Christian;Weyland;LU;M40-44;Finish;1:09:35;2:34;4:37:29;4:28;4:52:01;10:46:07
Lamprini;Liouta;GR;F25-29;Finish;1:16:28;5:01;5:23:08;4:05;3:57:27;10:46:09
Manuela;Suess;DE;F40-44;Finish;1:07:51;3:29;5:08:57;3:13;4:22:48;10:46:18
John;Hill;AU;M60-64;Finish;1:08:30;3:46;5:12:13;6:53;4:15:10;10:46:32
Kayla;Pokorny;US;F30-34;Finish;58:43;3:12;5:27:47;2:47;4:14:08;10:46:37
Michel;Bastien;BE;M55-59;Finish;1:21:19;4:27;5:31:26;6:05;3:43:21;10:46:38
Noga;Ruttenberg;US;F45-49;Finish;1:04:39;4:32;5:20:51;3:47;4:12:50;10:46:39
Simon;Craig;CA;M50-54;Finish;1:13:33;4:05;5:22:10;3:09;4:03:52;10:46:49
Michael;Rogan;GB;M45-49;Finish;1:03:30;4:25;5:01:26;4:03;4:33:27;10:46:51
Petr;Koptiva;CZ;M35-39;Finish;1:03:05;3:27;4:53:38;4:36;4:42:08;10:46:54
Christian;Piri;DE;M30-34;Finish;1:03:39;2:50;4:54:03;4:24;4:41:59;10:46:55
Francisco;Castillo;GT;M40-44;Finish;1:03:43;4:32;5:22:33;4:33;4:11:35;10:46:56
Holger;Lorenz;DE;M45-49;Finish;57:14;2:55;4:59:14;5:28;4:42:11;10:47:02
Colin;Gregory;GB;M45-49;Finish;1:17:40;2:38;5:06:57;4:26;4:15:27;10:47:08
Jackie;Crofton;AU;F40-44;Finish;1:19:34;4:04;5:48:31;3:06;3:31:55;10:47:10
Jordi;Calduch Prat;ES;M45-49;Finish;1:03:03;4:18;5:58:21;3:17;3:38:14;10:47:13
Alysha;Krall;US;F25-29;Finish;1:26:40;3:34;5:26:59;3:17;3:46:54;10:47:24
Carsten;Stahn;DE;M55-59;Finish;1:12:12;3:34;4:54:41;4:52;4:32:13;10:47:32
Georg;Heckens;DE;M50-54;Finish;1:08:18;3:53;5:11:35;5:31;4:18:18;10:47:35
Bex;Rimmington;GB;F35-39;Finish;56:57;4:20;5:11:41;4:34;4:30:03;10:47:35
Matt;Limbert;US;M45-49;Finish;1:00:07;4:10;5:15:49;6:02;4:21:31;10:47:39
Iris;Tiedeken;CH;F50-54;Finish;1:04:51;3:31;5:36:45;3:49;3:58:46;10:47:42
Margie;Mcparland;US;F40-44;Finish;1:09:22;5:45;5:19:31;6:52;4:06:20;10:47:50
Kaisa;Jakobsen;FI;F55-59;Finish;1:15:54;3:56;5:32:10;4:07;3:51:50;10:47:57
Paul;Gompers;US;M50-54;Finish;1:07:24;5:12;5:10:28;8:44;4:16:09;10:47:57
Sven;Schulze;DE;M40-44;Finish;1:00:00;3:06;5:08:47;6:36;4:29:41;10:48:10
Miroslav;Mikula;CZ;M50-54;Finish;1:26:10;4:46;5:19:56;5:43;3:51:37;10:48:12
Jonathon;Green;GB;M35-39;Finish;1:30:35;4:13;4:52:32;5:56;4:15:08;10:48:24
Per;Hussmann;DK;M50-54;Finish;1:15:42;7:20;5:19:16;5:02;4:01:07;10:48:27
Daniel;Johnson;SE;M35-39;Finish;1:08:55;8:15;5:14:10;6:19;4:10:52;10:48:31
David;Mullaney;US;M50-54;Finish;1:13:53;5:57;5:08:55;7:53;4:11:55;10:48:33
Bartek;Danek;PL;M45-49;Finish;1:09:19;4:10;5:36:53;3:34;3:54:38;10:48:34
Hailey;Manning;US;F35-39;Finish;1:00:51;3:13;5:25:40;4:14;4:14:43;10:48:41
Olaf;Schenk;DE;M50-54;Finish;1:11:23;4:50;5:17:53;4:56;4:09:39;10:48:41
Luciana;Haddad;BR;F35-39;Finish;1:16:00;2:39;5:47:15;2:38;3:40:13;10:48:45
Tsutomu;Ishida;JP;M50-54;Finish;1:19:28;5:08;5:11:08;5:28;4:07:34;10:48:46
daniele;lanza;IT;M35-39;Finish;1:16:37;3:51;5:13:07;2:59;4:12:16;10:48:50
Masaki;Kusunoki;JP;M45-49;Finish;1:13:59;8:29;5:27:01;7:14;3:52:10;10:48:53
Michaela;Rudolf;AT;F45-49;Finish;1:05:28;3:01;5:43:53;2:44;3:53:54;10:49:00
Martin;Beare;GB;M55-59;Finish;1:15:43;5:37;5:30:07;4:32;3:53:07;10:49:06
Jeffrey;Sankoff;CA;M50-54;Finish;1:06:29;4:46;5:07:52;7:08;4:23:00;10:49:15
Cathrine;Fauske Haferkamp;NO;F45-49;Finish;1:01:52;3:59;5:33:26;4:04;4:05:56;10:49:17
Hannah;Saitch;GB;F30-34;Finish;1:07:44;3:43;5:18:25;3:37;4:15:54;10:49:23
Elly;Verhoeven;BE;F45-49;Finish;1:18:52;4:30;5:39:47;3:42;3:42:42;10:49:33
Lucas;Mcbeath;AU;M35-39;Finish;1:04:23;5:50;5:01:19;5:36;4:32:27;10:49:35
Federico;Schneeberger;AR;M45-49;Finish;1:03:53;4:22;4:58:21;8:18;4:34:45;10:49:39
Kathryn;Aguilar;US;F40-44;Finish;1:08:23;5:30;5:29:16;5:45;4:00:49;10:49:43
Mikita;Hryhoryeu;BY;M25-29;Finish;55:35;2:41;4:48:54;3:58;4:58:40;10:49:48
Jeanne;Courtois;FR;F25-29;Finish;1:14:57;3:06;5:28:51;4:45;3:58:09;10:49:48
Elaine;Young;CA;F30-34;Finish;1:08:20;4:08;5:34:09;3:54;3:59:22;10:49:53
Gilmore;Gilmore;CA;M45-49;Finish;1:08:53;3:11;5:03:44;4:56;4:29:10;10:49:54
Thoralf;Voigtländer;DE;M55-59;Finish;1:12:35;5:35;5:27:14;7:19;3:57:19;10:50:02
Darryl;Harris;AU;M55-59;Finish;1:01:52;6:13;5:14:57;4:18;4:22:43;10:50:03
Todd;Mellinger;US;M50-54;Finish;1:03:39;4:31;5:00:56;7:27;4:33:32;10:50:05
Ignacio;Valdivieso;CL;M30-34;Finish;1:06:33;4:08;5:14:39;6:32;4:18:13;10:50:05
Kevin;Burns;US;M45-49;Finish;1:19:18;5:36;4:58:49;3:48;4:22:36;10:50:07
Nikolaus;Loder;DE;M55-59;Finish;1:03:57;4:17;5:24:22;4:58;4:12:39;10:50:13
Michelle;Boyes;AU;F45-49;Finish;1:08:29;2:45;5:30:55;3:56;4:04:13;10:50:18
Patrick;Harms;DE;M30-34;Finish;1:13:34;5:56;5:05:48;4:20;4:20:41;10:50:19
Erik;Peeman;NL;M45-49;Finish;1:08:40;4:43;5:09:44;5:29;4:22:31;10:51:07
Inge;Prasetyo;ID;F35-39;Finish;1:04:33;4:44;5:42:51;6:14;3:53:00;10:51:22
Dave;Lyon;US;M55-59;Finish;1:20:18;6:01;4:53:43;8:25;4:22:56;10:51:23
Scott;Hansen;US;M35-39;Finish;54:04;3:09;4:39:23;7:33;5:07:18;10:51:27
Jess;Barnes;NZ;F18-24;Finish;1:08:00;4:46;5:40:54;4:03;3:53:45;10:51:28
Patrick;Ellison;US;M45-49;Finish;1:05:06;6:30;5:11:19;13:54;4:14:46;10:51:35
Mauricio;Lehoczki;BR;M45-49;Finish;1:11:19;6:33;5:46:32;6:51;3:40:24;10:51:39
Jen;Koester;US;F25-29;Finish;1:12:05;5:07;5:19:07;3:24;4:11:58;10:51:41
Gareth;Evans-Fear;GB;M35-39;Finish;1:03:49;3:51;5:40:09;5:52;3:58:04;10:51:45
Osvaldo Maximiliano;Malvezzi Martinez;AR;M40-44;Finish;1:12:14;4:59;5:37:22;4:01;3:53:12;10:51:48
Marko;Weber;DE;M45-49;Finish;1:12:31;4:48;5:14:48;4:49;4:14:55;10:51:51
Andrew;Brierley;GB;M50-54;Finish;1:13:14;4:21;5:15:13;4:54;4:14:14;10:51:56
Nathalie;Alexander;AT;F25-29;Finish;1:05:22;3:52;5:20:20;3:04;4:19:23;10:52:01
Alexander-Maximilian;Ernst;DE;M50-54;Finish;1:00:13;8:30;5:01:26;6:41;4:35:13;10:52:03
Juan;Torres;AU;M40-44;Finish;1:16:28;9:07;5:21:10;7:32;3:57:50;10:52:07
Iina;Lumiaho;FI;F25-29;Finish;1:11:44;3:58;5:26:34;3:38;4:06:17;10:52:11
Christophe;Joly;FR;M50-54;Finish;1:05:53;3:24;5:02:37;4:35;4:35:42;10:52:11
Fiona;Carlon;US;F30-34;Finish;1:00:22;3:04;5:29:21;4:21;4:15:07;10:52:15
Nadege;Tryoen;FR;F35-39;Finish;1:10:56;3:17;5:31:16;4:04;4:02:54;10:52:27
Lennart;Cromstedt;SE;M50-54;Finish;1:15:39;4:53;5:10:04;5:22;4:16:32;10:52:30
Santiago;Pacheco;MX;M50-54;Finish;57:26;3:26;5:06:05;4:44;4:40:52;10:52:33
Lars;Brix;DK;M50-54;Finish;1:20:07;5:08;5:28:11;4:02;3:55:05;10:52:33
Megan;Pennington;US;F40-44;Finish;1:12:46;3:49;5:34:39;4:09;3:57:15;10:52:38
Johan;Anthonis;BE;M55-59;Finish;1:16:44;4:47;5:24:58;3:45;4:02:26;10:52:40
Kelly;Stokes;GB;F35-39;Finish;1:00:53;4:44;5:11:11;4:09;4:31:48;10:52:45
Gry;Bandholm;DK;F45-49;Finish;1:26:58;3:52;5:46:13;4:04;3:31:39;10:52:46
Maria;Fraga;AR;F35-39;Finish;1:03:01;3:49;5:26:08;2:46;4:17:09;10:52:53
Audrey;Nalin;FR;F35-39;Finish;1:19:27;4:38;5:40:04;3:34;3:45:21;10:53:04
Frank;Bareuther;DE;M50-54;Finish;1:10:15;4:55;5:23:42;5:38;4:08:42;10:53:12
Mike;Wordelman;US;M40-44;Finish;1:15:22;4:28;5:04:44;4:44;4:24:06;10:53:24
Jane;Crawford;AU;F50-54;Finish;1:14:10;4:45;5:49:54;3:45;3:40:51;10:53:25
Tomas;Fiala;CZ;M40-44;Finish;1:13:10;4:31;5:07:42;5:03;4:23:04;10:53:30
Cailla;Patterson;CA;F45-49;Finish;1:15:31;4:37;5:40:18;4:59;3:48:09;10:53:34
Andrew;Nevills;CA;M55-59;Finish;57:50;3:58;5:35:57;5:39;4:10:32;10:53:56
Eric;Abecassis;FR;M50-54;Finish;1:19:59;3:09;5:21:29;5:17;4:04:08;10:54:02
Stefan;Graw;DE;M50-54;Finish;1:33:54;4:35;5:18:54;7:18;3:49:26;10:54:07
Takahiro;Hirako;JP;M18-24;Finish;1:21:08;7:07;5:19:44;5:15;4:00:55;10:54:09
William;Owsley;US;M50-54;Finish;1:08:44;3:52;4:58:46;4:21;4:38:30;10:54:13
Ming Chi;Tsai;TW;M40-44;Finish;1:22:26;3:47;5:16:26;3:44;4:07:56;10:54:19
Lisa;Hermansson;SE;F30-34;Finish;1:03:35;3:40;5:26:03;3:04;4:18:00;10:54:22
Kiah;Wheeler;CA;F18-24;Finish;1:09:19;3:40;5:46:33;4:18;3:50:40;10:54:30
Manuela;Dierkes;DE;F40-44;Finish;1:06:57;3:25;5:37:40;4:21;4:02:20;10:54:43
Siobhan;Mccloskey;AU;F18-24;Finish;1:12:56;5:44;5:33:58;6:09;3:55:58;10:54:45
Laura;Aykroyd;US;F35-39;Finish;1:14:46;3:37;5:26:20;3:31;4:06:34;10:54:48
Kristin;Louderback;US;F35-39;Finish;1:06:54;4:04;5:36:16;3:37;4:03:59;10:54:50
Amy;Javens;US;F45-49;Finish;1:14:24;4:10;5:17:37;3:54;4:14:50;10:54:55
Corrine;Schlabach;US;F25-29;Finish;1:04:54;4:24;5:40:40;4:39;4:00:18;10:54:55
Mattias;Bylund;SE;M40-44;Finish;1:04:12;4:57;5:43:25;4:56;3:57:31;10:55:01
Marsha;French;US;F45-49;Finish;1:00:26;4:56;5:49:41;6:36;3:53:27;10:55:06
Ken;Glah;US;M55-59;Finish;1:01:43;3:13;4:58:13;5:06;4:47:23;10:55:38
Carsten;Im Brahm;DE;M45-49;Finish;59:17;3:56;5:16:52;7:23;4:28:20;10:55:48
Megan;Macdonald;CA;F35-39;Finish;1:19:28;2:48;5:35:57;3:33;3:54:04;10:55:50
David;Macmillan;US;M40-44;Finish;1:10:29;5:49;5:08:08;7:50;4:23:39;10:55:55
Stuart;Harsley;AU;M45-49;Finish;1:09:35;6:55;5:11:38;6:56;4:20:54;10:55:58
James;Shapcott;NZ;M30-34;Finish;1:00:46;4:30;5:05:04;4:22;4:41:16;10:55:58
David;Zimmermann;CH;M45-49;Finish;1:17:39;7:08;5:07:22;6:51;4:17:11;10:56:11
Ralf;Schmäding;DE;M55-59;Finish;1:20:21;3:16;5:37:57;3:24;3:51:16;10:56:14
Scott;Mcgrath;CA;M45-49;Finish;1:08:26;7:14;5:20:26;9:17;4:11:10;10:56:33
Frederikke;Idon-Andersen;DK;F18-24;Finish;1:08:10;3:17;5:39:03;3:10;4:02:55;10:56:35
Kirstine;Færch;DK;F45-49;Finish;1:09:24;4:29;5:33:41;4:02;4:05:07;10:56:43
Peter;Thompson;US;M25-29;Finish;1:04:51;4:52;5:35:58;7:00;4:04:10;10:56:51
Sebastian Felix;Dr. Girg;DE;M40-44;Finish;1:13:24;3:31;5:15:03;3:08;4:21:47;10:56:53
Ryan;Rae;AU;M35-39;Finish;1:03:53;4:42;5:26:43;6:40;4:15:02;10:57:00
Erik;Olsson;SE;M35-39;Finish;1:12:50;3:57;5:15:33;6:20;4:18:31;10:57:11
Aj;Johnson;US;M40-44;Finish;1:03:32;6:01;5:17:25;8:40;4:21:36;10:57:14
Rene;Rutze;AU;M55-59;Finish;1:13:55;4:33;5:13:01;4:03;4:21:47;10:57:19
Shannon;Proffit;NZ;F35-39;Finish;59:02;3:05;5:26:32;3:33;4:25:14;10:57:26
Amalia Isabel;Sanchez Albo;MX;F25-29;Finish;58:49;2:47;5:45:23;3:35;4:06:53;10:57:27
Scott;Hyndman;AU;M50-54;Finish;1:10:09;9:07;5:34:46;7:17;3:56:26;10:57:45
Walton;Claire;GB;F30-34;Finish;1:14:07;4:03;5:44:04;4:46;3:50:55;10:57:55
Young-Suk;Cho;ZZ;M50-54;Finish;1:05:39;4:33;5:44:48;5:55;3:57:03;10:57:58
Megan;Gibbons;US;F25-29;Finish;56:51;5:46;5:33:43;3:50;4:17:57;10:58:07
Maria;Hodges;PH;F30-34;Finish;1:08:17;3:10;5:35:19;3:19;4:08:05;10:58:10
Jeffrey;Capobianco;US;M45-49;Finish;1:20:13;5:02;5:05:57;4:17;4:22:48;10:58:17
Robert;Loveridge;NZ;M50-54;Finish;1:10:13;3:17;5:14:10;4:30;4:26:08;10:58:18
Björn;Stenbrink;SE;M50-54;Finish;1:05:44;5:51;5:21:10;5:51;4:19:45;10:58:21
Anthony;Adam;FR;M35-39;Finish;59:20;2:54;4:50:32;3:59;5:01:40;10:58:25
Christopher;Vosloo;ZA;M50-54;Finish;1:07:44;5:35;5:15:09;6:33;4:23:26;10:58:27
Danielle;Kurpershoek;NL;F35-39;Finish;1:09:19;6:26;5:26:36;4:35;4:11:31;10:58:27
Khalid Khamis;Buallay;BH;M25-29;Finish;1:09:46;4:12;5:40:28;6:52;3:57:33;10:58:51
Stephen;Hill;AU;M45-49;Finish;1:10:37;6:26;5:20:22;5:23;4:16:09;10:58:57
Mikhail;Pirozhkov;RU;M50-54;Finish;1:15:32;7:03;5:05:02;4:45;4:26:40;10:59:02
Kunchen;Wang;CN;M25-29;Finish;1:26:56;3:53;5:37:10;5:32;3:45:40;10:59:11
Matti;Hurula;FI;M55-59;Finish;1:05:42;5:09;5:02:44;6:05;4:40:11;10:59:51
Thomas;Beran;AT;M45-49;Finish;1:00:43;6:52;5:32:19;7:33;4:12:27;10:59:54
John;Van Soest;US;M45-49;Finish;1:12:51;4:37;5:27:27;4:41;4:10:26;11:00:02
Andy;Ryan;AU;M35-39;Finish;1:13:15;4:13;4:57:16;4:31;4:40:50;11:00:05
Boris;Hueber;FR;M35-39;Finish;1:14:54;2:07;5:23:23;5:57;4:14:02;11:00:23
Lorena;Farina;AR;F40-44;Finish;1:18:58;4:19;5:22:26;3:46;4:11:23;11:00:52
June;Ward;AU;F55-59;Finish;1:16:12;4:53;5:46:38;3:00;3:50:11;11:00:54
Markus;Jochum;AT;M65-69;Finish;1:17:30;5:24;5:22:58;5:15;4:09:47;11:00:54
Markus;Kaeppeli;CH;M50-54;Finish;1:11:03;3:20;4:51:12;4:58;4:50:33;11:01:06
Emily;Rollins;US;F40-44;Finish;1:10:58;5:24;5:40:50;5:49;3:58:08;11:01:09
Scott;Tompkins;US;M45-49;Finish;1:04:08;4:21;5:16:37;5:25;4:30:41;11:01:12
Carrie;Reuwer;US;F45-49;Finish;1:05:20;5:28;5:32:54;5:02;4:12:35;11:01:19
Karen;Rasmussen;NZ;F40-44;Finish;1:07:55;6:31;5:46:13;5:02;3:55:40;11:01:21
James;Sunners;CA;M55-59;Finish;1:10:38;3:41;5:04:03;5:44;4:37:23;11:01:29
Matt;Gervais;CA;M35-39;Finish;1:01:27;4:18;5:00:36;4:34;4:50:41;11:01:36
Steven;Galat;US;M55-59;Finish;1:07:27;5:02;5:39:17;5:06;4:04:48;11:01:40
Karen;Smith;BM;F50-54;Finish;1:05:56;3:46;5:18:55;3:55;4:29:10;11:01:42
Christian;Meuser;BE;M60-64;Finish;1:25:56;6:35;5:14:34;5:34;4:09:05;11:01:44
Sakata;Akira;JP;M18-24;Finish;1:11:47;4:01;6:05:08;3:41;3:37:11;11:01:48
Piotr;Gasiorowski;PL;M45-49;Finish;1:22:43;4:13;5:20:26;4:07;4:10:24;11:01:53
John;Birkelo;JP;M55-59;Finish;1:31:33;5:38;5:19:38;4:29;4:00:39;11:01:57
Keri;Houston;NZ;F50-54;Finish;1:11:54;4:42;5:37:49;4:14;4:03:18;11:01:57
Mark;Rohde;AU;M40-44;Finish;1:15:21;5:34;5:26:55;6:19;4:07:51;11:02:00
Claus;Regenberg;DE;M50-54;Finish;1:20:20;4:05;5:13:31;4:38;4:19:29;11:02:03
Alicja;Medak;PL;F45-49;Finish;1:22:52;4:31;5:43:07;5:53;3:45:45;11:02:08
Uwe;Moeller;DE;M50-54;Finish;1:07:06;3:45;5:20:34;4:50;4:26:08;11:02:23
Lisa Ann;Hancox;GB;F40-44;Finish;1:00:31;3:52;5:49:16;5:42;4:03:02;11:02:23
Anna;Wächtershäuser;DE;F35-39;Finish;1:11:49;2:50;5:25:28;5:26;4:16:53;11:02:26
Silke;Piri;DE;F30-34;Finish;1:26:40;3:42;5:27:32;3:45;4:00:57;11:02:36
Hélène;Vander Massen;BE;F30-34;Finish;1:10:46;4:31;5:14:33;3:47;4:29:01;11:02:38
Mojca;Hafner;SI;F25-29;Finish;1:08:43;3:15;5:25:00;4:00;4:21:43;11:02:41
Serena;Hammond;NZ;F40-44;Finish;1:26:44;3:38;5:23:18;3:38;4:05:25;11:02:43
Jonathan;Kwaterka;LT;M30-34;Finish;1:04:23;2:41;6:05:06;4:58;3:45:51;11:02:59
Johan;Lidström;SE;M30-34;Finish;1:19:43;3:41;5:18:59;5:58;4:14:53;11:03:14
Robin;White;US;F45-49;Finish;1:01:41;3:44;5:44:46;5:04;4:08:05;11:03:20
Franck;Vuaillat;FR;M55-59;Finish;1:12:15;5:40;5:25:52;5:03;4:14:34;11:03:24
Joanne;Rutherford;AU;F40-44;Finish;1:09:44;3:53;5:41:37;5:30;4:02:43;11:03:27
Dana;Bullard;US;F40-44;Finish;1:12:17;4:28;5:36:35;3:50;4:06:21;11:03:31
Tim;Rose;DE;M18-24;Finish;1:11:07;3:19;4:52:09;4:13;4:53:17;11:04:05
Stephen;Dow;GB;M50-54;Finish;1:09:41;4:49;5:21:09;6:18;4:22:10;11:04:07
luis;herran;GB;M55-59;Finish;1:13:16;4:11;5:14:36;6:08;4:26:14;11:04:25
Steve;Murray;US;M50-54;Finish;1:02:12;4:45;5:27:42;5:06;4:24:43;11:04:28
Lauren;Palmer;US;F30-34;Finish;1:11:49;5:25;5:33:23;3:38;4:10:14;11:04:29
Koji;Muroya;JP;M55-59;Finish;1:11:26;4:01;5:23:24;6:21;4:19:32;11:04:44
Dave;Mcloughlan;NZ;M50-54;Finish;1:17:33;5:56;5:15:02;6:18;4:19:58;11:04:47
Chris;Yard;US;M50-54;Finish;1:11:22;9:21;5:17:16;6:18;4:20:42;11:04:59
Mark;Samuel;US;M40-44;Finish;1:06:17;3:40;4:50:10;5:41;4:59:20;11:05:08
Laurent;Rivalin;AU;M35-39;Finish;1:08:18;8:36;5:11:23;10:30;4:26:42;11:05:29
Emma;Mickelson;US;F18-24;Finish;1:07:55;3:07;5:53:29;4:26;3:56:34;11:05:31
Malin;Gren;SE;F30-34;Finish;1:08:39;3:05;5:38:58;3:01;4:11:52;11:05:35
Carl;Eichert;US;M25-29;Finish;59:15;6:48;5:34:17;9:10;4:16:21;11:05:51
Christine;Hoffmann;US;F30-34;Finish;1:05:24;4:32;5:10:44;4:11;4:41:13;11:06:04
Ryo;Ishida;JP;M18-24;Finish;53:43;3:51;4:58:21;5:12;5:04:58;11:06:05
Ursela;Knezevic;US;F30-34;Finish;1:10:58;4:39;5:41:15;3:44;4:05:34;11:06:10
Willy;Hatlevoll;NO;M60-64;Finish;1:36:01;3:25;5:17:15;3:46;4:06:05;11:06:32
Maryanne;Octave;BE;F40-44;Finish;1:16:58;4:36;5:24:57;3:45;4:16:28;11:06:44
Karine;Spagnoletti;CA;F40-44;Finish;1:04:14;3:45;5:34:10;4:13;4:20:22;11:06:44
Johan;Christiansson;SE;M45-49;Finish;1:10:59;3:51;5:18:06;6:02;4:28:03;11:07:01
Andreas;Backes;DE;M55-59;Finish;1:13:43;7:14;5:54:27;9:23;3:42:21;11:07:08
Tony;Lavesson;SE;M50-54;Finish;1:24:15;5:49;5:39:47;4:31;3:52:54;11:07:16
Tomasz;Socha;PL;M50-54;Finish;1:20:21;4:16;5:35:48;4:55;4:02:15;11:07:35
Ryota;Fujiwara;JP;M30-34;Finish;1:09:28;6:56;5:37:11;4:21;4:09:47;11:07:43
Ninke;Meynen;BE;F18-24;Finish;1:02:37;2:17;5:53:33;2:40;4:06:40;11:07:47
Ayu;Ichikawa;JP;F18-24;Finish;1:07:53;4:14;5:37:53;5:33;4:12:25;11:07:58
David;Daffey;AU;M40-44;Finish;1:22:01;4:40;5:27:08;5:22;4:08:54;11:08:05
Olimpia;Wojtylo;PL;F35-39;Finish;1:08:37;4:23;5:23:13;3:47;4:28:08;11:08:08
Katja;Von Kaminietz;DE;F45-49;Finish;1:11:47;3:52;5:41:56;3:40;4:06:58;11:08:13
Camilla;Lykke;DK;F25-29;Finish;1:16:16;5:50;5:42:03;4:25;3:59:49;11:08:23
Cathrine;Sand;DK;F18-24;Finish;1:04:09;4:03;6:14:36;3:03;3:42:51;11:08:42
David;Ahlert;US;M50-54;Finish;1:17:09;5:56;5:29:52;5:01;4:10:48;11:08:46
Joshua;King;US;M35-39;Finish;1:13:41;4:42;5:38:40;5:06;4:06:44;11:08:53
Lee;Charles;GB;M45-49;Finish;1:12:19;4:12;5:00:54;5:34;4:45:58;11:08:57
Toivonen;Janne;FI;M45-49;Finish;1:15:57;5:35;5:21:57;7:41;4:17:53;11:09:03
Karl;Kaudela;AT;M60-64;Finish;1:42:34;3:55;5:15:11;4:38;4:02:50;11:09:08
Jacquelyn;Foley;US;F35-39;Finish;55:31;3:05;5:42:53;5:18;4:22:25;11:09:12
Marianne Schøler;Nielsen;DK;F50-54;Finish;1:28:12;5:02;5:38:09;3:30;3:54:35;11:09:28
Enrique;Boldu Tormo;ES;M50-54;Finish;56:10;3:29;5:25:20;7:31;4:37:10;11:09:40
Alan;Hartley;AU;M60-64;Finish;1:17:46;4:24;5:24:50;3:38;4:19:21;11:09:59
Irena;Mazin;IL;F45-49;Finish;1:20:07;4:49;5:34:05;4:46;4:06:13;11:10:00
Michael;Bischoff;US;M35-39;Finish;1:11:03;4:20;5:09:05;4:16;4:41:16;11:10:00
Kurt;Madden;US;M60-64;Finish;1:02:25;4:23;5:27:38;4:53;4:30:46;11:10:05
Pantera;Molina;AR;M50-54;Finish;1:09:08;3:36;5:42:00;4:00;4:11:26;11:10:10
Russ;Brandt;US;M45-49;Finish;1:03:56;3:31;4:56:43;4:55;5:01:10;11:10:15
Julie;Howle;AU;F45-49;Finish;1:04:21;4:17;5:54:16;3:32;4:03:53;11:10:19
Craig;Lanza;US;M50-54;Finish;56:13;4:37;5:28:15;6:29;4:34:46;11:10:20
Rajan;Thananayagam;LK;M45-49;Finish;1:22:46;4:59;5:19:29;5:48;4:17:20;11:10:22
Noel;Lepoittevin;RE;M45-49;Finish;1:12:20;4:35;5:40:16;3:25;4:09:58;11:10:34
Dmitriy;Strizhov;UA;M40-44;Finish;1:25:19;5:27;5:27:00;4:50;4:08:18;11:10:54
Michelle;Heneghan;IE;F30-34;Finish;1:10:55;3:41;5:42:15;6:05;4:08:00;11:10:56
Debra;Neil;AU;F45-49;Finish;1:08:57;6:48;5:34:54;9:52;4:10:36;11:11:07
Lauren;Matricardi;US;F30-34;Finish;1:15:37;3:45;5:32:46;3:11;4:15:52;11:11:11
Romain;Louedec;FR;M25-29;Finish;51:30;3:01;5:02:27;5:36;5:08:38;11:11:12
Elien;Janssen;BE;F25-29;Finish;1:08:41;5:25;5:33:37;4:58;4:18:34;11:11:15
Nicole;Wood;PY;F25-29;Finish;1:02:36;3:25;5:27:08;3:01;4:35:13;11:11:23
Li Yun;Chen;TW;F30-34;Finish;1:35:00;3:34;5:38:53;4:21;3:49:38;11:11:26
Michael;Decarli;US;M40-44;Finish;1:12:35;3:27;5:07:34;8:14;4:39:38;11:11:28
Megan;Arthur;NZ;F40-44;Finish;1:10:45;4:31;5:25:15;4:15;4:26:46;11:11:32
Jaynald;Canaria;PH;M40-44;Finish;1:18:50;4:56;5:33:57;6:46;4:07:03;11:11:32
Paul;Nixon;AU;M55-59;Finish;1:11:35;4:40;5:10:52;5:42;4:38:59;11:11:48
Peukert;Diana;DE;F40-44;Finish;1:08:19;4:38;5:44:42;5:42;4:08:37;11:11:58
Gina;Myers;US;F18-24;Finish;1:06:46;3:52;5:47:29;3:35;4:10:38;11:12:20
Augusto Cesar;Pocas;BR;M45-49;Finish;1:11:52;3:57;5:11:54;5:33;4:39:19;11:12:35
Rebekah;Walker;US;F35-39;Finish;1:09:29;4:17;5:29:41;6:14;4:23:01;11:12:42
Peter;Thaus;AU;M45-49;Finish;1:02:55;3:46;5:03:42;4:50;4:57:39;11:12:52
Philippe;Simon;FR;M45-49;Finish;1:23:21;6:19;5:27:10;4:53;4:11:14;11:12:57
Jenny;Hart;AU;F50-54;Finish;1:21:34;4:03;5:52:27;5:23;3:50:00;11:13:27
Oliver;Weber;US;M50-54;Finish;1:06:27;5:03;5:05:22;8:14;4:48:31;11:13:37
Chee Yong;Lim;MY;M18-24;Finish;1:12:24;3:39;5:35:08;3:25;4:19:05;11:13:41
Larkin;Carter;US;M55-59;Finish;1:17:11;4:14;5:27:16;5:51;4:19:33;11:14:05
Peter;Risteen;CA;M55-59;Finish;1:20:24;6:47;5:23:57;5:34;4:17:37;11:14:19
Kelvin;Shortte;AU;M45-49;Finish;1:05:23;5:48;5:45:32;7:05;4:10:42;11:14:30
Antonio;Bussolati;IT;M55-59;Finish;1:13:39;5:34;5:25:18;5:22;4:24:38;11:14:31
Jody;Dushay;US;F50-54;Finish;1:28:25;6:28;5:47:05;6:03;3:46:32;11:14:33
Ilka;Cordeiro;BR;F45-49;Finish;1:08:02;8:12;5:51:40;5:05;4:01:57;11:14:56
Koji;Akahama;JP;M60-64;Finish;1:17:50;4:51;5:58:26;6:15;3:47:38;11:15:00
Susan;Moerdyk;ZA;F40-44;Finish;1:13:56;4:02;5:26:38;4:45;4:25:42;11:15:03
Darren;Knight;AU;M45-49;Finish;1:24:22;7:33;5:44:08;4:51;3:54:10;11:15:04
Nermin;Hairlahovic;CA;M40-44;Finish;1:25:22;4:20;5:22:53;3:35;4:18:57;11:15:07
Brett;Titus;CA;M55-59;Finish;1:06:53;4:49;5:30:07;6:53;4:26:30;11:15:12
Paul;Marouschek;AT;M55-59;Finish;1:14:01;6:27;5:23:56;6:50;4:23:59;11:15:13
Jocie;Evison;AU;F45-49;Finish;1:01:11;3:36;5:45:03;4:16;4:21:24;11:15:30
Joe;Terry;US;M50-54;Finish;1:20:30;6:01;5:23:55;8:28;4:16:39;11:15:33
Volkmar;Roth;DE;M55-59;Finish;1:07:34;8:39;5:26:53;6:47;4:25:56;11:15:49
Leslie;Knibb;US;F55-59;Finish;1:03:36;2:59;5:25:29;4:16;4:39:37;11:15:57
Andre;Graff;DE;M55-59;Finish;1:10:52;7:58;5:35:23;7:44;4:14:01;11:15:58
Amy;Hite;US;F40-44;Finish;1:12:28;3:56;5:29:16;4:43;4:25:44;11:16:07
Camilla;Wade-West;GB;F25-29;Finish;1:19:44;3:42;5:51:58;4:17;3:56:27;11:16:08
David;Mattson;NZ;M45-49;Finish;1:05:29;6:23;5:25:50;4:12;4:34:27;11:16:21
Mary;Robbins;US;F30-34;Finish;1:02:47;3:23;5:09:57;4:15;4:56:02;11:16:24
Martin;Schaar;DE;M40-44;Finish;1:12:45;4:55;5:15:51;7:31;4:35:32;11:16:34
Robert;Bacon;GB;M40-44;Finish;1:26:05;5:34;5:33:41;4:49;4:06:27;11:16:36
Gamaliel;Aboshabana;EG;M30-34;Finish;1:15:15;4:07;5:30:44;5:33;4:21:08;11:16:47
Alejandra;Ibarra Guerrero;MX;F35-39;Finish;1:11:00;3:35;5:46:54;4:26;4:10:58;11:16:53
Jess;Perry;US;F35-39;Finish;1:14:02;4:07;5:29:48;3:24;4:25:36;11:16:57
Sarah;Watson;AU;F40-44;Finish;1:10:01;5:00;5:47:47;5:40;4:08:34;11:17:02
Kim;Sanner;US;F50-54;Finish;1:15:35;3:53;5:21:19;5:35;4:30:52;11:17:14
Marie;Sandberg;SE;F35-39;Finish;1:11:12;6:28;5:33:49;5:27;4:20:37;11:17:33
Urbano;Ferrazzi;IT;M55-59;Finish;1:18:23;3:00;5:34:45;5:01;4:16:40;11:17:49
Manfred;Kraft;DE;M55-59;Finish;1:20:20;4:48;5:42:37;4:53;4:05:29;11:18:07
Andres;Sauma;CL;M45-49;Finish;57:17;4:12;5:06:00;5:08;5:05:31;11:18:08
Annemarie;Power;IE;F45-49;Finish;1:10:26;6:03;5:37:52;4:56;4:18:52;11:18:09
Jimi;Young;US;M45-49;Finish;1:18:20;5:38;5:19:25;5:16;4:29:33;11:18:12
Stefanie;Pauer;AT;F18-24;Finish;1:06:54;3:59;5:59:26;3:04;4:05:16;11:18:39
Olivier;Derbez;ZZ;M40-44;Finish;1:18:13;3:31;5:21:35;8:31;4:27:23;11:19:13
Megan;Gray;AU;F45-49;Finish;1:03:21;4:04;5:38:09;5:08;4:28:47;11:19:29
Kristen;Wilson;US;F40-44;Finish;1:12:44;4:11;5:30:16;3:58;4:28:26;11:19:35
Sarah;Karpinski;US;F35-39;Finish;1:15:36;4:31;5:43:09;3:44;4:12:37;11:19:37
Wong;Wai Ho;HK;M25-29;Finish;1:07:55;6:23;5:24:03;7:04;4:34:16;11:19:41
Maxine;Mckinnon;GB;F55-59;Finish;1:22:37;4:20;5:54:48;5:28;3:52:29;11:19:42
Britni;Bakk;US;F50-54;Finish;1:06:55;4:06;5:36:54;2:46;4:29:16;11:19:57
Anders;Björlin;SE;M50-54;Finish;1:30:03;6:36;5:20:02;7:55;4:15:29;11:20:05
Christian;Masera;FR;M55-59;Finish;1:29:15;6:03;5:53:36;6:29;3:45:02;11:20:25
Michael;Burmester;DK;M55-59;Finish;1:10:53;3:54;5:34:42;4:09;4:27:07;11:20:45
Sam;Sakai;JP;M45-49;Finish;1:13:26;4:05;5:26:46;7:24;4:29:25;11:21:06
Jeff;Crosby;US;M55-59;Finish;1:14:44;4:43;5:27:35;6:45;4:27:36;11:21:23
Michele;Stoeckli;CH;F45-49;Finish;1:09:42;5:04;5:41:54;5:29;4:19:26;11:21:35
Suzy;Thomas;US;F45-49;Finish;1:03:41;3:52;5:50:26;5:03;4:18:36;11:21:38
Melissa;Norcross;US;F35-39;Finish;1:18:55;6:19;5:48:13;4:45;4:03:42;11:21:54
Carey;Colbert;US;F25-29;Finish;1:00:16;2:50;5:56:04;5:28;4:17:17;11:21:55
Rincaweski;Gustavo;BR;M25-29;Finish;1:05:56;5:00;5:19:42;4:37;4:46:44;11:21:59
Deanna;Newman;US;F45-49;Finish;1:11:47;3:48;5:34:26;3:55;4:28:21;11:22:17
Jacob;Schiøtt;DK;M45-49;Finish;1:13:41;5:00;5:13:58;4:36;4:45:18;11:22:33
chow;chi ngan;HK;F35-39;Finish;1:28:19;3:43;6:02:26;3:37;3:44:31;11:22:36
Thierry;Foulounoux;FR;M60-64;Finish;1:17:20;5:24;5:36:09;7:01;4:17:37;11:23:31
Sergai;Delamora;US;M45-49;Finish;1:12:01;3:44;5:27:16;4:24;4:36:10;11:23:35
Ed;Price;US;M55-59;Finish;1:08:46;6:39;5:38:22;7:14;4:22:48;11:23:49
Lakhdar;Zaid;FR;M50-54;Finish;1:06:05;8:10;5:28:14;5:51;4:35:46;11:24:06
Andreas;Bode;DE;M60-64;Finish;1:12:30;5:11;5:44:59;4:11;4:18:25;11:25:16
Joanna;Shallcross;GB;F40-44;Finish;1:12:30;4:03;5:33:31;4:44;4:30:47;11:25:35
Vincent;Tremaine;AU;M60-64;Finish;1:14:13;5:55;5:27:43;6:07;4:31:42;11:25:40
Margaret;Hepworth;US;F55-59;Finish;1:08:34;5:00;5:40:52;6:03;4:25:44;11:26:13
Mina;Pizzini;US;F50-54;Finish;1:06:15;4:56;5:30:05;4:13;4:41:04;11:26:33
Meagan;Bradley;US;F40-44;Finish;58:07;3:44;5:25:00;4:02;4:55:40;11:26:33
Jeff;Wisot;US;M55-59;Finish;1:24:20;5:55;5:39:31;4:45;4:12:20;11:26:51
Michael;Hickey;US;M45-49;Finish;1:13:00;4:26;5:22:29;4:43;4:42:25;11:27:03
Nagima;Kerimbayeva;KZ;F40-44;Finish;1:16:11;4:26;5:41:48;4:24;4:20:26;11:27:15
Lucien;Peron;CA;M50-54;Finish;1:08:39;8:04;5:34:30;6:08;4:29:55;11:27:16
Guy;Dru Drury;GB;M50-54;Finish;1:22:06;7:03;5:36:26;7:00;4:14:44;11:27:19
Masato;Shimizu;JP;M55-59;Finish;1:27:15;6:16;5:38:26;6:07;4:09:32;11:27:36
Ned;Daily;US;M60-64;Finish;1:24:41;6:59;5:29:29;6:32;4:20:04;11:27:45
Steve;Joyce;NZ;M55-59;Finish;1:16:47;4:15;5:30:26;6:04;4:30:44;11:28:16
Susanne;Harz;DE;F45-49;Finish;1:21:53;4:57;5:49:30;4:50;4:07:08;11:28:18
Jefferson;Oishi;BR;M40-44;Finish;1:11:17;5:10;5:57:45;3:24;4:10:57;11:28:33
Tatum;Perez;US;F40-44;Finish;1:10:05;6:27;6:13:37;6:05;3:52:20;11:28:34
정현;조;KR;M55-59;Finish;1:15:08;6:24;5:24:46;6:19;4:36:06;11:28:43
Akio;Yamauchi;JP;M55-59;Finish;1:45:22;11:15;5:27:55;7:57;3:56:20;11:28:49
Georg;Berger;AT;M40-44;Finish;1:14:38;4:21;5:33:16;4:22;4:32:16;11:28:53
Thomas;Fox;DE;M50-54;Finish;1:23:40;6:08;5:18:19;6:13;4:34:35;11:28:55
Roger;Zoch;DE;M60-64;Finish;1:17:53;5:26;5:32:25;5:02;4:28:59;11:29:45
Cintia;Tobar;BR;F30-34;Finish;1:14:39;3:14;6:11:53;2:45;3:57:31;11:30:02
Michael;Armstrong;US;M45-49;Finish;1:21:01;6:11;5:48:40;8:44;4:05:29;11:30:05
Meleah;Murphy;US;F30-34;Finish;1:08:48;4:04;5:46:12;4:54;4:26:09;11:30:07
Ines Adriana;Wong Diaz;MX;F35-39;Finish;1:15:51;4:19;5:48:18;4:16;4:17:26;11:30:10
Ophelie;Saussus;BE;F18-24;Finish;1:06:46;3:31;5:51:33;4:16;4:24:13;11:30:19
Joanne;Mclaughlan;AU;F50-54;Finish;1:11:01;3:44;5:25:54;3:20;4:46:51;11:30:50
Ronald;Skoda;US;M40-44;Finish;1:38:02;3:37;5:30:50;5:04;4:13:42;11:31:15
bruno;girardi;FR;M60-64;Finish;1:18:01;4:25;5:12:10;5:19;4:51:26;11:31:21
Caroline;Longchamp;CA;F40-44;Finish;1:29:16;3:24;5:39:23;3:57;4:15:42;11:31:42
Uwe;Drechsel;DE;M60-64;Finish;1:25:07;3:48;5:29:22;5:22;4:28:21;11:32:00
Jon;Moynihan;US;M40-44;Finish;1:04:39;6:24;5:58:07;6:10;4:16:58;11:32:18
Keld;Thomsen;DK;M45-49;Finish;1:05:52;3:54;4:58:15;5:37;5:18:56;11:32:34
Heather;Koning;US;F30-34;Finish;1:11:09;5:52;5:34:07;6:50;4:35:13;11:33:11
Tom;Monica;US;M60-64;Finish;1:00:56;5:26;5:33:58;6:27;4:46:54;11:33:41
Josep Maria;Puig Bell-Lloch;ES;M55-59;Finish;1:29:45;6:47;5:39:23;5:42;4:12:07;11:33:44
Mark;Jones;GB;M50-54;Finish;1:18:39;6:32;5:25:19;7:26;4:35:49;11:33:45
Anthony;Avila;US;M50-54;Finish;1:20:11;5:42;5:27:59;8:05;4:31:56;11:33:53
Rebecca;Carpenter;US;F45-49;Finish;57:04;3:31;5:24:12;4:26;5:04:54;11:34:07
Lara;Chow;CA;F25-29;Finish;1:16:13;6:58;5:49:56;5:11;4:15:52;11:34:10
Tony;Salvi;US;M50-54;Finish;1:36:13;9:55;5:40:13;8:14;3:59:51;11:34:26
Monika;Frank;CH;F40-44;Finish;1:18:24;4:59;5:56:24;4:12;4:10:49;11:34:48
Bozena;Jaskowska;PL;F40-44;Finish;1:15:57;4:54;5:49:15;5:53;4:18:58;11:34:57
Thomas Marco;Marchiori;IT;M55-59;Finish;1:22:20;4:27;5:42:03;4:35;4:21:35;11:35:00
Nathalie Andrea;Frähmcke;DE;F18-24;Finish;1:17:53;2:45;5:46:09;3:45;4:24:30;11:35:02
Katrina;Whaanga;NZ;F45-49;Finish;1:08:50;5:06;5:41:19;6:36;4:33:22;11:35:13
Kristi;Moen;US;F55-59;Finish;1:16:46;4:59;5:58:25;5:19;4:09:48;11:35:17
Ines;Maria;AR;F45-49;Finish;1:33:30;6:20;5:50:01;6:47;3:58:46;11:35:24
Mark;Burke;NZ;M55-59;Finish;1:12:13;4:56;5:20:58;5:01;4:52:34;11:35:42
Clara-Maria;Bader;DE;F25-29;Finish;1:03:26;3:56;5:56:35;4:11;4:27:34;11:35:42
Andrew;Cuthbertson;CA;M60-64;Finish;1:03:13;5:28;5:51:27;7:37;4:28:16;11:36:01
Tomoshige;Ikeda;JP;M60-64;Finish;1:21:48;5:44;5:49:00;6:24;4:13:06;11:36:02
Thierry;Moncada;CA;M55-59;Finish;1:28:49;6:11;5:23:48;7:01;4:30:25;11:36:14
Melinda;Nagle;US;F50-54;Finish;1:10:41;5:44;5:36:09;5:05;4:38:51;11:36:30
Chris;Gerber;CH;M50-54;Finish;1:10:32;6:13;5:36:32;6:07;4:37:28;11:36:52
Dariusz;Drapella;PL;M60-64;Finish;1:13:01;2:49;5:35:15;3:36;4:42:13;11:36:54
Derrek;Sanks;US;M50-54;Finish;1:26:07;4:30;5:44:51;5:14;4:16:16;11:36:58
Karine;Fragnière;CH;F50-54;Finish;1:18:17;5:47;5:50:27;3:40;4:18:53;11:37:04
Kate;Wardrope;AU;F40-44;Finish;1:08:39;6:05;5:38:40;5:22;4:38:31;11:37:17
Dan;Streetman;US;M50-54;Finish;1:20:25;4:25;5:07:23;5:00;5:00:11;11:37:24
Christophe;Mariotte;FR;M45-49;Finish;1:08:15;5:16;5:14:32;7:03;5:02:28;11:37:34
Melanie;Ott;US;F30-34;Finish;1:16:19;5:51;5:50:29;5:06;4:19:55;11:37:40
Charlotte;Libach;DK;F30-34;Finish;1:05:26;4:35;5:27:33;5:06;4:55:02;11:37:42
Daniel;Fairbanks;US;M50-54;Finish;55:19;6:57;5:21:35;8:23;5:05:36;11:37:50
Mauro;Giaconia;IT;M45-49;Finish;59:09;5:28;5:28:46;6:48;4:57:40;11:37:51
Tom;Kinneman;US;M65-69;Finish;1:17:38;6:38;5:56:37;4:35;4:12:47;11:38:15
Steven;Debaere;BE;M40-44;Finish;1:10:16;4:31;5:10:35;6:22;5:06:42;11:38:26
Margareth;van den Boogert;NL;F50-54;Finish;1:12:59;5:20;6:00:11;5:29;4:14:44;11:38:43
Len;Ireland;CA;M65-69;Finish;1:26:20;4:56;5:26:40;5:17;4:35:53;11:39:06
Noriel;Simsuangco;PH;M40-44;Finish;1:33:57;7:06;5:34:04;5:15;4:18:58;11:39:20
Leila;Kuenzel;DE;F35-39;Finish;1:09:33;3:56;5:29:48;3:19;4:52:45;11:39:21
Denny;Quelier;FR;M55-59;Finish;1:05:07;5:16;5:35:44;5:28;4:47:49;11:39:24
Juan;Valencia;CO;M35-39;Finish;53:43;4:32;4:41:01;3:07;5:57:27;11:39:50
Andrea;Herbold;DE;F55-59;Finish;1:21:12;4:06;5:59:18;5:01;4:10:15;11:39:52
Karen;Pompay;US;F45-49;Finish;1:11:29;6:42;6:00:39;5:10;4:16:07;11:40:07
Claudio;Schiller Thompson Flores;BR;M55-59;Finish;1:06:32;5:45;5:33:32;7:33;4:47:00;11:40:22
Karen;Shaw;AU;F35-39;Finish;1:20:16;5:33;5:43:05;7:05;4:24:28;11:40:27
Mike;Hooper;GB;M55-59;Finish;1:05:47;5:11;5:33:28;8:10;4:47:54;11:40:30
Alison;Tercek;US;F25-29;Finish;1:07:56;4:48;5:37:26;4:22;4:46:09;11:40:41
Rodolfo;Zeledon;CR;M30-34;Finish;1:07:37;3:39;5:34:24;5:07;4:50:41;11:41:28
VANUSA;ALBERTI;BR;F40-44;Finish;1:21:10;7:32;6:06:57;6:41;3:59:17;11:41:37
Ernesto;Abedumdelima;MX;M55-59;Finish;1:20:52;5:19;5:29:45;10:10;4:35:35;11:41:41
Judy;Daggett;US;F60-64;Finish;1:21:10;4:26;5:52:33;3:46;4:19:49;11:41:44
Wenjuan;Tan;CN;F25-29;Finish;1:36:31;3:51;5:43:52;4:53;4:12:38;11:41:45
Rebecca;Bennett;GB;F30-34;Finish;1:04:18;3:36;5:38:05;4:17;4:51:33;11:41:49
Wes;Thompson;AU;M45-49;Finish;1:05:26;3:22;5:04:17;2:51;5:25:57;11:41:53
Natally;Costa;BR;F25-29;Finish;1:15:17;6:00;6:05:07;4:10;4:11:20;11:41:54
Erica;Bolvin;US;F40-44;Finish;1:07:13;5:03;6:16:35;4:42;4:08:31;11:42:04
Zack;Silver;US;M25-29;Finish;1:06:18;6:10;6:04:12;5:57;4:19:48;11:42:25
Dieter;Lüscher;CH;M55-59;Finish;1:25:51;5:25;5:38:44;6:30;4:26:00;11:42:30
Cassie;Whittington;US;F35-39;Finish;1:09:23;3:35;5:58:33;3:52;4:27:24;11:42:47
Gerald;Lehrieder;DE;M55-59;Finish;1:29:46;5:20;5:48:23;3:51;4:15:28;11:42:48
Tine;Vogt;DE;F45-49;Finish;1:08:27;4:50;5:54:26;5:26;4:29:39;11:42:48
Jane;Wiley;GB;F60-64;Finish;1:22:59;5:49;5:47:48;4:43;4:21:35;11:42:54
Heidi Mckenna;Schmitt;US;F45-49;Finish;1:11:53;3:43;5:55:38;5:37;4:26:24;11:43:15
Tomas;Valena;AU;M65-69;Finish;1:21:56;4:37;5:51:34;4:07;4:21:07;11:43:21
Lilian;Molesworth;AU;F40-44;Finish;1:22:44;3:51;5:56:21;4:30;4:15:56;11:43:22
Fiona;Lawrence;AU;F45-49;Finish;1:09:19;4:38;5:46:03;5:18;4:38:06;11:43:24
Oscar;Gallo;AR;M60-64;Finish;1:21:18;2:54;5:55:46;4:11;4:19:23;11:43:32
Christopher;Snead;US;M40-44;Finish;1:17:27;5:53;5:38:12;7:30;4:34:57;11:43:59
Juan;Nunez;ES;M45-49;Finish;1:02:53;3:52;5:31:37;7:55;4:57:45;11:44:02
Gary;Jensen;US;M40-44;Finish;1:07:21;3:43;5:34:43;5:14;4:53:06;11:44:07
Alexander;Bregenzer;AT;M50-54;Finish;1:01:29;3:05;5:13:39;4:45;5:21:18;11:44:16
Carime;Flores Márquez;MX;F25-29;Finish;1:07:52;4:49;5:33:45;5:17;4:52:47;11:44:30
Kiram;Ait Kabboura;BE;F40-44;Finish;1:19:59;4:55;5:40:19;5:07;4:34:17;11:44:37
Daniel;Paulsen;DK;M18-24;Finish;1:03:11;2:55;5:16:09;7:43;5:14:57;11:44:55
Tatiana;Shipulina;RU;F18-24;Finish;1:21:05;2:49;5:36:21;4:09;4:40:38;11:45:02
Jonathan;Bernard;CA;M40-44;Finish;1:19:43;6:12;5:25:15;7:29;4:46:44;11:45:23
Catherine;Houseaux;FR;F50-54;Finish;1:16:16;3:50;5:34:25;10:40;4:40:15;11:45:26
Ning Ning;Liu;CN;M35-39;Finish;1:28:05;5:41;5:33:28;6:50;4:31:24;11:45:28
Marla;Zucht;CA;F45-49;Finish;1:19:34;4:19;5:52:11;4:23;4:25:07;11:45:34
Antoine;Cullier;FR;M30-34;Finish;1:23:01;7:17;5:36:31;9:45;4:29:12;11:45:46
Guadalupe;Diaz Sebriano;AR;F18-24;Finish;1:03:12;2:28;6:30:05;12:48;3:57:36;11:46:09
Michael;Vrbanac;US;M60-64;Finish;1:06:40;3:56;5:23:08;23:30;4:49:11;11:46:25
Dj;Deaustria;US;M50-54;Finish;1:11:18;5:32;5:47:03;6:58;4:35:40;11:46:31
Jed;Vanichkachorn;US;M45-49;Finish;1:19:09;6:48;5:49:57;6:00;4:24:40;11:46:34
Kerry;Cancroft;US;F45-49;Finish;1:18:35;4:12;5:39:48;4:14;4:39:46;11:46:35
Gabriela;Garcia;MX;F45-49;Finish;1:22:30;4:33;6:07:37;3:58;4:08:02;11:46:40
Paul;Curtin;US;M55-59;Finish;1:22:31;8:53;5:35:44;8:38;4:31:03;11:46:49
Ryan;Karr;US;M18-24;Finish;1:13:24;4:50;5:19:02;5:46;5:04:32;11:47:34
Annick;Vande Kerckhove;BE;F40-44;Finish;1:16:07;3:44;5:40:05;5:46;4:42:17;11:47:59
Bob;Dejongh;BE;M35-39;Finish;1:12:29;4:55;5:45:18;7:55;4:37:28;11:48:05
Pedro;Berredo;BR;M40-44;Finish;1:01:39;3:27;5:01:45;6:21;5:35:26;11:48:38
Rosa Isela;Sagrero Rodriguez;MX;F40-44;Finish;1:11:49;6:58;5:53:50;3:49;4:32:23;11:48:49
Brandon;Jacinto;US;M30-34;Finish;1:05:21;4:15;5:21:50;8:09;5:09:15;11:48:50
Leo;Muijs;NL;M60-64;Finish;1:11:15;3:41;5:31:21;7:36;4:55:19;11:49:12
Jessica;Brannigan;US;F35-39;Finish;1:09:10;5:21;5:46:08;8:01;4:40:42;11:49:22
Michiel;Jonker;BE;M60-64;Finish;1:13:41;8:04;5:37:26;9:09;4:41:11;11:49:31
Brett;Porter;US;M45-49;Finish;1:08:06;4:56;5:52:53;6:30;4:37:35;11:50:00
Renaud;Cormier;FR;M45-49;Finish;1:04:58;3:49;5:09:09;6:14;5:26:08;11:50:18
Tarryn;Whitmore;AU;F40-44;Finish;1:04:00;3:26;5:39:28;4:02;5:00:09;11:51:05
Dave;Lundberg;US;M50-54;Finish;1:04:53;4:16;5:22:11;4:19;5:15:31;11:51:10
Shannon;Florea;US;F40-44;Finish;1:08:07;4:37;6:15:29;7:44;4:15:21;11:51:18
Jan;Præstholm;DK;M50-54;Finish;1:10:13;4:00;5:17:28;6:06;5:13:37;11:51:24
Renee;Swinson;US;F40-44;Finish;1:24:11;3:42;5:39:18;3:22;4:41:11;11:51:44
Steve;Pilcher;AU;M55-59;Finish;1:13:36;4:11;5:39:48;5:04;4:49:13;11:51:52
Kristen;Osborn;US;F35-39;Finish;1:08:08;4:07;5:56:11;5:25;4:38:01;11:51:52
Sedef;Ozcelik;TR;F30-34;Finish;1:14:44;4:00;6:18:55;7:29;4:06:50;11:51:58
Elzabeth;James;US;F25-29;Finish;1:19:36;6:29;5:53:31;4:50;4:27:33;11:51:59
Amy;Kuitse;US;F55-59;Finish;1:16:56;5:37;6:07:30;5:27;4:16:36;11:52:06
Roy;Johnston;US;M40-44;Finish;1:15:28;4:20;5:46:54;6:00;4:39:25;11:52:07
Cathrine;Axfors;SE;F25-29;Finish;1:06:46;8:38;5:42:10;6:24;4:48:12;11:52:10
Mark;Crouser;US;M50-54;Finish;1:12:48;6:09;5:40:53;8:36;4:44:03;11:52:29
Tom;Glynn;US;M55-59;Finish;1:24:56;6:50;5:45:32;4:28;4:30:58;11:52:44
Jordan;Blanco;GB;F45-49;Finish;1:10:54;5:56;5:22:30;7:43;5:05:42;11:52:45
Duncan;Ball;CA;M50-54;Finish;1:24:30;4:51;5:23:20;9:30;4:50:39;11:52:50
Ben;Steele;AU;M40-44;Finish;1:17:06;5:41;5:44:18;10:08;4:35:49;11:53:02
Graham;Tye;GB;M55-59;Finish;1:15:44;7:33;5:46:20;7:03;4:36:28;11:53:08
Sara;Bund;DE;F35-39;Finish;1:11:35;5:46;6:12:35;5:28;4:17:45;11:53:09
Frederick;Scott;US;M65-69;Finish;1:16:30;4:57;5:25:52;3:14;5:02:47;11:53:20
Maria;Ekström;SE;F40-44;Finish;1:30:31;4:07;5:55:08;3:58;4:19:42;11:53:26
Neil;Wallack;US;M50-54;Finish;1:09:27;9:39;5:37:33;10:56;4:45:51;11:53:26
Ani De Leon;Brown;PH;F40-44;Finish;1:08:16;3:47;5:45:42;6:04;4:49:55;11:53:44
John;Giguere;CA;M50-54;Finish;1:28:35;11:04;5:29:46;5:09;4:40:01;11:54:35
Lars;Dieckmann;DE;M40-44;Finish;1:37:46;4:36;5:20:11;6:02;4:46:05;11:54:40
Debra;Tuchner;CA;F50-54;Finish;1:10:49;4:05;6:03:40;3:46;4:32:38;11:54:58
Amadeus;Hegenbarth;DE;M18-24;Finish;1:00:43;3:44;4:59:11;6:10;5:45:10;11:54:58
Bob;Knuckey;CA;M70-74;Finish;1:18:12;5:08;5:47:37;5:29;4:38:37;11:55:03
Inge;Coeck;BE;F50-54;Finish;1:15:33;4:35;5:40:38;5:40;4:48:39;11:55:05
Jose;Leal;GT;M50-54;Finish;1:11:13;4:20;5:25:12;4:03;5:10:18;11:55:06
Keish;Doi;US;M50-54;Finish;1:08:48;2:35;4:55:16;4:29;5:44:03;11:55:11
Pavel;Lemesev;RU;M35-39;Finish;1:02:15;7:36;5:16:10;12:02;5:17:11;11:55:14
Michael;Dye;AU;M60-64;Finish;1:09:40;7:17;6:01:29;5:00;4:31:54;11:55:20
Phil;Saussus;BE;M55-59;Finish;1:20:04;6:31;5:50:19;4:52;4:33:52;11:55:38
Renee;Vincel;US;F50-54;Finish;1:24:28;4:03;5:47:36;5:44;4:33:56;11:55:47
Travis;Temme;AU;M45-49;Finish;1:04:37;6:23;5:15:30;5:50;5:23:44;11:56:04
Jackie;Davidson;CA;F55-59;Finish;1:23:47;4:13;6:14:47;4:07;4:10:06;11:57:00
Tracy;Serreyn;US;F50-54;Finish;1:16:26;4:38;6:11:22;6:03;4:18:46;11:57:15
Vincent;Ortiz;US;M55-59;Finish;1:22:00;5:52;5:41:56;9:14;4:38:31;11:57:33
Sara;Dasso;US;F40-44;Finish;1:11:35;5:13;5:43:46;6:29;4:50:31;11:57:34
Taylor;Ellis;US;F18-24;Finish;1:08:24;4:58;6:11:31;3:55;4:28:51;11:57:39
Drake;Austin;US;M25-29;Finish;1:19:21;4:31;6:15:11;8:38;4:10:01;11:57:42
Larry;Black;US;M60-64;Finish;57:58;4:38;5:33:03;6:04;5:16:02;11:57:45
Jeremy;Hough;US;M40-44;Finish;1:14:58;5:04;5:53:03;7:16;4:37:25;11:57:46
Tim;Deer;US;M50-54;Finish;1:34:21;7:15;6:05:23;5:28;4:05:53;11:58:20
Kevin;Berg;US;M60-64;Finish;1:08:29;7:15;5:48:58;7:00;4:46:49;11:58:31
Shigy;Suzuki;US;M60-64;Finish;1:10:43;5:08;5:50:51;6:35;4:45:29;11:58:46
Yekaterina;Shatnaya;KZ;F35-39;Finish;1:06:22;3:31;5:36:11;7:09;5:05:48;11:59:01
Thomas;Box;US;M60-64;Finish;1:11:14;4:42;6:00:30;6:24;4:36:21;11:59:11
Sean;Finn;IE;M50-54;Finish;1:27:16;5:53;5:48:30;9:03;4:28:37;11:59:19
Tassawan;Sirivongs;TH;F40-44;Finish;1:04:24;8:31;6:14:15;5:13;4:26:57;11:59:20
Takako;Shinagawa;JP;F45-49;Finish;1:13:10;4:54;6:20:36;5:56;4:14:57;11:59:33
Ann;Kaltenbaugh;US;F50-54;Finish;1:06:11;4:08;5:38:30;3:53;5:07:07;11:59:49
Rebecca;Keenan;US;F40-44;Finish;1:01:38;4:26;6:21:45;6:26;4:25:53;12:00:08
Francisco;Calzado Peco;ES;M35-39;Finish;1:19:01;5:16;6:04:31;6:26;4:24:56;12:00:10
Laurie-Ann;Netto;US;F40-44;Finish;1:16:22;6:43;6:15:59;6:05;4:15:03;12:00:12
Angela;Clarke-O'Connor;AU;F50-54;Finish;1:05:42;6:09;6:10:37;7:00;4:30:50;12:00:18
Irina;Tikhonovich;RU;F45-49;Finish;1:26:42;4:12;5:54:24;4:46;4:30:52;12:00:56
Martin Daniel;Bruelhart;CH;M55-59;Finish;1:22:01;7:53;6:19:10;7:07;4:04:53;12:01:04
Patti;Lawrence;US;F50-54;Finish;1:27:03;6:30;5:47:26;7:45;4:32:50;12:01:34
Saif;Hassan;CA;M35-39;Finish;1:21:03;5:49;5:52:32;4:51;4:37:26;12:01:41
Jenna;Lepisto;US;F40-44;Finish;1:03:09;13:34;5:58:36;5:21;4:41:10;12:01:50
Ralf;Drewitz;DE;M45-49;Finish;1:40:04;7:49;5:37:03;8:46;4:28:43;12:02:25
Malin;Annebäck;SE;F45-49;Finish;1:19:40;6:05;6:03:41;9:16;4:23:49;12:02:31
Paulo;Santos;PT;M55-59;Finish;1:19:07;5:01;5:40:01;7:50;4:50:45;12:02:44
Arthur;Halttunen;US;M65-69;Finish;1:05:29;4:42;5:47:29;2:57;5:02:41;12:03:18
Craig;Woodhouse;US;M50-54;Finish;1:15:28;6:06;5:51:52;8:07;4:41:53;12:03:26
Brian;Woodward;US;M35-39;Finish;1:14:36;3:54;5:33:08;5:52;5:06:05;12:03:35
Cirstin;Caspary;DE;F45-49;Finish;1:16:42;5:56;5:51:06;6:18;4:43:45;12:03:47
Perrine;Fages;FR;F35-39;Finish;1:20:29;3:40;5:56:35;5:00;4:38:04;12:03:48
Thomas;Pfeffer;DE;M45-49;Finish;1:12:06;3:14;5:55:55;6:15;4:47:04;12:04:34
Sydney;Gardiner;US;F18-24;Finish;58:49;4:32;6:22:08;7:19;4:31:47;12:04:35
Wendy;Holt;AU;F45-49;Finish;1:20:08;4:20;6:25:10;4:17;4:10:44;12:04:39
Carlos;Viana;BR;M55-59;Finish;1:11:29;6:53;5:59:49;9:08;4:37:46;12:05:05
Paula Maria;Moadeb;AR;F45-49;Finish;1:22:44;4:23;6:06:11;5:06;4:27:00;12:05:24
Carol;Montreuil;CA;M60-64;Finish;1:27:27;4:12;5:52:52;8:01;4:32:58;12:05:30
Karen;Tamson;US;F55-59;Finish;1:08:14;4:28;6:06:31;5:33;4:41:00;12:05:46
Andrew;Charles;AU;M50-54;Finish;1:11:13;6:45;6:08:33;5:29;4:33:57;12:05:57
Annika;Åström;SE;F55-59;Finish;1:04:18;5:16;6:10:25;4:20;4:42:04;12:06:23
Yuki;Toyokawa;JP;F40-44;Finish;1:16:24;5:12;6:28:34;6:14;4:10:07;12:06:31
Elizabeth;Gannon;GB;F55-59;Finish;1:27:10;5:12;6:01:28;5:12;4:27:34;12:06:36
Wei;Ge;CN;M40-44;Finish;1:21:28;10:02;5:56:32;11:28;4:27:22;12:06:52
Keld;Hejlskov;DK;M35-39;Finish;1:31:54;7:28;5:49:27;6:53;4:31:25;12:07:07
Vicente Ramon;Fernandez Roman;ES;M30-34;Finish;1:09:17;3:50;6:01:29;3:09;4:49:32;12:07:17
Bernhard;Rehle;DE;M55-59;Finish;1:25:23;5:25;5:34:41;5:16;4:56:40;12:07:25
Sarah;Peltier;US;F40-44;Finish;1:15:47;4:32;5:42:10;6:10;4:58:58;12:07:37
Adrian;Pearce;AU;M50-54;Finish;1:08:28;5:12;5:43:13;4:07;5:06:50;12:07:50
Uwe;Weigert;DE;M60-64;Finish;1:18:52;3:40;5:24:59;5:49;5:14:41;12:08:01
Hermann;Hefti;CH;M70-74;Finish;1:28:16;5:27;5:48:48;7:35;4:38:02;12:08:08
Julie;Moss;US;F60-64;Finish;1:03:29;7:00;6:03:01;3:58;4:51:12;12:08:40
Kim;Robinson;CA;M65-69;Finish;1:13:02;6:00;5:55:42;8:10;4:45:48;12:08:42
Amy;Bross;US;F40-44;Finish;1:16:58;5:30;5:26:47;9:29;5:10:00;12:08:44
Jose Alejandro;Sandoval Velazquez;MX;M45-49;Finish;1:07:51;7:41;6:07:47;8:25;4:37:15;12:08:59
Niall;Thompson;AU;M45-49;Finish;1:17:25;6:15;5:52:08;6:23;4:46:49;12:09:00
Yuxuan;Zhang;CN;M30-34;Finish;1:29:11;6:50;6:15:30;5:42;4:11:52;12:09:05
Robert;Smith;US;M65-69;Finish;1:27:21;5:34;5:33:00;6:33;4:56:48;12:09:16
Erin;Swiatek;US;F18-24;Finish;1:20:26;4:00;6:30:19;5:10;4:09:27;12:09:22
Wayne;Thursting;GB;M50-54;Finish;1:10:22;3:50;4:47:26;3:23;6:04:22;12:09:23
Lisa;Redmond;AU;F50-54;Finish;1:16:10;8:53;6:03:20;8:00;4:33:23;12:09:46
Celine;Guex;CH;F18-24;Finish;59:31;4:56;5:47:10;7:29;5:10:45;12:09:51
José;Marin;ES;M65-69;Finish;1:43:11;6:37;5:58:35;5:36;4:15:57;12:09:56
Judy;Anderson;US;F50-54;Finish;1:08:44;6:07;6:02:12;6:16;4:46:51;12:10:10
Shane;Peed;US;M30-34;Finish;1:25:30;5:04;5:30:24;5:56;5:03:16;12:10:10
Markus;Schoch;DE;M45-49;Finish;1:15:12;4:56;6:14:06;6:52;4:29:09;12:10:15
Wanja;Oberhof;DE;M30-34;Finish;1:25:45;8:25;5:35:37;9:29;4:51:04;12:10:20
Sonia;Guilloux Reynaud;FR;F40-44;Finish;1:16:04;6:21;6:05:10;7:39;4:35:20;12:10:34
Christina;Haensel;DE;F50-54;Finish;1:19:24;7:32;6:10:50;5:58;4:27:01;12:10:45
Mark;Belcher;US;M45-49;Finish;1:22:29;8:05;5:23:12;8:08;5:09:20;12:11:14
Christine;Desrochers;US;F50-54;Finish;1:28:04;4:43;5:59:00;3:38;4:35:56;12:11:21
Loïc;Guinchard;CH;M18-24;Finish;55:17;4:13;5:09:50;10:05;5:51:58;12:11:23
Philip;Pasch;DE;M25-29;Finish;1:08:13;4:44;6:36:44;3:46;4:18:09;12:11:36
Raul;Sosa;US;M55-59;Finish;1:21:43;7:36;5:37:19;11:06;4:54:05;12:11:49
Frank;Green;US;M60-64;Finish;1:13:23;8:06;5:40:24;8:25;5:01:35;12:11:53
Nelly;WOJTASINSKI;FR;F60-64;Finish;1:19:39;4:15;5:37:41;4:24;5:06:36;12:12:35
Betty;Janelle;US;F55-59;Finish;58:20;4:46;5:49:50;8:13;5:11:34;12:12:43
Andrew;West;GB;M40-44;Finish;1:22:21;8:09;5:52:07;7:02;4:43:05;12:12:44
Natalie;Swistak;US;F50-54;Finish;1:15:33;4:20;5:58:55;5:55;4:48:49;12:13:32
Helen;Platel;GB;F45-49;Finish;1:34:30;6:43;5:54:25;8:14;4:30:28;12:14:20
Dongwen;Huang;CN;M40-44;Finish;1:21:25;6:53;5:55:37;8:08;4:43:02;12:15:05
Dex;Tai;SG;M35-39;Finish;1:29:28;4:01;6:28:32;5:17;4:08:10;12:15:28
Jean-Luc;Miffand;FR;M60-64;Finish;1:42:31;5:58;5:58:08;5:40;4:23:17;12:15:34
Veronica;Vara;AR;F40-44;Finish;1:28:29;4:58;6:21:37;5:16;4:15:18;12:15:38
Owen;Lepps;CA;M40-44;Finish;59:06;4:41;5:53:26;5:33;5:13:15;12:16:01
Kanagarajah;Nadarajah;SG;M50-54;Finish;1:31:15;5:54;5:55:45;6:48;4:36:38;12:16:20
Cesar;Ramirez Bernal;MX;M40-44;Finish;1:31:22;5:00;6:16:40;7:03;4:16:18;12:16:23
Cody;Shively;US;M18-24;Finish;1:10:51;4:37;5:52:26;4:32;5:04:30;12:16:56
Amy;Griffith;US;F60-64;Finish;1:14:37;4:41;6:05:00;7:22;4:45:18;12:16:58
Christophe;Aubonnet;FR;M45-49;Finish;1:22:21;5:09;5:49:04;5:09;4:55:21;12:17:04
Jeffrey;Krebs;US;M55-59;Finish;1:43:59;5:24;6:15:35;5:06;4:07:08;12:17:12
Charly Christian;Skov;DK;M55-59;Finish;1:18:44;6:48;5:28:16;9:27;5:14:13;12:17:28
Nils;Ehrke;DE;M50-54;Finish;1:16:18;6:13;5:03:09;7:23;5:44:35;12:17:38
Henry;Doerks;DE;M55-59;Finish;1:31:43;4:35;5:31:25;5:41;5:04:31;12:17:55
Mary;Knott;US;F40-44;Finish;1:01:08;3:56;5:42:31;8:10;5:22:25;12:18:10
Miriam;Cole;US;F50-54;Finish;1:21:07;4:36;5:37:13;8:48;5:06:40;12:18:24
Yves;Dandurand;CA;M55-59;Finish;1:24:09;6:57;6:15:58;6:21;4:26:01;12:19:26
Wakahara;Shingo;JP;M45-49;Finish;1:04:05;4:12;5:39:55;6:30;5:25:11;12:19:53
Narelle;Mcclelland;AU;F55-59;Finish;1:21:13;5:55;5:49:00;6:09;4:57:56;12:20:13
Jose Alberto;Rubalcava;MX;M55-59;Finish;1:18:56;5:55;5:48:28;7:22;4:59:40;12:20:21
Lucinda;Jukes;GB;F25-29;Finish;1:11:00;6:44;6:00:37;9:19;4:52:46;12:20:26
Marietheres;Rudolph-Meier;DE;F50-54;Finish;1:22:56;5:11;6:11:18;4:15;4:36:50;12:20:30
Paolo;Leano;PH;M40-44;Finish;1:17:42;9:38;6:15:28;9:07;4:28:38;12:20:33
Janie;White;US;F55-59;Finish;1:15:45;4:55;5:59:33;5:57;4:54:31;12:20:41
Caroline;Behme;US;F45-49;Finish;1:06:20;6:15;5:45:00;9:12;5:13:55;12:20:42
Jon;Cotton;US;M40-44;Finish;1:17:23;7:51;5:37:11;12:57;5:05:22;12:20:44
Nina;Lin;CN;F30-34;Finish;1:11:51;6:12;6:03:11;5:35;4:53:57;12:20:46
Merle;Nilk;EE;F50-54;Finish;1:30:35;7:48;6:04:53;5:34;4:32:25;12:21:15
Bob;Jordan;US;M65-69;Finish;1:21:07;6:10;5:47:15;7:44;4:59:30;12:21:46
Andrew;Chafer;AU;M50-54;Finish;1:26:16;4:02;5:54:54;6:16;4:50:40;12:22:08
Yoko;Matsui;JP;F50-54;Finish;1:20:51;6:56;6:32:47;8:37;4:13:12;12:22:23
Siobhan;Kennedy;IE;F55-59;Finish;1:35:53;6:02;6:12:31;10:16;4:18:06;12:22:48
Daniela;Noya;BO;F30-34;Finish;1:25:31;4:46;6:02:39;4:37;4:45:32;12:23:05
Sabine;Westerfeld;DE;F50-54;Finish;1:28:03;7:19;6:17:13;3:55;4:26:40;12:23:10
Annette;Niederau;DE;F45-49;Finish;1:31:11;6:08;5:47:43;6:34;4:51:45;12:23:21
Dan;Thomas;US;M55-59;Finish;1:09:47;3:46;5:46:51;4:28;5:18:39;12:23:31
Fei;Fu;CN;M40-44;Finish;1:28:05;3:39;5:47:54;6:52;4:57:06;12:23:36
German;Cabos;AR;M50-54;Finish;1:35:51;6:47;6:27:31;7:14;4:06:20;12:23:43
Adriana;Anderson;US;F35-39;Finish;1:29:15;4:56;5:44:10;7:20;4:58:05;12:23:46
Lucy;Tomlinson;GB;F45-49;Finish;1:09:34;5:36;6:26:15;5:25;4:37:03;12:23:53
Emma;Wheeler;GB;F50-54;Finish;1:11:43;4:39;6:08:59;4:19;4:54:41;12:24:21
Jamie;Ash;US;F30-34;Finish;1:04:28;4:43;6:05:25;5:01;5:05:09;12:24:46
Rudy;Hoskens;BE;M55-59;Finish;1:27:05;5:19;6:03:59;6:55;4:41:31;12:24:49
Alvaro;Vega;US;M50-54;Finish;1:32:48;8:09;6:00:20;7:12;4:36:55;12:25:24
Catherine;Matsalla;CA;F55-59;Finish;1:20:10;4:12;6:06:25;7:19;4:47:31;12:25:37
Anton;Kapel;AU;M45-49;Finish;1:13:46;7:31;5:23:00;9:19;5:32:10;12:25:46
Branko;Breznikar;SI;M65-69;Finish;59:33;4:53;5:45:34;6:28;5:29:33;12:26:01
Lee;Bova;AU;F40-44;Finish;1:08:04;6:29;6:35:26;6:26;4:29:44;12:26:09
Gary;Rosengarten;AU;M60-64;Finish;1:16:58;8:33;6:19:11;8:40;4:32:56;12:26:18
Della;Irby;US;F55-59;Finish;1:36:14;4:18;6:08:13;3:56;4:34:11;12:26:52
Paul;Franks;AU;M45-49;Finish;1:17:13;7:47;6:06:08;8:05;4:47:48;12:27:01
Berrospi;Berrospi;PE;M45-49;Finish;1:20:06;5:45;5:49:12;7:02;5:05:07;12:27:12
Karina;Søgaard;DK;F55-59;Finish;1:19:34;5:35;6:07:31;3:31;4:51:17;12:27:28
James;Mcdiarmid;GB;M50-54;Finish;1:50:57;9:56;5:22:33;10:20;4:53:43;12:27:29
Michelle;Mckenzie;US;F40-44;Finish;1:19:37;5:08;6:22:32;5:55;4:34:32;12:27:44
Jamie;Graff;US;M40-44;Finish;1:15:06;5:28;5:47:44;6:37;5:12:49;12:27:44
Peter;Vocking;NL;M50-54;Finish;1:11:48;4:19;5:17:34;6:56;5:47:30;12:28:07
Sean;Smith;US;M35-39;Finish;1:30:13;6:24;6:00:57;5:40;4:45:00;12:28:14
Gabriele;Pauer;AT;F50-54;Finish;1:11:55;7:38;6:05:57;4:13;4:58:46;12:28:29
Ishida;Nagiho;ZZ;F25-29;Finish;1:00:10;3:05;6:08:49;9:01;5:07:31;12:28:36
Gyde;Lorenzen;DE;F30-34;Finish;1:48:15;3:53;6:04:01;4:03;4:28:26;12:28:38
Missy;Lestrange;US;F65-69;Finish;1:11:54;4:37;6:02:33;6:13;5:03:26;12:28:43
Runar;Höiom;SE;M50-54;Finish;1:10:15;4:20;5:35:00;14:19;5:24:55;12:28:49
Steven;Tabacek;US;M50-54;Finish;1:22:17;7:50;5:37:25;8:34;5:12:51;12:28:57
Karin;Peters;US;F50-54;Finish;2:03:49;4:28;5:47:55;4:08;4:29:03;12:29:23
Glenn;Gonzalez;PH;M50-54;Finish;1:12:26;6:56;5:37:12;10:03;5:23:15;12:29:52
Ulrike;Seiler;DE;F50-54;Finish;1:20:03;3:54;5:51:56;5:56;5:08:18;12:30:07
Kerstin;Bastian;DE;F55-59;Finish;1:19:43;6:46;6:17:33;6:09;4:40:14;12:30:25
Sue;Mcmaster;NZ;F55-59;Finish;1:07:02;5:09;5:55:28;6:35;5:16:16;12:30:30
Chris;Thompson;AU;F50-54;Finish;1:26:51;4:52;6:21:42;6:28;4:31:47;12:31:40
Piotr;Chmielewski;PL;M40-44;Finish;1:10:14;5:46;5:28:35;7:35;5:39:31;12:31:41
Allan;Pitman;AU;M70-74;Finish;1:17:17;3:09;6:21:28;4:01;4:45:56;12:31:51
Tony;Kriening;AU;M60-64;Finish;1:13:44;7:54;5:59:24;6:38;5:04:16;12:31:56
John;Nelson;AU;M40-44;Finish;1:17:13;4:10;5:32:32;6:19;5:32:49;12:33:03
Mania Maria;Bikof;GR;F45-49;Finish;1:11:18;3:45;6:15:47;4:38;4:57:35;12:33:03
Sandra;Schoeni;CH;F45-49;Finish;1:21:47;3:57;5:51:22;5:02;5:11:14;12:33:22
Katie;Parr;US;F50-54;Finish;1:12:54;7:06;6:19:24;7:56;4:46:04;12:33:24
Felicia;Heisler;US;F40-44;Finish;1:22:38;3:58;5:53:51;6:24;5:07:15;12:34:06
Ib Erik;Jensen;DK;M60-64;Finish;1:22:13;4:25;5:48:53;7:15;5:11:33;12:34:19
Cornee;Van Loon;NL;M45-49;Finish;1:10:02;6:27;6:07:08;8:29;5:03:14;12:35:20
Juanita;Allott;AU;F40-44;Finish;1:18:06;7:02;6:34:49;6:32;4:28:58;12:35:27
Martin;Pritchard-Howarth;GB;M50-54;Finish;1:20:47;6:46;6:04:43;5:47;4:57:31;12:35:34
Barbara;Polehoykie;CA;F55-59;Finish;1:20:14;4:47;6:10:31;7:00;4:53:58;12:36:30
Johnny;Haig;AU;M45-49;Finish;1:24:39;8:06;5:50:06;8:05;5:05:39;12:36:35
Robert;Roncska;US;M45-49;Finish;1:19:55;5:17;5:59:06;4:20;5:08:21;12:36:59
Julie;Kaczor;US;F55-59;Finish;1:22:50;5:45;6:04:59;6:25;4:58:05;12:38:04
Martin;Gibson;US;M45-49;Finish;1:22:21;7:54;6:01:55;8:05;4:58:16;12:38:31
Yoko;Shiba;JP;F55-59;Finish;1:27:24;7:33;6:34:46;8:15;4:20:43;12:38:41
Rich;Kiser;US;M55-59;Finish;1:11:41;5:35;6:15:54;6:47;4:58:45;12:38:42
David;Hay;AU;M55-59;Finish;1:07:50;2:33;6:16:51;4:54;5:06:48;12:38:56
Scott;Ross;US;M60-64;Finish;1:17:24;9:20;6:21:18;9:06;4:42:05;12:39:13
Chuang;Ya-Ting;TW;F30-34;Finish;1:34:59;6:40;6:26:14;6:33;4:24:52;12:39:18
Anna-Maria;Kahkonen;FI;F35-39;Finish;1:08:46;4:30;5:48:49;6:29;5:31:23;12:39:57
David;Hauser;US;M18-24;Finish;1:35:31;8:34;6:19:54;6:53;4:29:05;12:39:57
Kirsty;Calman;NZ;F30-34;Finish;1:15:27;2:55;6:12:44;3:34;5:05:24;12:40:04
David;Bullen;NZ;M50-54;Finish;1:15:30;6:09;5:49:08;7:37;5:21:47;12:40:11
Susan;Ford;US;F50-54;Finish;1:19:28;5:15;6:19:12;7:25;4:49:11;12:40:31
Mekyoung;Bae;KR;F55-59;Finish;1:29:09;6:34;6:17:05;5:06;4:42:54;12:40:48
John;Austin;US;M65-69;Finish;1:40:22;6:06;6:07:56;5:02;4:41:27;12:40:53
Susanne;Åkerberg;SE;F50-54;Finish;1:37:24;6:23;5:43:22;5:37;5:08:13;12:40:59
Jennifer;Ropka;US;F50-54;Finish;1:10:47;8:05;6:36:54;9:13;4:37:12;12:42:11
Åsa;Nilsson;SE;F50-54;Finish;1:35:20;6:51;5:53:35;6:44;5:00:35;12:43:05
Garth;Millar;CA;M50-54;Finish;1:16:56;8:37;6:01:11;6:56;5:09:56;12:43:36
Stuart;Porter;US;M55-59;Finish;1:31:19;4:18;5:36:13;4:30;5:28:37;12:44:57
Jo;Cinter;US;F50-54;Finish;1:14:13;5:37;6:29:05;7:22;4:49:15;12:45:32
Yoko;Kawatani;JP;F45-49;Finish;1:37:46;4:22;6:15:53;5:47;4:41:47;12:45:35
Linda;Lafrance;CA;F55-59;Finish;1:19:46;6:02;6:25:44;5:46;4:48:22;12:45:40
Simon;Butterworth;US;M70-74;Finish;1:21:58;5:17;5:50:23;6:38;5:21:32;12:45:48
Taylor;Tichenor;US;F18-24;Finish;1:03:24;5:58;6:28:48;4:21;5:03:31;12:46:02
Pam;Reed;US;F55-59;Finish;1:28:15;6:22;6:26:15;6:30;4:38:51;12:46:13
Marcos;Garcia;MX;M45-49;Finish;1:33:02;6:24;6:03:40;11:02;4:52:07;12:46:15
Jon;Lott;US;M45-49;Finish;1:12:31;5:41;5:53:14;6:55;5:28:36;12:46:57
Michael;Davis;US;M60-64;Finish;1:29:20;6:03;5:57:18;5:26;5:10:39;12:48:46
Lina;Shi;CN;F30-34;Finish;1:05:53;5:50;5:57:22;9:07;5:30:52;12:49:04
Mary;Swayze;US;F30-34;Finish;1:08:54;4:25;5:52:53;8:03;5:35:02;12:49:17
Paul;Dauber;US;M55-59;Finish;1:13:18;5:55;5:14:40;8:20;6:08:09;12:50:22
Asbjoern;Bakken;NO;M65-69;Finish;1:24:27;4:58;5:43:39;7:42;5:29:45;12:50:31
Wei Ting;Liu;TW;F35-39;Finish;1:26:25;5:18;6:04:11;14:18;5:00:19;12:50:31
Akari;Matsufuji;JP;F18-24;Finish;1:20:26;4:39;6:20:00;8:19;4:57:12;12:50:36
Zoe;Bello;VE;F18-24;Finish;1:08:44;2:55;5:55:55;5:52;5:37:11;12:50:37
George;Ostrander;US;M50-54;Finish;1:21:24;6:05;5:50:16;12:01;5:20:58;12:50:44
Peter;Macnaughton;GB;M60-64;Finish;1:05:20;6:12;5:34:14;8:59;5:56:26;12:51:11
Lee-Anne;Young;NZ;F55-59;Finish;1:20:29;6:27;6:45:32;9:22;4:29:32;12:51:22
Young Sun;Kim;KR;F45-49;Finish;1:42:29;6:27;6:06:53;7:12;4:48:21;12:51:22
Luiz Renato;Machado Gomes;BR;M70-74;Finish;1:14:54;6:06;6:07:24;7:54;5:15:32;12:51:50
Michelle;Gemmell;AU;F45-49;Finish;1:15:47;5:32;6:12:27;7:12;5:11:00;12:51:58
Christoph;Oldenburg;DE;M50-54;Finish;1:17:17;6:17;5:22:20;10:40;5:55:57;12:52:31
Mark;Zych;US;M40-44;Finish;1:26:17;5:55;5:52:07;8:12;5:20:07;12:52:38
Guenter;Hoerandner;AT;M55-59;Finish;1:08:42;3:33;5:18:03;6:45;6:16:17;12:53:20
David;Boyes;AU;M55-59;Finish;1:08:28;2:36;5:36:06;5:25;6:01:24;12:53:59
Ernst;Z'Berg;CH;M55-59;Finish;1:26:04;9:13;5:50:48;7:00;5:20:59;12:54:04
Rio;Tanabe;JP;F50-54;Finish;1:28:31;6:55;6:46:51;6:28;4:26:29;12:55:14
Claudia Elena;Paez;AR;F50-54;Finish;1:24:02;5:51;6:32:33;8:14;4:44:41;12:55:21
Jennifer;Rea;US;F50-54;Finish;1:21:45;6:19;6:13:22;10:15;5:03:55;12:55:36
Roxanne;Maclaurin;CA;F55-59;Finish;1:20:27;4:21;5:54:05;6:00;5:30:47;12:55:40
Ray;Leske;US;M55-59;Finish;1:21:06;6:02;6:22:27;7:07;4:59:00;12:55:42
Sam;Heard;AU;M45-49;Finish;1:18:41;9:21;5:51:42;8:03;5:28:22;12:56:09
Leo;Carrillo;US;M50-54;Finish;1:06:51;6:29;5:14:06;6:35;6:22:47;12:56:48
Susan;Evans;CA;F55-59;Finish;1:27:34;7:31;6:26:56;8:44;4:46:04;12:56:49
Tim;Matthews;US;M50-54;Finish;1:20:07;3:47;5:47:42;6:41;5:38:43;12:57:00
Linda;Holmer;SE;F35-39;Finish;1:30:50;7:10;6:44:50;7:27;4:26:46;12:57:03
Akiko;Minagawa;JP;F50-54;Finish;1:45:33;11:18;6:34:39;9:05;4:16:51;12:57:26
Jon;Howse;AU;M65-69;Finish;1:08:52;5:43;6:09:07;8:49;5:25:07;12:57:38
Rene;Bentele;CH;M65-69;Finish;1:51:23;9:31;5:50:36;9:13;4:57:51;12:58:34
Ding;Zhenhuan;CN;M40-44;Finish;1:49:50;9:34;6:15:43;6:33;4:37:31;12:59:11
Ortwin;Strolz;AT;M45-49;Finish;1:20:22;5:43;5:55:19;7:47;5:30:19;12:59:30
Rebecca;Reinhart;US;F35-39;Finish;1:17:14;6:41;6:02:56;12:10;5:20:44;12:59:45
Scott;Gildea;US;M45-49;Finish;1:19:49;9:03;5:45:25;13:11;5:34:07;13:01:35
Wolfgang;Drake;US;M18-24;Finish;58:59;4:24;6:24:17;8:21;5:26:16;13:02:17
Roberto;Gallegos R;MX;M55-59;Finish;1:46:17;6:20;6:00:27;8:48;5:00:43;13:02:35
Sari;Puumalaq;FI;F50-54;Finish;1:16:49;5:01;6:25:26;6:04;5:09:27;13:02:47
Michael;Fisch;US;M55-59;Finish;1:18:45;6:01;6:31:48;7:08;4:59:26;13:03:08
Chris;Clark;CA;M65-69;Finish;1:20:05;6:38;6:07:27;9:23;5:19:39;13:03:12
Louis;Di Guiseppe;US;M50-54;Finish;1:05:33;5:29;5:39:15;5:34;6:07:46;13:03:37
Graeme;Muirhead;GB;M50-54;Finish;1:26:11;6:46;6:28:49;6:04;4:55:54;13:03:44
Mike;Green;US;M45-49;Finish;1:26:55;6:37;6:08:07;8:02;5:14:26;13:04:07
Mirko;Bordiga;IT;M50-54;Finish;1:41:40;10:15;6:16:45;10:24;4:45:23;13:04:27
Greg;Broadley;AU;M65-69;Finish;1:13:36;5:41;6:03:26;5:19;5:37:28;13:05:30
Jennifer;Rentch;US;F50-54;Finish;1:15:14;5:48;6:06:49;7:18;5:30:28;13:05:37
Robert;Plant;US;M75-79;Finish;1:31:38;4:58;6:22:23;4:36;5:02:28;13:06:03
Aaron;Gardner;US;M35-39;Finish;1:28:57;8:55;6:07:51;9:31;5:10:52;13:06:06
Peter;Provoost;BE;M50-54;Finish;1:21:33;14:16;6:40:18;11:47;4:39:12;13:07:06
Paul;Broadley;AU;M45-49;Finish;1:23:12;6:01;5:44:55;9:11;5:43:56;13:07:15
Baek-Woon;Kim;KR;M60-64;Finish;1:24:49;7:51;6:11:44;9:56;5:13:01;13:07:21
Lezette;Albarote;PH;F40-44;Finish;1:36:50;7:16;6:43:07;5:26;4:35:14;13:07:53
Yu;Zhang;CN;M35-39;Finish;1:54:14;9:23;6:07:19;8:35;4:48:29;13:08:00
Suzanne;Flannigan;CA;F55-59;Finish;1:16:17;6:22;6:38:15;7:25;5:00:16;13:08:35
Malc;Pearce;GB;M55-59;Finish;1:02:00;7:45;6:20:49;6:33;5:31:45;13:08:52
Ellen;Hart;US;F60-64;Finish;1:21:23;6:01;6:02:37;7:02;5:34:18;13:11:21
Allan;Saadus;US;M55-59;Finish;1:09:39;6:26;6:04:56;9:37;5:41:33;13:12:11
Charlotte;Molenda;US;F25-29;Finish;59:16;6:53;6:36:43;7:56;5:21:34;13:12:22
Pankaj;Patel;NZ;M45-49;Finish;1:48:52;7:31;6:02:07;8:00;5:06:33;13:13:03
Matthew;Davies;AU;M60-64;Finish;1:15:15;6:05;6:13:30;5:44;5:33:16;13:13:50
Neil;Northwood;ZA;M60-64;Finish;1:28:40;5:05;6:19:03;4:23;5:16:48;13:13:59
Thomas;Butts;US;M65-69;Finish;1:10:31;8:16;6:29:57;6:47;5:18:44;13:14:15
Mary;Mcdonald;US;F60-64;Finish;1:18:11;5:08;6:27:27;6:33;5:16:57;13:14:16
Michael;Passinger;DE;M55-59;Finish;1:36:05;5:54;6:39:39;7:45;4:44:59;13:14:22
Luke;Baker;GB;M35-39;Finish;1:27:07;7:36;6:28:16;14:29;4:57:10;13:14:38
Graeme;Chamberlain;AU;M55-59;Finish;1:20:12;8:32;6:12:19;12:15;5:22:29;13:15:47
Frances;Hardwick;CA;F60-64;Finish;1:24:02;5:50;6:11:42;9:28;5:24:53;13:15:55
Barbara;Tettenborn;CH;F60-64;Finish;1:10:41;5:28;6:28:51;6:08;5:25:21;13:16:29
John;Johnsen;US;M60-64;Finish;1:22:56;5:17;6:01:27;8:00;5:39:04;13:16:44
Chris;Calimano;US;M35-39;Finish;1:33:32;6:40;6:50:59;5:44;4:40:02;13:16:57
Daniel;Giblin;US;M55-59;Finish;1:37:03;7:05;6:26:15;7:10;5:00:20;13:17:53
Humberto;Ochoa;US;M45-49;Finish;1:24:33;7:10;6:20:16;8:08;5:19:14;13:19:21
Cary;Craig;US;F60-64;Finish;1:30:38;5:57;6:19:44;10:17;5:12:59;13:19:35
Nam-In;Kim;KR;F25-29;Finish;1:18:06;4:41;6:43:56;8:03;5:04:59;13:19:45
Vera;Antonov;SE;F18-24;Finish;1:28:26;5:09;6:35:54;7:57;5:03:46;13:21:12
Miki;Sasaki;JP;F55-59;Finish;1:22:56;5:47;6:39:39;7:29;5:05:33;13:21:24
William;Mullan;US;M35-39;Finish;1:27:02;5:36;6:08:05;5:06;5:35:44;13:21:33
Randall;Evans;AU;M40-44;Finish;1:20:35;6:43;5:28:55;7:15;6:18:46;13:22:14
Samantha;Michelmore;US;F40-44;Finish;1:30:47;6:59;6:43:20;7:41;4:53:53;13:22:40
Michael;Tuttle;US;M30-34;Finish;1:16:52;5:03;5:35:53;8:40;6:16:26;13:22:54
Andre;Collins;ZA;M70-74;Finish;2:03:37;4:21;6:12:12;5:26;4:57:32;13:23:08
Mark;Bissing;US;M55-59;Finish;1:43:27;9:25;6:00:15;12:16;5:18:08;13:23:31
Kyle;Hughes;US;M35-39;Finish;1:10:24;7:38;5:56:48;9:37;5:59:17;13:23:44
Laurelee;Nelson;CA;F60-64;Finish;1:29:33;7:50;6:43:30;10:17;4:52:56;13:24:06
Melissa;Caplan;US;F45-49;Finish;1:10:35;6:12;6:12:44;6:21;5:48:28;13:24:20
Sharon;Keith;US;F65-69;Finish;1:12:46;5:14;6:20:00;11:31;5:35:14;13:24:45
Marketa;Heupel;DE;F50-54;Finish;1:29:54;7:36;6:36:26;10:41;5:00:13;13:24:50
Masayuki;Onishi;JP;M50-54;Finish;1:07:05;4:12;5:35:51;11:15;6:27:02;13:25:25
Kerry;Ireland;AU;F50-54;Finish;1:13:44;5:51;6:10:29;7:03;5:49:02;13:26:09
Glenda;Goscomb;GB;F60-64;Finish;1:38:03;5:44;6:23:27;5:15;5:13:52;13:26:21
Jessica;Jacobs;US;F40-44;Finish;1:13:09;3:11;5:14:21;5:20;6:50:31;13:26:32
Berenike;Gensior;DE;F60-64;Finish;1:28:46;5:24;6:41:48;6:25;5:04:31;13:26:54
Julie;Palmer;US;F50-54;Finish;1:25:46;6:41;6:30:54;10:01;5:13:39;13:27:01
Marek;Musial;PL;M70-74;Finish;1:32:34;6:28;6:24:37;5:10;5:18:26;13:27:15
Linni;Tiller;NO;F55-59;Finish;1:27:02;5:01;6:27:01;5:45;5:22:26;13:27:15
Günther;Dr. Scheibehenne;DE;M70-74;Finish;1:45:40;4:24;6:44:26;5:58;4:48:10;13:28:38
Joan;Stepler;US;F50-54;Finish;1:32:54;5:39;5:54:08;7:56;5:48:58;13:29:35
Pete;Hodgson;AU;M40-44;Finish;58:06;5:30;6:27:51;5:57;5:52:34;13:29:58
Eric;Koenigs;US;M45-49;Finish;1:05:49;6:06;5:51:08;7:40;6:20:00;13:30:43
Kano;Miho;JP;F55-59;Finish;1:28:04;8:22;7:01:19;7:38;4:45:38;13:31:01
Arturo;Salas;MX;M55-59;Finish;1:31:13;5:57;6:02:20;7:10;5:44:34;13:31:14
Brad;Hall;US;M50-54;Finish;1:13:25;9:32;6:55:55;8:38;5:04:23;13:31:53
Epj;Schoonderbeek;NL;M65-69;Finish;1:13:14;4:48;6:26:31;6:23;5:41:29;13:32:25
Ka Hung;Tsang;HK;F18-24;Finish;1:11:47;2:49;6:41:33;7:47;5:28:43;13:32:39
Ginger;Watkins;US;F60-64;Finish;1:15:02;5:43;6:38:33;8:23;5:25:07;13:32:48
Désirée;Awad Abed;MX;F60-64;Finish;1:29:11;6:31;7:07:06;4:54;4:45:08;13:32:50
Marc;Lewinstein;US;M40-44;Finish;1:21:31;4:48;6:33:42;5:00;5:28:48;13:33:49
Brenda;Bettencourt;US;F60-64;Finish;1:19:02;5:30;6:28:13;6:50;5:34:38;13:34:13
Jeff;Middleton;US;M50-54;Finish;1:27:09;9:07;6:18:24;12:00;5:27:59;13:34:39
Mary;Houbolt;US;F65-69;Finish;1:28:14;6:36;5:39:54;10:24;6:09:41;13:34:49
Ray;Shane;US;M60-64;Finish;1:13:25;6:53;5:55:26;8:08;6:11:54;13:35:46
Grace;Plager;US;F60-64;Finish;1:38:07;5:18;6:14:10;5:22;5:33:42;13:36:39
Fidel;Rotondaro;VE;M75-79;Finish;1:20:12;4:34;6:42:13;6:40;5:23:16;13:36:55
Vanni;Viroli;IT;M60-64;Finish;1:33:46;9:01;6:27:47;10:36;5:15:56;13:37:06
erick;italia;US;M45-49;Finish;1:47:23;12:03;6:31:04;11:10;4:56:21;13:38:01
Joanna;Younts;US;F50-54;Finish;1:19:52;8:14;5:50:20;8:36;6:11:11;13:38:13
Lars;Wärnberg;SE;M65-69;Finish;1:52:15;10:09;6:28:26;9:22;4:58:54;13:39:06
Rosie;Spicer;AU;F60-64;Finish;1:30:59;7:57;6:01:42;8:16;5:50:29;13:39:23
Ken;Rae;AU;M65-69;Finish;1:14:05;6:18;6:44:20;9:06;5:26:08;13:39:57
Susan;Nowell;US;F40-44;Finish;1:07:56;8:24;6:43:06;12:54;5:28:15;13:40:35
Marilza;Candida Saldanha;BR;F50-54;Finish;1:20:05;6:28;6:31:35;7:54;5:35:00;13:41:02
Mary Ellen;Loranger;US;F45-49;Finish;1:11:58;5:45;6:31:17;6:34;5:46:11;13:41:45
Max A;Henry;US;M65-69;Finish;1:09:38;5:52;6:29:55;6:56;5:50:20;13:42:41
Sven;Borho;DE;M50-54;Finish;1:38:50;13:30;5:58:29;9:46;5:42:26;13:43:01
Dina;Altayeb;SA;F45-49;Finish;1:37:41;14:16;6:44:04;7:20;4:59:53;13:43:14
Antje;Wietscher;DE;F60-64;Finish;1:39:27;7:20;6:51:34;8:50;4:56:54;13:44:05
Keith;Woolgar;GB;M50-54;Finish;1:11:48;8:27;6:35:44;8:29;5:39:41;13:44:09
Gennaro;Magliulo;US;M75-79;Finish;1:56:09;6:26;6:05:07;5:55;5:31:39;13:45:16
Anna;Wedgwood;GB;F50-54;Finish;1:45:54;6:24;6:12:19;9:05;5:31:35;13:45:17
Jarrett;Wyatt;US;M40-44;Finish;1:31:40;8:36;5:44:50;8:43;6:11:55;13:45:44
Charlie;Brockus;US;M65-69;Finish;1:12:26;4:09;6:07:43;11:02;6:10:40;13:46:00
Rick;Simpson;US;M65-69;Finish;1:06:01;2:41;5:40:20;3:35;6:53:24;13:46:01
Greg;Nyhus;US;M50-54;Finish;1:08:48;10:49;6:16:38;12:49;5:57:02;13:46:06
Nancy;Peters;US;F60-64;Finish;1:26:34;5:26;6:42:16;4:40;5:27:36;13:46:32
Nicole;Ramsbey;US;F40-44;Finish;1:25:43;8:23;6:42:11;8:34;5:22:16;13:47:07
Juana;Criado  Gamez;ES;F55-59;Finish;1:24:04;6:55;7:06:00;6:24;5:03:51;13:47:14
Michele;Sorensen;US;F60-64;Finish;1:30:17;6:05;6:41:18;10:30;5:19:06;13:47:16
Rikako;Takei;US;F55-59;Finish;1:20:25;5:26;7:22:42;11:58;4:47:54;13:48:25
Patrica;Harris;CA;F60-64;Finish;1:27:32;8:26;6:53:50;9:44;5:09:50;13:49:22
Marcy;Bearden;US;F40-44;Finish;1:04:23;5:06;6:14:29;6:35;6:20:02;13:50:35
Thomas;Reece;US;M50-54;Finish;1:43:18;10:10;6:48:10;14:19;4:54:39;13:50:36
Shinichi;Muranaka;JP;M70-74;Finish;1:47:57;7:02;6:41:42;6:43;5:07:59;13:51:23
Jill;Jacinth;US;F25-29;Finish;1:10:07;5:43;6:20:18;11:14;6:04:43;13:52:05
Elizabeth;Adkins;US;F40-44;Finish;1:28:35;8:03;6:46:01;9:30;5:20:33;13:52:42
Mina;Nussboum;IL;F55-59;Finish;1:45:46;6:13;6:27:48;6:38;5:26:34;13:52:59
Greg;Peterson;US;M50-54;Finish;1:20:19;4:52;5:56:06;15:42;6:16:23;13:53:22
Sandra;Wendel;US;F65-69;Finish;1:23:12;5:54;6:45:48;8:38;5:30:17;13:53:49
Shannon;Scovel;US;F18-24;Finish;57:05;6:54;7:26:53;8:12;5:14:49;13:53:53
Marianne;Sutra;FR;F55-59;Finish;1:20:25;4:39;6:30:11;6:49;5:52:32;13:54:36
Pam;Morris;NZ;F60-64;Finish;1:42:48;10:47;6:29:36;4:52;5:26:43;13:54:46
Mike;Zafirovski;US;M65-69;Finish;1:22:28;7:24;6:41:19;6:48;5:37:04;13:55:03
Matt;Collins;US;M40-44;Finish;1:20:21;11:21;6:49:12;17:09;5:17:04;13:55:07
Roberto;Sena;BR;M65-69;Finish;1:35:33;8:36;6:46:31;12:34;5:13:21;13:56:35
Paul;Myers;US;M60-64;Finish;1:18:15;8:26;6:33:18;7:48;5:48:51;13:56:38
Brett;Kessler;US;M50-54;Finish;1:25:20;5:18;6:25:45;9:41;5:50:39;13:56:43
Paul;Shepherd;US;M45-49;Finish;1:46:38;8:04;7:08:02;9:10;4:45:50;13:57:44
Matthew;Reese;US;M45-49;Finish;1:36:39;9:51;6:34:26;11:29;5:26:05;13:58:30
Willehard;Wortelboer;NL;M60-64;Finish;1:36:31;8:04;6:28:42;8:59;5:37:04;13:59:20
Angie;Boettner;US;F35-39;Finish;1:30:23;6:20;6:57:07;7:30;5:18:07;13:59:27
Bernd;Müller;DE;M65-69;Finish;1:45:32;7:34;6:05:16;6:05;5:55:04;13:59:31
Joanne;Furu;US;F65-69;Finish;1:38:17;7:05;7:14:30;10:43;4:49:36;14:00:11
Philip;Marsden;CA;M60-64;Finish;1:26:41;8:15;6:43:07;11:10;5:31:31;14:00:44
Lone;Christensen;DK;F55-59;Finish;1:35:12;5:50;7:06:36;11:49;5:01:26;14:00:53
Craig;Schepis;AU;M50-54;Finish;1:29:59;6:05;5:55:28;6:49;6:22:36;14:00:57
Gregory;Hoots;US;M50-54;Finish;1:09:12;6:29;5:52:07;9:27;6:44:01;14:01:16
Kyle;Mcmillin;US;M50-54;Finish;1:42:44;8:58;6:13:35;9:28;5:46:59;14:01:44
Laura;Sophiea;US;F60-64;Finish;1:08:41;5:08;5:47:56;7:44;6:52:16;14:01:45
Jeff;Walthew;US;M55-59;Finish;1:30:54;6:11;6:28:59;8:38;5:47:25;14:02:07
Claudia;Vilanova;SV;F60-64;Finish;1:11:16;5:46;7:03:48;6:36;5:34:57;14:02:23
Tony;Dallinger;NZ;M65-69;Finish;1:30:49;5:00;6:35:00;9:32;5:43:28;14:03:49
Patrick;Devlin;US;M30-34;Finish;1:31:29;8:00;6:13:54;8:58;6:02:11;14:04:32
John;Colvard;US;M55-59;Finish;1:33:33;10:13;6:25:55;12:51;5:42:29;14:05:01
David;Garthe;US;M45-49;Finish;1:20:14;5:44;6:19:37;12:03;6:07:37;14:05:15
Felicia;Long;IE;F45-49;Finish;1:29:42;8:00;6:45:57;7:20;5:34:49;14:05:48
Barb;Carson;NZ;F60-64;Finish;1:36:54;5:14;6:49:24;5:42;5:28:49;14:06:03
Kaori;Terada;JP;F55-59;Finish;1:31:12;7:10;7:09:35;12:53;5:05:27;14:06:17
Deb;Munton;GB;F60-64;Finish;1:19:47;4:09;6:42:53;5:40;5:54:39;14:07:08
Triny;Willerton;US;F45-49;Finish;1:19:36;7:05;6:31:48;11:44;5:57:44;14:07:57
Ralph;Anders;US;M65-69;Finish;1:30:26;7:58;6:30:22;16:57;5:42:23;14:08:06
Charlotte;Johnson;US;F50-54;Finish;1:28:43;9:24;7:09:26;8:47;5:11:49;14:08:09
Yuichi;Okazaki;JP;M65-69;Finish;1:51:04;8:17;7:03:14;6:29;4:59:18;14:08:22
Scott;Gronek;US;M45-49;Finish;1:29:00;5:57;6:33:51;6:35;5:53:21;14:08:44
Jian;Yao;CN;M35-39;Finish;1:33:55;4:35;7:51:35;8:27;4:30:35;14:09:07
Marc;Baert;BE;M65-69;Finish;1:30:37;7:40;6:20:59;9:47;6:01:52;14:10:55
Robert;Key;US;M55-59;Finish;1:23:49;8:08;6:27:42;8:15;6:03:38;14:11:32
Michele;Potter;US;F50-54;Finish;1:28:41;5:46;6:50:57;11:41;5:34:46;14:11:51
Nadine;Link;US;F45-49;Finish;1:22:41;7:42;7:22:53;10:25;5:08:36;14:12:17
YOSHIRO;ANDO;JP;M60-64;Finish;1:45:47;6:03;7:01:31;5:52;5:13:16;14:12:29
Kevin;Sidor;US;M45-49;Finish;59:21;7:03;7:00:22;9:53;5:55:58;14:12:37
Mark;Olderog;US;M65-69;Finish;1:13:12;8:24;7:07:22;8:07;5:37:14;14:14:19
Alessandro;Borgio;IT;M50-54;Finish;1:18:51;8:59;6:24:58;12:50;6:09:08;14:14:46
Christina;Longman;US;F35-39;Finish;1:53:31;6:44;6:37:12;12:49;5:25:02;14:15:18
张;懿君;CN;M30-34;Finish;2:03:37;7:07;7:03:36;8:20;4:52:38;14:15:18
Doug;Christ;US;M40-44;Finish;1:05:10;5:01;5:57:20;10:24;6:57:31;14:15:26
Jean;Toth;US;F65-69;Finish;1:22:54;9:53;7:11:09;10:31;5:21:57;14:16:24
Eugenio;Sebastiani;IT;M65-69;Finish;1:51:28;6:36;6:50:25;7:15;5:22:08;14:17:52
Wayne;Warrington;US;M45-49;Finish;1:24:10;4:50;6:07:20;6:43;6:35:43;14:18:46
Zouheir;Louhaichy;MA;M50-54;Finish;1:30:24;7:52;6:49:29;13:26;5:38:53;14:20:04
Even;Evensen;US;M70-74;Finish;1:21:27;8:10;6:30:51;10:36;6:11:19;14:22:23
Antje;Herrmann;DE;F55-59;Finish;1:37:44;6:26;6:48:07;5:58;5:44:44;14:22:59
Myeong Soon;Lee;KR;F55-59;Finish;1:38:43;10:21;6:58:45;12:50;5:22:34;14:23:13
Heinrich;Pilch;AT;M60-64;Finish;1:31:05;12:39;6:42:47;11:55;5:45:11;14:23:37
Marie;Nguy;FR;F40-44;Finish;1:42:12;6:17;7:21:15;9:05;5:05:01;14:23:50
alec;johnson;US;F45-49;Finish;1:28:35;7:58;7:03:17;7:37;5:37:09;14:24:36
Nobuyuki;Tanaka;JP;M60-64;Finish;1:15:20;5:11;6:04:35;6:25;6:53:18;14:24:49
Jackie;Hardman;GB;F60-64;Finish;1:45:42;6:08;7:13:33;5:49;5:13:40;14:24:52
Manfung;Mak;HK;M40-44;Finish;1:42:57;17:24;7:06:38;11:39;5:06:24;14:25:02
Anna;Kelemen;US;F18-24;Finish;1:03:18;4:00;6:37:03;6:39;6:34:13;14:25:13
Reyes;Lopez;US;M60-64;Finish;1:50:40;5:24;6:45:26;8:30;5:35:14;14:25:14
Michael;Goodall;GB;M35-39;Finish;1:31:08;12:04;6:57:04;17:29;5:29:17;14:27:02
Kevin;CaoGuoHui;CN;M35-39;Finish;1:32:12;8:21;6:56:10;8:34;5:42:12;14:27:29
Michael;Lalli;US;M30-34;Finish;1:17:43;9:40;6:54:15;12:39;5:53:18;14:27:35
Günther Johannes;Knuth;DE;M65-69;Finish;1:55:19;11:07;6:29:44;8:03;5:43:50;14:28:03
Daniele;Pelessone;US;M65-69;Finish;1:47:28;7:48;7:25:09;7:08;5:00:36;14:28:09
Rachel;Brenke;US;F30-34;Finish;1:16:13;4:26;7:04:59;7:56;5:54:44;14:28:18
Laura Monica;Tonon;AR;F55-59;Finish;1:24:10;8:40;6:52:05;12:51;5:51:03;14:28:49
Bobbe;Greenberg;US;F70-74;Finish;1:37:39;5:54;7:01:55;7:57;5:35:25;14:28:50
Hans;Künzi;CH;M70-74;Finish;1:27:25;5:29;6:37:16;7:15;6:11:48;14:29:13
Molly;Welker;US;F45-49;Finish;1:39:05;6:21;6:41:15;9:06;5:54:09;14:29:56
Hiroshi;Nakata;JP;M75-79;Finish;1:16:51;6:23;7:20:00;6:37;5:40:17;14:30:08
Kate;Weaver;AU;F18-24;Finish;1:19:34;6:05;6:48:26;5:11;6:12:34;14:31:50
Christine;Shouksmith;NZ;F60-64;Finish;1:26:25;6:20;6:50:02;9:18;5:59:54;14:31:59
Thomas;Kersch;US;M60-64;Finish;1:07:13;5:25;6:59:17;10:34;6:09:30;14:31:59
Daniel;Ramos;PR;M45-49;Finish;1:25:29;5:41;6:21:11;6:23;6:33:26;14:32:10
Matthew;Carr;US;M55-59;Finish;1:21:32;6:12;7:06:13;5:43;5:53:08;14:32:48
Wenhui;Wu;CN;M40-44;Finish;1:38:16;10:43;6:40:52;15:26;5:48:05;14:33:22
Yoshihito;Munemasa;JP;M70-74;Finish;1:45:54;6:58;7:14:26;5:24;5:21:01;14:33:43
Max;Hochstrasser;CH;M70-74;Finish;1:30:41;12:24;6:30:56;13:59;6:06:02;14:34:02
Robert;Scott;US;M65-69;Finish;1:25:22;8:08;6:49:41;9:26;6:01:36;14:34:13
Noriko;Shinoda;JP;F55-59;Finish;1:21:56;6:18;7:20:55;8:03;5:38:03;14:35:15
Claudio;Panichi;IT;M65-69;Finish;1:27:13;5:59;5:57:54;5:49;6:58:47;14:35:42
Greg;Chiarello;US;M70-74;Finish;1:38:44;5:31;7:11:52;5:45;5:34:08;14:36:00
Cullen;Goodyear;CA;F70-74;Finish;1:22:54;6:16;6:44:25;12:09;6:10:29;14:36:13
Blair;Faucheaux;US;M35-39;Finish;1:24:32;7:02;6:28:19;9:48;6:26:32;14:36:13
Joe;Tegeder;US;M40-44;Finish;1:07:42;12:31;6:47:31;11:13;6:17:39;14:36:36
Mats;Andersson;SE;M50-54;Finish;1:28:31;8:58;6:42:12;15:48;6:01:32;14:37:01
Karen;Smith;US;F50-54;Finish;1:38:26;7:23;7:09:33;7:15;5:34:29;14:37:06
Richard;Lane;AU;M50-54;Finish;1:26:15;8:35;7:20:42;8:09;5:33:38;14:37:19
Takio;Hashimoto;JP;M70-74;Finish;1:47:46;8:26;6:43:10;8:44;5:49:31;14:37:37
Patrick;Bourdillon;US;M70-74;Finish;1:40:14;6:58;6:46:50;7:37;5:56:56;14:38:35
Tyler;Johansen;US;M35-39;Finish;1:28:55;10:28;6:22:57;8:03;6:28:16;14:38:39
Huuphoc;Nguy;FR;M45-49;Finish;1:38:46;24:41;7:21:18;9:12;5:04:53;14:38:50
Atsuko;Minakata;JP;F50-54;Finish;1:37:08;11:00;6:47:02;9:12;5:54:59;14:39:21
Anne;Grundy;AU;F70-74;Finish;1:30:36;6:17;7:09:16;8:31;5:48:02;14:42:42
SYLVIA;LOBO;MX;F45-49;Finish;1:26:49;6:51;6:37:42;9:00;6:22:38;14:43:00
Melonie;Norris;US;F60-64;Finish;1:29:18;8:16;7:14:19;9:40;5:42:50;14:44:23
Matt;Ernsdorf;US;M45-49;Finish;1:06:36;6:49;6:25:28;13:32;6:52:03;14:44:28
Lan;Dong;CN;F35-39;Finish;1:36:35;7:18;6:56:12;6:39;5:57:48;14:44:32
Reon;Van Rensburg;ZA;M45-49;Finish;1:25:02;9:00;6:57:31;12:51;6:00:33;14:44:57
Thomas;Dieckhoff;DE;M60-64;Finish;1:51:20;10:37;6:27:56;14:25;6:00:58;14:45:16
Elizabeth;Sanabia;US;F45-49;Finish;1:14:08;9:59;6:52:31;11:41;6:17:58;14:46:17
Gregg;Edelstein;US;M50-54;Finish;1:38:40;9:56;6:35:30;8:46;6:15:01;14:47:53
Lisa;Ledesma;US;F55-59;Finish;1:29:26;9:01;7:17:14;8:24;5:43:50;14:47:55
Qiang;Huang;CN;M45-49;Finish;1:26:25;5:51;6:30:12;12:31;6:33:04;14:48:03
Yumiko;Yamaguchi;JP;F60-64;Finish;1:48:35;6:29;7:05:34;6:01;5:42:14;14:48:53
Bruce;Cook;US;M65-69;Finish;1:23:27;9:24;6:08:39;8:57;6:59:37;14:50:04
Pat;Ward;US;M60-64;Finish;1:38:46;7:33;6:37:48;8:51;6:17:26;14:50:24
Star;Walters;US;F65-69;Finish;1:46:10;11:18;7:15:59;8:47;5:28:53;14:51:07
Carly;Rice;GB;F25-29;Finish;1:34:28;4:28;7:20:46;6:03;5:49:01;14:54:46
Charles;Slovenski;IE;M60-64;Finish;1:20:53;9:43;7:03:54;10:59;6:09:35;14:55:04
Alessandro;Jovine;IT;M65-69;Finish;1:26:23;7:09;7:19:13;10:57;5:52:41;14:56:23
Isabella;De La Houssaye;US;F50-54;Finish;1:28:00;8:56;6:31:58;8:49;6:39:12;14:56:55
Michael;Storm;US;M65-69;Finish;1:32:00;9:54;6:20:56;10:10;6:44:02;14:57:02
Brian;Irwin;US;M40-44;Finish;1:31:51;11:50;6:36:11;12:51;6:24:27;14:57:10
John;Bonds;US;M40-44;Finish;2:01:37;7:46;6:51:31;10:02;5:46:24;14:57:20
Alexandra;Dronkers;NL;F65-69;Finish;1:30:26;6:24;7:08:16;9:04;6:03:22;14:57:32
Roger;Freeman;US;M70-74;Finish;1:31:42;8:41;6:36:36;12:26;6:28:41;14:58:06
Manami;Horiba;JP;F18-24;Finish;1:26:34;6:22;7:02:01;7:10;6:16:06;14:58:13
Matt;Bartell;US;M50-54;Finish;1:29:03;10:09;6:47:09;11:09;6:20:47;14:58:17
Dennis;Vallefuoco;US;M55-59;Finish;1:21:09;10:27;6:28:25;12:23;6:46:24;14:58:48
Steve;Hodges;US;M65-69;Finish;1:32:24;7:46;7:23:36;9:18;5:46:31;14:59:35
Kwang-Soo;Choi;KR;M45-49;Finish;1:25:33;3:25;5:52:21;5:56;7:32:54;15:00:09
Yuka;Nakai;JP;F35-39;Finish;1:44:26;6:52;7:23:16;9:25;5:36:23;15:00:22
Colin;Wilby;ID;M60-64;Finish;1:31:47;10:31;6:43:43;18:01;6:16:39;15:00:41
Shiyi;Sun;CN;F25-29;Finish;1:36:55;6:46;7:14:14;4:36;5:58:37;15:01:08
Lucien;Gagnon;CA;M45-49;Finish;1:31:11;11:09;6:45:01;10:50;6:24:12;15:02:23
David;Bouché;FR;M35-39;Finish;1:18:47;10:47;6:26:05;17:08;6:50:54;15:03:41
Nada;Rotovnik Kozjek;SI;F55-59;Finish;1:12:04;6:21;6:49:34;4:56;6:52:54;15:05:49
Rob;Wright;CA;M55-59;Finish;1:22:20;8:26;6:43:22;7:19;6:45:25;15:06:52
Bob;Whitman;US;M65-69;Finish;1:46:55;9:19;7:21:17;13:24;5:36:17;15:07:12
Gavin;Fujitani;US;M30-34;Finish;1:17:22;7:17;7:20:04;13:32;6:09:23;15:07:38
Rhonda;Konarski;US;F60-64;Finish;1:29:03;8:00;7:12:19;12:06;6:06:25;15:07:53
Sachie;Goto;JP;F55-59;Finish;1:15:43;7:41;6:45:47;15:14;6:43:36;15:08:01
Hiroko;Maru;JP;F60-64;Finish;1:34:10;8:30;7:12:39;11:14;6:02:03;15:08:36
William;Pruett;US;M50-54;Finish;1:20:22;9:02;6:51:16;12:32;6:35:40;15:08:52
Susie;Boyd Brown;NZ;F65-69;Finish;1:37:52;11:55;7:32:53;12:55;5:33:50;15:09:25
Isabelle;Seguin;CA;F55-59;Finish;1:32:15;9:35;6:51:36;10:53;6:25:47;15:10:06
Kazuyoshi;Umezawa;JP;M35-39;Finish;1:17:22;8:33;6:14:45;13:09;7:16:21;15:10:10
Hilda Grethe;Nielsen;DK;F65-69;Finish;1:49:23;5:51;7:39:39;6:22;5:32:14;15:13:29
Andrea;Lamont;US;F45-49;Finish;1:46:31;5:12;6:59:00;10:30;6:12:23;15:13:36
Jeff;Groffsky;US;M60-64;Finish;1:31:21;9:33;7:20:34;7:48;6:04:27;15:13:43
Paul;Rogan;CA;M50-54;Finish;1:35:00;7:53;6:47:32;14:50;6:30:01;15:15:16
Roen;Hirose;US;M55-59;Finish;1:32:25;15:35;7:17:40;13:43;5:56:00;15:15:23
James;Crawford;US;M70-74;Finish;1:30:34;7:19;6:53:19;10:30;6:34:13;15:15:55
Angel;Montanez;MX;M40-44;Finish;1:24:41;9:18;7:26:53;10:21;6:05:04;15:16:17
Eric;Blakie;GB;M65-69;Finish;1:29:48;8:44;6:54:23;11:11;6:32:30;15:16:36
Carmen;Kromer;DE;F60-64;Finish;1:23:03;5:31;7:08:34;7:58;6:33:10;15:18:16
Peter;Sehnke;DE;M50-54;Finish;1:34:31;7:00;7:19:40;11:20;6:05:47;15:18:18
Chong Mien;Teh;SG;M50-54;Finish;1:37:59;8:29;6:50:28;10:07;6:31:52;15:18:55
Natalie;Grabow;US;F70-74;Finish;1:38:51;7:34;7:00:47;12:17;6:19:43;15:19:12
Kylie;Dobbs;AU;F18-24;Finish;1:09:26;8:27;7:12:19;12:20;6:37:13;15:19:45
Nancy;O'Flynn;US;F50-54;Finish;1:35:23;9:26;7:09:07;15:50;6:10:01;15:19:47
Carol;Elliot;CA;F60-64;Finish;1:51:47;8:57;7:19:50;10:06;5:50:21;15:21:01
Bjorn;Holmstrom;US;M45-49;Finish;1:28:33;12:02;6:50:30;14:00;6:36:06;15:21:11
Donald;Smith;US;M70-74;Finish;1:54:41;11:04;7:05:46;9:49;5:59:54;15:21:14
Peter;Bresciani;US;M70-74;Finish;1:32:42;10:54;7:25:56;8:56;6:06:50;15:25:18
Sandra;Rinderer;US;F65-69;Finish;1:41:07;4:59;7:23:04;11:03;6:05:21;15:25:34
Jeffrey;Roehl;US;M55-59;Finish;1:21:37;8:13;6:33:47;12:55;7:09:16;15:25:48
David;Kittleson;US;M55-59;Finish;1:34:39;11:10;6:34:07;13:12;6:52:43;15:25:51
Mike;Berland;US;M50-54;Finish;1:18:24;10:48;6:45:10;14:47;6:56:58;15:26:07
Brett;Forster;AU;M50-54;Finish;1:13:50;8:44;6:45:55;14:53;7:02:53;15:26:15
Jim;Mcclain;US;M65-69;Finish;1:47:46;10:44;6:54:21;12:03;6:21:56;15:26:50
Bo;Porshed;SE;M60-64;Finish;2:01:53;11:05;6:44:22;10:47;6:18:52;15:26:59
Valerie;Gonzales;CA;F70-74;Finish;1:57:22;8:22;7:43:30;8:50;5:29:39;15:27:43
Peter;Buchan;AU;M55-59;Finish;1:25:33;7:49;6:32:23;9:54;7:12:33;15:28:12
Diane;Tracy;US;F65-69;Finish;1:43:34;7:53;7:14:06;10:31;6:12:43;15:28:47
鹏;贾;CN;M35-39;Finish;1:57:21;6:39;7:20:26;6:52;5:57:47;15:29:05
John;Wragg;CA;M65-69;Finish;1:38:34;9:07;6:34:56;10:10;6:56:51;15:29:38
Koji;Nobuka;JP;M70-74;Finish;1:54:33;13:30;7:32:23;9:24;5:40:47;15:30:37
Bethany;Smith;US;F45-49;Finish;1:57:08;5:50;7:09:58;10:04;6:09:00;15:32:00
Paul;Harrison;NZ;M55-59;Finish;1:28:23;9:18;7:01:57;14:45;6:38:10;15:32:33
Todor;Azurtza Sorrondegi;US;M45-49;Finish;1:24:59;7:33;6:56:59;10:11;6:52:59;15:32:41
Ann;Hayes;CA;F65-69;Finish;1:29:06;10:26;7:33:32;8:33;6:12:29;15:34:06
Carina;Ljung;SE;F60-64;Finish;1:28:25;8:54;7:29:09;8:40;6:19:50;15:34:58
Rob;Ladewig;US;M70-74;Finish;1:39:01;13:44;6:37:19;11:56;6:54:30;15:36:30
Saito;Nobuyuki;JP;M70-74;Finish;1:47:15;14:25;7:12:42;10:28;6:12:22;15:37:12
David;Mattice;US;M55-59;Finish;1:37:13;7:35;7:21:53;12:00;6:19:35;15:38:16
James;Davis;US;M75-79;Finish;1:41:45;12:22;6:49:53;10:47;6:43:36;15:38:23
Sue;Dejesus;US;F65-69;Finish;1:16:00;7:21;7:44:45;7:55;6:22:34;15:38:35
Rita;Garcia;AU;F45-49;Finish;1:44:51;4:33;7:36:48;7:47;6:05:02;15:39:01
Jill;Fritsch;CA;F40-44;Finish;1:29:48;11:39;7:02:02;16:44;6:39:00;15:39:13
William;Conner;US;M45-49;Finish;1:32:24;8:01;7:17:00;17:34;6:24:40;15:39:39
Marilynn;Laswell;US;F55-59;Finish;2:08:00;7:09;7:08:58;9:21;6:06:12;15:39:40
Janet;Watson;GB;F65-69;Finish;1:53:29;9:23;7:14:07;11:35;6:11:16;15:39:50
Tommy;Scroggins;US;M45-49;Finish;1:50:41;8:27;6:49:53;28:21;6:23:16;15:40:38
Kevin;Buchaniec;US;M45-49;Finish;1:35:16;10:05;7:37:07;14:35;6:04:52;15:41:55
Heather;Freeman;US;F40-44;Finish;1:04:25;6:02;7:47:18;7:49;6:36:34;15:42:08
Ken;Hola;US;M75-79;Finish;1:30:14;11:01;6:58:58;12:59;6:50:36;15:43:48
Francoise;Haudry;FR;F65-69;Finish;1:20:05;4:15;7:23:23;7:58;6:48:25;15:44:06
Paula;North;US;F65-69;Finish;1:45:49;6:45;7:29:14;9:32;6:13:59;15:45:19
Wilson;Hoo;CA;M50-54;Finish;2:01:37;11:13;7:16:51;10:33;6:05:13;15:45:27
Kelly;Monahan;US;M60-64;Finish;1:32:01;12:33;7:38:03;19:38;6:03:18;15:45:33
Ryan;Domengeaux;US;M45-49;Finish;2:04:03;8:05;7:05:16;16:08;6:13:46;15:47:18
Tobias;Fehlhaber;DE;M45-49;Finish;1:21:53;10:55;7:17:32;10:58;6:46:30;15:47:48
Rob;Lutz;AU;M50-54;Finish;1:32:22;9:17;7:00:40;10:08;6:55:23;15:47:50
Michal;Naglowski;PL;M40-44;Finish;1:27:16;4:11;6:57:10;11:42;7:08:07;15:48:26
Eric;Stockall;US;M55-59;Finish;1:46:04;6:55;7:10:55;9:12;6:36:10;15:49:16
Huifeng;Zhang;CN;M25-29;Finish;1:47:42;5:26;7:08:54;11:44;6:35:40;15:49:26
Kathryn;Mackinnon;CA;F50-54;Finish;1:36:02;6:47;7:53:28;8:54;6:04:48;15:49:59
Ryan;Reynolds;US;F30-34;Finish;1:56:51;9:06;7:09:15;11:03;6:24:10;15:50:25
Thomas;Scheer;US;M45-49;Finish;1:15:50;7:02;6:53:43;8:54;7:24:57;15:50:26
Dixit;Patel;IN;M50-54;Finish;1:36:18;9:03;7:37:39;6:54;6:22:23;15:52:17
David;Morell;US;M60-64;Finish;1:35:59;12:43;6:46:21;14:23;7:03:33;15:52:59
Laura;Frye;US;F60-64;Finish;1:22:51;15:21;7:29:20;19:35;6:27:41;15:54:48
Kathleen;Mccartney;US;F55-59;Finish;1:28:08;6:43;7:19:09;12:59;6:49:29;15:56:28
Daniel;Rake;AU;M40-44;Finish;1:19:18;9:06;5:45:38;14:13;8:29:37;15:57:52
Diane;Ridgway;US;F70-74;Finish;1:42:30;5:49;7:27:38;7:42;6:34:45;15:58:24
Christine;Palmquist;US;F50-54;Finish;1:35:12;9:08;7:24:37;10:43;6:38:52;15:58:32
Yuko;Hayashi;JP;F60-64;Finish;1:35:30;10:00;7:47:15;8:48;6:17:40;15:59:13
George;Hulse;AU;M75-79;Finish;1:53:38;12:05;7:21:24;12:41;6:20:38;16:00:26
Ken;Roma;US;M55-59;Finish;1:41:27;8:07;7:41:55;9:44;6:19:28;16:00:41
Sue;Weiskopf-Larson;US;F50-54;Finish;1:53:34;11:20;7:11:19;10:13;6:34:58;16:01:24
Elle;Goodall;AU;F30-34;Finish;1:13:51;7:23;7:39:03;6:59;6:55:30;16:02:46
Ann;Bondy;NZ;F65-69;Finish;1:38:43;7:57;7:33:19;10:07;6:32:43;16:02:49
David;Moore;US;M45-49;Finish;1:26:08;8:31;7:00:58;16:00;7:12:30;16:04:07
Leif-Håkan;Johnsson;SE;M70-74;Finish;2:08:16;10:09;6:35:10;16:25;6:55:55;16:05:55
Susan;Thompson;US;F70-74;Finish;1:26:46;10:47;8:13:23;9:27;6:06:59;16:07:22
Abdel K;Fustok;US;M75-79;Finish;1:47:11;14:04;7:38:41;11:06;6:18:14;16:09:16
Tom;Kennedy;US;M60-64;Finish;1:31:38;6:21;7:34:02;10:24;6:47:51;16:10:16
Gerard;Delbury;FR;M70-74;Finish;1:45:23;10:32;7:19:49;12:41;6:42:02;16:10:27
Jung-Lee;Seo;KR;F60-64;Finish;1:51:57;9:12;7:31:28;9:21;6:28:32;16:10:30
Ian;Crafter;AU;M60-64;Finish;2:01:01;6:55;7:30:48;10:09;6:23:07;16:12:00
Kim;Byongdoo;KR;M70-74;Finish;1:59:29;10:20;7:29:32;7:51;6:28:46;16:15:58
Kevin;Perkins;US;M55-59;Finish;1:41:37;9:46;7:23:58;10:03;6:50:50;16:16:14
Ricky;May;AU;M55-59;Finish;1:42:33;16:44;7:42:55;11:47;6:22:27;16:16:26
Nakashima;Mamoru;JP;M75-79;Finish;2:02:46;12:10;7:45:33;6:18;6:10:10;16:16:57
Mark;Swenson;US;M60-64;Finish;1:45:26;12:48;7:43:19;9:29;6:29:34;16:20:36
Kevin;Swenson;US;M55-59;Finish;1:39:06;10:15;7:26:53;14:10;6:50:14;16:20:38
Martin;Arnold;GB;M50-54;Finish;1:19:17;10:32;7:01:39;9:04;7:40:52;16:21:24
Jerry;Huhn;US;M70-74;Finish;1:38:42;8:02;7:18:00;12:27;7:04:56;16:22:07
Hiroshi;Tomita;JP;M65-69;Finish;2:13:07;7:22;7:47:51;8:17;6:06:32;16:23:09
Marcie;Eynon;US;F45-49;Finish;1:53:26;6:51;7:56:24;8:18;6:18:47;16:23:46
Ken;Pagliughi;US;M70-74;Finish;1:38:33;10:11;7:20:30;11:49;7:04:57;16:26:00
Graham;Lloyd;US;M70-74;Finish;1:59:07;8:45;6:26:26;6:47;7:45:58;16:27:03
Allan;O'Bryant;US;M60-64;Finish;1:53:23;10:35;7:21:22;11:21;6:54:27;16:31:08
Michael;Besser;AU;M70-74;Finish;2:02:17;9:38;7:48:45;10:08;6:20:49;16:31:37
Sandi;Wiebe;US;F65-69;Finish;1:29:08;7:12;7:35:16;10:36;7:09:37;16:31:49
Michael;Collins;US;M55-59;Finish;1:09:34;12:33;7:54:43;13:20;7:02:00;16:32:10
Gary;Burdorf;US;M50-54;Finish;1:36:50;10:18;7:46:26;13:29;6:46:38;16:33:41
Dennis;Rafferty;AU;M55-59;Finish;1:20:00;8:32;6:46:34;12:33;8:06:40;16:34:19
Richard;Weinbrandt;US;M70-74;Finish;1:26:03;5:47;7:59:30;7:10;6:56:34;16:35:04
Petri;Rautapuro;FI;M50-54;Finish;1:29:57;7:52;7:14:03;10:15;7:33:05;16:35:12
Jodi;Alper;US;F60-64;Finish;1:41:48;13:06;7:56:08;8:51;6:37:02;16:36:55
Kimiko;Matsuda;JP;F70-74;Finish;1:28:11;7:14;7:50:53;9:18;7:07:08;16:42:44
Dexter;Yeats;US;F70-74;Finish;1:45:51;8:37;7:22:38;8:30;7:17:32;16:43:08
Michel;Tardy;CH;M45-49;Finish;1:50:26;9:54;7:59:07;11:44;6:32:18;16:43:29
George;Hissong;US;M50-54;Finish;1:44:58;8:05;7:20:49;10:44;7:19:18;16:43:54
Gus;Fontenot;AS;M50-54;Finish;1:23:56;8:00;6:45:52;10:13;8:16:18;16:44:19
Tatsuo;Hamaguchi;JP;M70-74;Finish;1:45:44;10:23;7:29:32;9:35;7:09:18;16:44:32
Masaru;Suzuki;JP;M65-69;Finish;1:17:25;6:10;7:14:56;8:48;7:57:14;16:44:33
Kathleen;Broder;US;F70-74;Finish;2:05:26;7:33;8:02:41;10:37;6:18:40;16:44:57
Ann-Charlotte;Mengel;SE;F65-69;Finish;2:10:46;8:47;7:47:20;8:59;6:30:44;16:46:36
Valerie;Lindeborg;US;F55-59;Finish;1:39:41;7:27;7:35:39;10:07;7:18:10;16:51:04
Marcus;Cook;US;M45-49;Finish;1:53:28;11:03;7:38:00;11:52;6:56:45;16:51:08
Xiangdong;Wen;CN;M65-69;Finish;1:55:16;8:51;7:47:31;10:26;6:51:17;16:53:21
Hiromu;Inada;JP;M85-89;Finish;1:51:25;12:08;8:02:40;19:19;6:28:17;16:53:49
George;Hudson;US;M75-79;Finish;2:13:39;13:20;7:34:06;11:19;6:41:41;16:54:05
Guillermo;Franco;MX;M40-44;Finish;1:15:19;7:11;7:16:52;17:17;8:00:16;16:56:55
