First;Last;Nation;Division;Status;Swim;T1;Bike;T2;Run;Overall
Dean;Paxson;US;M75-79;DNF;1:46:52;13:05;8:23:11;10:33;--:--;--:--
Ka Hung;Tsang;HK;F18-24;DNF;1:12:02;2:41;7:28:26;--:--;--:--;--:--
Jordan;Blanco;GB;F45-49;DNF;1:12:23;5:07;5:32:41;9:14;--:--;--:--
Robert;Plant;US;M75-79;DNF;1:28:55;4:54;7:12:40;--:--;--:--;--:--
Håkan;Börjesson;SE;M75-79;DNF;1:54:34;9:51;8:13:50;14:10;--:--;--:--
Christopher;Johnson;US;M40-44;DNF;1:14:29;5:04;--:--;--:--;--:--;--:--
Daniel;Stubleski;US;M40-44;DNF;1:00:21;2:17;4:41:13;3:43;--:--;--:--
Michael;Vrbanac;US;M60-64;DNF;1:09:25;4:46;5:30:09;5:52;--:--;--:--
John;Wiberg;US;M50-54;DNF;1:04:13;6:01;5:56:05;12:19;--:--;--:--
Jan;Andersen;US;F60-64;DNF;1:52:56;11:08;--:--;--:--;--:--;--:--
Gilles;Proulx;CA;M75-79;DNF;2:28:47;44:36;--:--;--:--;--:--;--:--
Dexter;Yeats;US;F70-74;DNF;1:48:18;8:50;8:01:19;7:59;--:--;--:--
Melisa;Christian;US;F40-44;DNF;1:12:25;4:29;6:20:30;4:48;--:--;--:--
Dan;Mccarel;US;M75-79;DNF;2:05:20;16:10;8:31:50;--:--;--:--;--:--
Maria Cecilia;Carvalho;BR;F25-29;DNF;1:01:54;3:04;5:04:48;2:54;--:--;--:--
;;JP;M75-79;DNF;2:15:16;8:24;8:28:23;--:--;--:--;--:--
Martik;Torres;CO;F40-44;DNF;1:11:37;2:54;5:44:26;--:--;--:--;--:--
Andreas;Niedrig;DE;M50-54;DNF;56:28;3:35;5:07:17;6:30;--:--;--:--
Hiromu;Inada;JP;M85-89;DNF;1:49:35;10:26;--:--;--:--;--:--;--:--
Keiko;Inoue;JP;F60-64;DNF;1:39:03;9:26;8:33:48;9:52;--:--;--:--
Ross;Barnard;ZA;M25-29;DNF;1:01:47;3:42;4:57:34;4:30;--:--;--:--
Mikael;Nelker;SE;M40-44;DNF;1:04:05;4:02;--:--;--:--;--:--;--:--
Graham;Lloyd;US;M70-74;DNF;2:19:25;53:58;--:--;--:--;--:--;--:--
Andrew;Botha;ZA;M40-44;DNF;1:00:49;3:41;5:07:07;7:37;--:--;--:--
Giovanni;Pastorelli;IT;M70-74;DNF;1:34:57;9:22;8:08:16;27:01;--:--;--:--
Sandra;Fantini;FR;F45-49;DNF;59:43;3:25;5:46:05;4:21;--:--;--:--
Florent;Garcin;FR;M35-39;DNF;1:09:20;3:51;5:36:17;10:49;--:--;--:--
Dietmar;Melmer;AT;M55-59;DNF;1:06:11;3:58;5:19:08;8:23;--:--;--:--
Carol;Montreuil;CA;M60-64;DNF;1:28:55;4:24;6:32:28;--:--;--:--;--:--
Ana;Naranjo;CO;F40-44;DNF;1:07:11;4:49;5:50:37;4:18;--:--;--:--
Isabella;Cuder;AT;F60-64;DNF;1:11:22;6:46;7:54:12;--:--;--:--;--:--
Marj;Rinaldo;US;F25-29;DNF;1:02:03;3:12;5:56:06;--:--;--:--;--:--
Anthony;Avila;US;M50-54;DNF;1:20:44;4:53;5:56:11;9:26;--:--;--:--
Dan;Solomon;US;M45-49;DNF;1:00:27;3:20;--:--;--:--;--:--;--:--
Tadashi;Horiuchi;JP;M75-79;DNF;2:20:50;--:--;--:--;--:--;--:--;--:--
Al;Truscott;US;M70-74;DNF;1:21:56;6:38;7:35:27;9:19;--:--;--:--
Christophe;Jouffret;FR;M55-59;DNF;58:12;2:40;5:09:36;4:13;--:--;--:--
Juan Manuel;Cardenas Maestre;ES;M35-39;DNF;1:11:41;2:43;--:--;--:--;--:--;--:--
Tobias;Korell;DE;M30-34;DNF;1:05:50;3:30;--:--;--:--;--:--;--:--
Laura;Sophiea;US;F60-64;DNF;1:17:06;8:01;6:04:41;--:--;--:--;--:--
Melinda;Nagle;US;F50-54;DNF;1:11:57;4:37;6:17:31;--:--;--:--;--:--
Carrie;Mccoy;US;F35-39;DNF;1:22:44;3:48;6:55:53;--:--;--:--;--:--
Matthias;Fackler;DE;M35-39;DNF;1:06:57;4:24;5:48:01;7:07;--:--;--:--
Gail A.;Hughes;US;F65-69;DNF;1:31:49;13:04;--:--;--:--;--:--;--:--
Gwen;Duhon;US;F55-59;DNF;1:03:03;6:23;6:38:20;10:58;--:--;--:--
Cyrille;Perez;FR;M55-59;DNF;1:13:27;3:46;5:43:57;5:45;--:--;--:--
Jennifer;Williams;AU;F60-64;DNF;--:--;--:--;--:--;--:--;--:--;--:--
Su;Yun;CN;M45-49;DNF;1:13:42;4:32;5:17:31;8:16;--:--;--:--
Rafael;Brandão De O. Sousa;BR;M40-44;DNF;52:23;3:22;5:27:47;--:--;--:--;--:--
Carla;Schubiger;CH;F40-44;DNF;1:02:44;3:55;5:33:24;3:28;--:--;--:--
Andre;Dwehus;DE;M50-54;DNF;1:15:45;--:--;--:--;--:--;--:--;--:--
David;Borrell;GB;M70-74;DNF;1:38:03;7:47;--:--;--:--;--:--;--:--
Megan;Kinne;US;F40-44;DNF;1:25:21;5:35;--:--;--:--;--:--;--:--
Karen;Dayan;US;F60-64;DNF;1:43:20;8:41;8:10:32;--:--;--:--;--:--
Lauren;Cancelliere;US;F25-29;DNF;1:12:14;3:52;6:14:43;5:13;--:--;--:--
Ken;Koike;JP;M40-44;DNF;54:36;3:44;--:--;--:--;--:--;--:--
Oleg;Mazurov;RU;M40-44;DNF;1:15:01;4:13;5:22:17;4:20;--:--;--:--
Karen;Cowles;US;F65-69;DNF;1:29:07;10:47;8:14:16;11:44;6:55:17;17:01:11
Richard;Weinbrandt;US;M75-79;DNF;1:29:11;5:47;8:35:07;9:22;6:54:53;17:14:20
Al;Tarkington;US;M80-84;DNF;1:39:25;8:37;7:33:59;12:56;7:42:55;17:17:52
Alex;Blank;DE;M45-49;DNS;--:--;--:--;--:--;--:--;--:--;--:--
Johan;Kärner;SE;M30-34;DNS;--:--;--:--;--:--;--:--;--:--;--:--
Kirill;Goldovskii;RU;M30-34;DNS;--:--;--:--;--:--;--:--;--:--;--:--
Yousung;Son;KR;M55-59;DNS;--:--;--:--;--:--;--:--;--:--;--:--
Veronique;Bellon;FR;F55-59;DNS;--:--;--:--;--:--;--:--;--:--;--:--
Lars-Göran;Petersson;SE;M55-59;DNS;--:--;--:--;--:--;--:--;--:--;--:--
Mitch;Vanhille;BE;M35-39;DNS;--:--;--:--;--:--;--:--;--:--;--:--
Becky;Hoare;GB;F25-29;DNS;--:--;--:--;--:--;--:--;--:--;--:--
Seungryul;Baek;KR;M55-59;DNS;--:--;--:--;--:--;--:--;--:--;--:--
Cameron;Mitchell;CA;M18-24;DNS;--:--;--:--;--:--;--:--;--:--;--:--
Carolina;Ponce;EC;F45-49;DNS;--:--;--:--;--:--;--:--;--:--;--:--
Alexander;Evsikov;RU;M65-69;DNS;--:--;--:--;--:--;--:--;--:--;--:--
Kristina;Beckendorf;DK;F45-49;DNS;--:--;--:--;--:--;--:--;--:--;--:--
Florian;Besancon;FR;M35-39;DNS;--:--;--:--;--:--;--:--;--:--;--:--
Cameron;Knuth;US;M40-44;DNS;--:--;--:--;--:--;--:--;--:--;--:--
Samuel;Burkett;US;M40-44;DNS;--:--;--:--;--:--;--:--;--:--;--:--
Lawerence;Altman;US;M55-59;DNS;--:--;--:--;--:--;--:--;--:--;--:--
Holom;Mans;SE;M50-54;DNS;--:--;--:--;--:--;--:--;--:--;--:--
Maria;Hodges;PH;F30-34;DNS;--:--;--:--;--:--;--:--;--:--;--:--
Cameron;Mitchell;ZA;M30-34;DNS;--:--;--:--;--:--;--:--;--:--;--:--
Alexander;Voronin;UA;M35-39;DNS;--:--;--:--;--:--;--:--;--:--;--:--
Jeremy;Nock;GB;M50-54;DNS;--:--;--:--;--:--;--:--;--:--;--:--
Gabriel;Lopez;GT;M45-49;DNS;--:--;--:--;--:--;--:--;--:--;--:--
William;Shenton-Brown;GB;M25-29;DNS;--:--;--:--;--:--;--:--;--:--;--:--
Manuel;Huerta;PR;M35-39;DNS;--:--;--:--;--:--;--:--;--:--;--:--
Steven;Middleton;GB;M40-44;DNS;--:--;--:--;--:--;--:--;--:--;--:--
Anders;Ulrichsen;DK;M50-54;DNS;--:--;--:--;--:--;--:--;--:--;--:--
Marcos Felipe Mendes;Lopes;BR;M40-44;DNS;--:--;--:--;--:--;--:--;--:--;--:--
Xiaobing;He;CN;M65-69;DNS;--:--;--:--;--:--;--:--;--:--;--:--
Julie;Dunkle;US;F50-54;DNS;--:--;--:--;--:--;--:--;--:--;--:--
Bruno;Monteiro;BR;M30-34;DNS;--:--;--:--;--:--;--:--;--:--;--:--
Iain;Young;GB;M45-49;DNS;--:--;--:--;--:--;--:--;--:--;--:--
James;Welsh;ZA;M60-64;DNS;--:--;--:--;--:--;--:--;--:--;--:--
David;Clark;AU;M35-39;DNS;--:--;--:--;--:--;--:--;--:--;--:--
Martin;Sudut;US;M65-69;DNS;--:--;--:--;--:--;--:--;--:--;--:--
Heather;Ireland;US;F25-29;DNS;--:--;--:--;--:--;--:--;--:--;--:--
Jackie;Crofton;AU;F40-44;DNS;--:--;--:--;--:--;--:--;--:--;--:--
Nele;Siegmeier;DE;F30-34;DNS;--:--;--:--;--:--;--:--;--:--;--:--
Henry Irving;Tragle;US;M40-44;DNS;--:--;--:--;--:--;--:--;--:--;--:--
Jared;Lenner;US;M25-29;DNS;--:--;--:--;--:--;--:--;--:--;--:--
Mark;Weghorst;US;M35-39;DNS;--:--;--:--;--:--;--:--;--:--;--:--
Rayco Miguel;Marrero Avero;ES;M35-39;DNS;--:--;--:--;--:--;--:--;--:--;--:--
Patrick;Bourdillon;US;M70-74;DNS;--:--;--:--;--:--;--:--;--:--;--:--
Auke;Geurts De Leng;NL;M45-49;DNS;--:--;--:--;--:--;--:--;--:--;--:--
Juan Antonio;Gomez Gonzalez;ES;M30-34;DNS;--:--;--:--;--:--;--:--;--:--;--:--
Nick;Buss;GB;M45-49;DNS;--:--;--:--;--:--;--:--;--:--;--:--
Barbara;Trazzi;IT;F45-49;DNS;--:--;--:--;--:--;--:--;--:--;--:--
Mark;Cooper;US;M75-79;DNS;--:--;--:--;--:--;--:--;--:--;--:--
Camilla;Wade-West;GB;F25-29;DNS;--:--;--:--;--:--;--:--;--:--;--:--
Sašo;Kocar;SI;M35-39;DNS;--:--;--:--;--:--;--:--;--:--;--:--
Carla;Guttilla Lacerda;BR;F18-24;DNS;--:--;--:--;--:--;--:--;--:--;--:--
Nick;Sneyers;BE;M50-54;DNS;--:--;--:--;--:--;--:--;--:--;--:--
Nathan;Buttrick;US;M35-39;DNS;--:--;--:--;--:--;--:--;--:--;--:--
Joe;Klinedinst;US;M40-44;DNS;--:--;--:--;--:--;--:--;--:--;--:--
Gokhan;Dogruol;TR;M55-59;DNS;--:--;--:--;--:--;--:--;--:--;--:--
Edward;Baker;US;M40-44;DNS;--:--;--:--;--:--;--:--;--:--;--:--
Jason;Ream;US;M35-39;DNS;--:--;--:--;--:--;--:--;--:--;--:--
Even;Evensen;US;M70-74;DNS;--:--;--:--;--:--;--:--;--:--;--:--
Jarrod;Owen;AU;M35-39;DNS;--:--;--:--;--:--;--:--;--:--;--:--
James;Graham;GB;M55-59;DNS;--:--;--:--;--:--;--:--;--:--;--:--
Amélie;Chéhensse;FR;F40-44;DNS;--:--;--:--;--:--;--:--;--:--;--:--
Brian;Boyle;NZ;M80-84;DNS;--:--;--:--;--:--;--:--;--:--;--:--
Darren;Cronshaw;AU;M45-49;DNS;--:--;--:--;--:--;--:--;--:--;--:--
Guilherme;Tamega;BR;M45-49;DNS;--:--;--:--;--:--;--:--;--:--;--:--
Michael;Entwistle;AU;M30-34;DQ;--:--;--:--;--:--;--:--;--:--;--:--
Christopher;Dels;DE;M35-39;DQ;--:--;--:--;--:--;--:--;--:--;--:--
Laura;Pederzoli;IT;F45-49;DQ;--:--;--:--;--:--;--:--;--:--;--:--
Kubota;Rena;JP;F18-24;DQ;--:--;--:--;--:--;--:--;--:--;--:--
Sergio;Marques;PT;M35-39;DQ;--:--;--:--;--:--;--:--;--:--;--:--
Rodrigo;Tavares;BR;M35-39;DQ;--:--;--:--;--:--;--:--;--:--;--:--
Donovan;Geldenhuys;ZA;M35-39;Finish;55:03;3:46;4:40:36;2:58;3:02:54;8:45:17
Ivan;Caceres Lopez;ES;M30-34;Finish;54:41;3:30;4:50:03;3:12;2:55:42;8:47:08
Aaron;Tomasz;GB;M25-29;Finish;52:52;3:49;4:42:44;2:58;3:05:15;8:47:38
Alexandr;Vinokurov;KZ;M45-49;Finish;1:09:06;2:42;4:21:06;3:13;3:12:17;8:48:24
Raynard;Picard;MX;M35-39;Finish;1:04:32;2:43;4:36:36;4:11;3:00:31;8:48:33
Neil;Eddy;GB;M30-34;Finish;51:55;2:18;4:49:49;3:27;3:02:20;8:49:49
Ryan;Giuliano;US;M35-39;Finish;1:00:02;2:28;4:44:50;2:56;3:01:18;8:51:34
Derk;De Korver;NL;M35-39;Finish;1:01:42;2:53;4:33:38;3:34;3:11:07;8:52:54
Javier;Perez Garcia;ES;M30-34;Finish;1:01:38;2:11;4:51:31;2:37;2:55:55;8:53:52
Philipp;Herber;DE;M30-34;Finish;59:07;2:48;4:44:15;3:11;3:05:54;8:55:15
Sven;Wies;DE;M30-34;Finish;52:46;2:04;4:46:23;2:32;3:11:41;8:55:26
Benjamin;Winkler;DE;M35-39;Finish;53:08;2:27;4:42:07;3:31;3:15:14;8:56:27
Carsten;Sorensen;DK;M40-44;Finish;53:58;3:17;4:46:01;3:29;3:10:04;8:56:49
Georg;Enzenberger;AT;M25-29;Finish;57:35;2:40;4:38:39;3:02;3:14:55;8:56:51
Dylan;Gleeson;CA;M35-39;Finish;56:52;2:48;4:38:14;3:19;3:15:45;8:56:58
Levi;Hauwert;AU;M30-34;Finish;56:11;2:52;4:39:45;2:53;3:15:25;8:57:06
Lewis;Eccleston;GB;M25-29;Finish;58:55;3:01;4:44:08;3:29;3:08:16;8:57:49
Steve;Jackson;US;M30-34;Finish;51:02;2:09;4:46:19;3:09;3:15:21;8:58:00
Antoine;Perche;FR;M35-39;Finish;54:52;2:20;4:43:49;2:44;3:15:34;8:59:19
Florian;Schmidbauer;DE;M25-29;Finish;54:48;3:21;4:49:56;2:59;3:08:21;8:59:25
Oscar;Galindez;AR;M45-49;Finish;57:29;4:29;4:45:24;3:18;3:08:47;8:59:27
Jesper Sundstrup;Madsen;DK;M40-44;Finish;1:04:00;3:10;4:46:14;2:46;3:04:04;9:00:14
Olivier;Godart;LU;M40-44;Finish;1:03:48;3:51;4:53:32;3:42;2:55:31;9:00:24
Vandenbroele;Niels;BE;M30-34;Finish;55:58;2:45;4:44:57;4:28;3:12:35;9:00:43
Christian;Störzer;DE;M35-39;Finish;59:16;2:51;4:37:37;2:57;3:18:11;9:00:52
Peng Cheng;Li;CN;M25-29;Finish;58:47;2:17;4:51:03;3:26;3:05:56;9:01:29
Michael  Tobias;Göhner;DE;M35-39;Finish;59:45;2:50;4:36:54;3:10;3:19:28;9:02:07
Brian William;Fogarty;GB;M35-39;Finish;1:06:16;3:00;4:33:50;4:14;3:15:06;9:02:26
Alexandre;Takenaka;BR;M35-39;Finish;54:43;2:29;4:50:13;3:21;3:11:59;9:02:45
Christoph;Mattner;DE;M30-34;Finish;59:16;2:35;4:53:00;2:43;3:05:28;9:03:02
Matthew;Malone;US;M30-34;Finish;58:42;2:52;4:57:07;3:59;3:01:40;9:04:20
Jörg;Scheiderbauer;DE;M40-44;Finish;59:02;2:47;4:42:10;3:35;3:16:51;9:04:25
Thomas;Elliott;GB;M35-39;Finish;1:06:11;3:31;4:44:07;3:27;3:07:11;9:04:27
Brice;Williams;US;M40-44;Finish;56:18;2:55;4:56:08;2:53;3:07:12;9:05:26
Mathieu;Perget;FR;M35-39;Finish;1:04:11;4:18;4:40:03;3:17;3:13:58;9:05:47
Jan;Seewald;DE;M35-39;Finish;59:19;3:23;4:43:34;3:09;3:16:53;9:06:18
Gwénaël;Changeon;FR;M30-34;Finish;1:00:30;2:53;4:49:41;2:55;3:10:33;9:06:32
Mike;Schifferle;CH;M45-49;Finish;1:02:32;4:12;4:50:11;4:48;3:05:06;9:06:49
Kriszeleit;Leon;DE;M30-34;Finish;59:14;2:17;4:55:48;3:27;3:06:25;9:07:11
Nicolas;Uribe;CO;M30-34;Finish;54:46;3:09;4:41:31;2:39;3:25:33;9:07:38
Mark;Pellew;ZA;M45-49;Finish;57:00;3:44;4:55:13;4:16;3:07:53;9:08:06
Gustav;Palm-Henriksen;DK;M18-24;Finish;54:48;2:12;4:42:36;2:35;3:26:02;9:08:13
Thomas;Fürnschuss;AT;M35-39;Finish;1:01:39;2:22;4:47:44;3:17;3:14:07;9:09:09
Timo;Hummel;DE;M35-39;Finish;58:45;2:33;4:57:12;3:05;3:07:53;9:09:28
Maximilian;Braun;AT;M25-29;Finish;58:54;2:29;4:54:36;4:01;3:09:32;9:09:32
Tobias;Heining;DE;M30-34;Finish;54:51;2:46;4:45:14;3:19;3:23:45;9:09:55
Simon;Leblanc;CA;M25-29;Finish;57:44;3:42;4:58:24;3:21;3:06:51;9:10:02
Vicente;Saraiva Junior;BR;M40-44;Finish;54:52;4:07;4:53:11;5:16;3:12:57;9:10:23
Pavel;Petrasek;CZ;M25-29;Finish;58:01;3:06;4:55:03;3:38;3:10:55;9:10:43
Dennis;Kruse;DE;M30-34;Finish;54:53;2:54;4:53:39;4:21;3:15:05;9:10:52
Joel;Maley;CA;M35-39;Finish;1:12:10;3:31;4:48:10;3:20;3:03:52;9:11:03
Norman;Banick;DE;M30-34;Finish;59:43;3:25;4:49:16;3:36;3:15:09;9:11:09
Joel;Junod;CH;M30-34;Finish;1:01:39;2:32;4:47:24;3:14;3:16:38;9:11:27
Nicholas;Chapman;ZA;M30-34;Finish;1:08:00;4:48;4:42:37;3:31;3:12:53;9:11:49
Brendan;O'Loughlin;AU;M30-34;Finish;54:15;3:48;4:47:50;2:50;3:23:21;9:12:04
Ilya;Kosov;RU;M30-34;Finish;54:38;3:42;4:58:57;4:20;3:10:31;9:12:08
Hannes;Wolpert;DE;M25-29;Finish;51:55;2:24;4:57:23;3:31;3:17:00;9:12:13
Miguel;Largo Flores;ES;M25-29;Finish;1:01:12;2:32;4:54:59;3:40;3:10:05;9:12:28
Elias;Schipperges;DE;M25-29;Finish;53:05;3:10;5:03:08;3:18;3:09:56;9:12:37
Bren;Winbrock;US;M25-29;Finish;1:03:59;3:20;4:59:59;2:42;3:03:00;9:13:00
Vincent;Terrier;FR;M18-24;Finish;56:31;2:24;4:53:19;3:25;3:17:31;9:13:10
Tom;Holzmann;DE;M18-24;Finish;59:09;3:23;4:55:01;3:03;3:12:59;9:13:35
Francisco Manuel;Ortega Serrano;ES;M40-44;Finish;59:01;2:55;4:51:50;5:12;3:14:41;9:13:39
Vince;Donofrio;US;M30-34;Finish;59:34;3:29;5:05:02;2:57;3:02:45;9:13:47
Juan;Valencia;CO;M40-44;Finish;53:15;3:57;4:52:09;2:46;3:21:45;9:13:52
Aleksej;Calmann;DK;M25-29;Finish;1:08:56;3:15;4:31:12;3:43;3:26:47;9:13:53
Ryan;Miller;AU;M35-39;Finish;1:03:53;2:41;4:59:17;4:10;3:03:57;9:13:58
Romain;Criado;FR;M30-34;Finish;57:13;2:57;4:55:18;2:52;3:15:48;9:14:08
Mark;Saroni;US;M30-34;Finish;57:14;2:38;4:54:05;2:53;3:17:40;9:14:30
Nicholas;Marcantonio;US;M25-29;Finish;59:04;4:57;4:50:26;6:20;3:14:01;9:14:48
Jose;Graca;BR;M45-49;Finish;58:52;3:26;4:56:33;4:29;3:11:39;9:14:59
Sam;Gydé;BE;M40-44;Finish;1:07:47;3:51;4:43:57;3:59;3:15:53;9:15:27
Sven;Kunath;DE;M40-44;Finish;1:04:20;3:59;4:52:22;4:28;3:10:50;9:15:59
Andres;Arce;PY;M30-34;Finish;59:14;4:34;4:55:00;4:04;3:13:25;9:16:17
Benjamin;Besse;US;M25-29;Finish;59:23;3:15;4:57:44;3:36;3:12:21;9:16:19
Thomas;Marin;FR;M30-34;Finish;54:37;2:58;4:59:46;2:47;3:16:24;9:16:32
Enzo;Bergamo;IT;M35-39;Finish;1:01:43;3:09;4:52:46;3:54;3:15:01;9:16:33
Kristian;Ek;SE;M30-34;Finish;1:03:03;2:42;4:52:38;3:16;3:15:14;9:16:53
Tom;Rigby;GB;M30-34;Finish;1:02:51;2:56;4:45:52;2:50;3:22:49;9:17:18
Jake;Flynn;AU;M25-29;Finish;1:08:15;5:08;4:43:20;3:59;3:16:43;9:17:25
Anthony;Philippe;FR;M50-54;Finish;1:02:47;3:28;4:58:55;4:09;3:08:10;9:17:29
Jay;Thomas;AU;M35-39;Finish;54:55;2:49;4:55:16;2:38;3:21:56;9:17:34
Jose;Arranz;ES;M35-39;Finish;1:03:28;3:53;4:52:23;4:15;3:14:01;9:18:00
Ernest;St-Pierre;CA;M40-44;Finish;1:05:11;4:35;4:43:30;4:14;3:20:32;9:18:02
Michael;Taylor;GB;M35-39;Finish;1:00:15;2:58;5:10:18;4:29;3:00:12;9:18:12
Jacob;Barnes;US;M25-29;Finish;1:02:22;3:13;4:54:45;3:36;3:14:22;9:18:18
Mathias;Mayr;DE;M35-39;Finish;1:03:06;4:16;4:53:56;4:12;3:12:51;9:18:21
Tjebbe;Venema;NL;M30-34;Finish;1:03:36;2:45;4:48:55;3:36;3:19:50;9:18:42
Marcelo;Lopes;BR;M40-44;Finish;1:04:13;3:49;4:57:53;4:12;3:08:49;9:18:56
Matthew;Raske;US;M35-39;Finish;55:57;2:15;5:06:44;4:21;3:09:55;9:19:12
Oscar;Balta;ES;M35-39;Finish;1:04:38;2:22;4:55:10;3:23;3:13:43;9:19:16
Cesar;Dalquano;BR;M40-44;Finish;59:55;3:01;4:55:38;3:16;3:17:35;9:19:25
Alessandro;Tomaiuolo;IT;M45-49;Finish;58:27;3:18;4:59:36;3:30;3:14:34;9:19:25
Craig;Taylor;US;M30-34;Finish;56:57;3:47;4:51:36;3:02;3:24:16;9:19:38
shaun;sprentall;US;M25-29;Finish;58:36;3:03;5:00:14;4:08;3:13:40;9:19:41
Olivier;Cardoen;BE;M40-44;Finish;55:57;2:59;4:43:07;4:55;3:32:44;9:19:42
Ruth;Astle;GB;F30-34;Finish;1:01:22;2:35;4:55:27;2:57;3:17:45;9:20:06
Jan;Kundrát;CZ;M30-34;Finish;1:06:12;2:35;4:51:03;3:14;3:17:06;9:20:10
Christian;Burkhardt;DE;M35-39;Finish;1:05:31;3:09;4:53:19;3:14;3:14:58;9:20:11
Christos;Geitonas;GR;M35-39;Finish;1:02:46;3:56;5:01:22;3:39;3:08:30;9:20:13
Lucas;Antonetti;AR;M45-49;Finish;58:12;2:23;5:02:58;2:58;3:13:53;9:20:24
Toni;Pystö;FI;M30-34;Finish;57:16;2:17;4:59:05;2:55;3:19:37;9:21:10
Gabor;Horanyi;HU;M40-44;Finish;1:03:56;3:38;5:03:09;3:53;3:06:54;9:21:30
Lee;Williams;GB;M35-39;Finish;1:01:41;4:15;5:04:53;4:32;3:06:20;9:21:41
Lars Petter;Stormo;NO;M35-39;Finish;58:39;2:42;5:00:43;3:33;3:16:09;9:21:46
Christopher;Portugal Reibel;PE;M25-29;Finish;53:07;3:37;5:02:00;5:43;3:17:20;9:21:47
Thiago;Bianchini;BR;M30-34;Finish;58:45;2:44;5:08:00;3:15;3:09:14;9:21:58
Simon;Brown;NZ;M40-44;Finish;1:14:54;3:21;4:49:51;3:51;3:10:12;9:22:09
Sion;Stansfield;GB;M30-34;Finish;1:08:50;4:11;4:41:01;2:54;3:25:13;9:22:09
Edward;Schmitt;US;M30-34;Finish;59:11;2:48;4:47:51;2:42;3:29:46;9:22:18
Martin;Caron;CA;M40-44;Finish;1:08:37;3:10;4:52:28;3:12;3:14:59;9:22:26
Alexander;Aguirreche;ES;M35-39;Finish;1:02:47;2:49;4:49:52;4:18;3:22:50;9:22:36
Younghwan;Oh;KR;M35-39;Finish;1:03:18;2:37;4:51:14;3:34;3:22:04;9:22:47
Marcos;Vinicius De Faria;BR;M35-39;Finish;53:06;3:28;5:04:33;5:35;3:16:17;9:22:59
Roberto;Betancort Corujo;ES;M30-34;Finish;59:03;3:39;4:59:55;3:37;3:17:21;9:23:35
Duncan;Chedburn;GB;M30-34;Finish;1:05:44;3:33;4:56:54;4:47;3:12:41;9:23:39
Niels;Kerdel;NL;M30-34;Finish;1:06:22;3:12;5:08:22;3:05;3:02:41;9:23:42
Revere;Greist;US;M45-49;Finish;56:36;4:09;4:37:21;4:41;3:40:55;9:23:42
Manuel;Schnell;AT;M30-34;Finish;59:17;3:59;4:48:29;4:10;3:27:49;9:23:44
Rhys;Lawler;AU;M35-39;Finish;1:01:37;4:15;4:55:14;3:38;3:19:09;9:23:53
Christian;Roth;DE;M30-34;Finish;1:08:55;4:41;5:02:47;3:28;3:04:04;9:23:55
Duncan;Ross;CA;M35-39;Finish;1:03:58;3:13;5:02:05;3:38;3:11:05;9:23:59
David;Born;US;M25-29;Finish;58:57;4:33;4:38:57;2:30;3:39:14;9:24:11
Emmet;Kelly;IE;M35-39;Finish;1:03:17;4:27;5:09:09;3:06;3:04:16;9:24:15
Pierre;Close;BE;M40-44;Finish;1:00:09;4:39;5:03:38;4:22;3:11:41;9:24:29
Nathan;Dortmann;FR;M25-29;Finish;1:01:32;3:04;4:52:58;3:53;3:23:03;9:24:30
Benoit;Marcolini;FR;M40-44;Finish;1:03:44;2:57;4:57:15;5:09;3:15:28;9:24:33
Pablo;Arce Diaz;CR;M35-39;Finish;1:06:32;2:53;4:49:45;3:56;3:21:27;9:24:33
Tero;Setola;FI;M40-44;Finish;1:00:21;2:53;4:52:58;4:53;3:23:29;9:24:34
Lasse;Sørensen;DK;M25-29;Finish;1:04:42;3:16;4:43:25;3:34;3:29:38;9:24:35
Pirmin;Tamm;EE;M30-34;Finish;56:01;2:21;4:46:15;3:26;3:36:35;9:24:38
一輝;久保埜;JP;M25-29;Finish;55:50;2:39;4:58:57;3:54;3:23:23;9:24:43
Todd;Teren;US;M30-34;Finish;54:47;3:22;4:53:55;2:56;3:29:48;9:24:48
Lukas;Schnödewind;DE;M18-24;Finish;53:20;2:33;4:49:10;3:38;3:36:13;9:24:54
Oliver;Simon;GB;M40-44;Finish;52:51;2:35;4:42:36;3:35;3:43:26;9:25:03
Sören;Göttsche;DE;M30-34;Finish;1:01:38;4:19;4:48:28;5:38;3:25:13;9:25:16
Nathan;Risbey;GB;M35-39;Finish;1:03:12;3:25;5:05:14;4:18;3:09:18;9:25:27
Robert;Humby;NZ;M18-24;Finish;58:44;3:45;5:00:59;2:37;3:19:23;9:25:28
Mihai;Vigariu;RO;M35-39;Finish;1:00:13;2:41;4:51:00;2:54;3:28:49;9:25:37
Christian;Birke;DE;M35-39;Finish;1:02:06;3:21;4:54:26;5:26;3:20:31;9:25:50
Laurent;Jalabert;FR;M50-54;Finish;1:10:59;3:15;4:45:46;2:57;3:22:56;9:25:53
Victor;Osokin;RU;M40-44;Finish;1:12:01;2:53;4:52:36;5:29;3:12:56;9:25:55
Mark;Oakshott;AU;M40-44;Finish;1:05:13;3:26;5:01:42;3:03;3:12:35;9:25:59
Omri;Gazit;IL;M30-34;Finish;54:52;3:07;5:02:33;4:10;3:21:36;9:26:18
Daniel;Mcparland;GB;M35-39;Finish;1:03:15;4:28;4:45:19;3:38;3:29:44;9:26:24
Timmy;Deman;BE;M35-39;Finish;1:00:27;3:50;4:55:22;4:37;3:22:12;9:26:28
Tim;Zudrop;DE;M30-34;Finish;1:00:09;2:57;4:58:50;5:27;3:19:22;9:26:45
Stephan;Meinecke;CH;M50-54;Finish;57:06;2:50;4:57:07;3:03;3:26:51;9:26:57
Marcel;Monteiro Morosini;BR;M30-34;Finish;1:02:41;3:05;4:53:30;3:24;3:24:25;9:27:05
Alejandro;Casado;ES;M35-39;Finish;1:09:02;3:52;4:55:20;3:24;3:15:33;9:27:11
Colin;Cook;US;M35-39;Finish;1:03:01;2:59;5:04:24;3:20;3:13:31;9:27:15
Jeffrey;Bradley;CA;M35-39;Finish;1:09:37;3:46;5:09:18;5:22;2:59:16;9:27:19
Jonathan;Flod;SE;M30-34;Finish;1:06:53;2:33;4:59:46;3:25;3:14:50;9:27:27
Conrad;Sanders;US;M25-29;Finish;58:06;3:56;4:45:45;4:23;3:35:22;9:27:32
Juuso;Manninen;FI;M25-29;Finish;57:18;2:27;4:50:44;2:35;3:34:35;9:27:39
Graeme;Stewart;GB;M40-44;Finish;56:39;3:15;5:16:30;3:23;3:07:54;9:27:41
Jacob Aagaard;Ernst;DK;M25-29;Finish;58:53;3:59;5:00:04;3:20;3:21:29;9:27:45
James;Curran;IE;M35-39;Finish;1:05:06;3:16;4:58:45;3:58;3:16:44;9:27:49
Chris;Palfreyman;GB;M30-34;Finish;1:00:24;3:26;5:02:49;4:10;3:17:03;9:27:52
Tom;Mort;AU;M30-34;Finish;58:20;2:43;5:00:01;2:56;3:23:53;9:27:53
Hugo;Penguilly;FR;M30-34;Finish;1:04:04;5:35;5:04:38;4:13;3:09:34;9:28:04
Thomas;Galindez;AR;M18-24;Finish;52:59;3:48;4:44:24;3:18;3:43:40;9:28:09
Edwin;Sutton;IE;M35-39;Finish;1:05:32;4:07;5:06:30;3:09;3:08:52;9:28:10
Tom;Oosterdijk;NL;M25-29;Finish;1:04:34;2:43;4:44:17;3:35;3:33:10;9:28:19
Javier;Perez;ES;M35-39;Finish;1:06:18;2:49;5:00:18;3:22;3:15:35;9:28:22
Laurent;Marcilloux;FR;M35-39;Finish;1:03:19;3:18;4:54:11;2:58;3:24:41;9:28:27
Philipp;Widmann;DE;M30-34;Finish;58:47;3:01;4:51:55;2:51;3:32:06;9:28:40
Markku;Toiviainen;FI;M45-49;Finish;1:02:04;2:47;4:59:07;4:31;3:20:16;9:28:45
Thibaud;Friess;CH;M30-34;Finish;59:15;3:26;4:57:05;3:44;3:25:18;9:28:48
Chris;Cope;GB;M35-39;Finish;1:15:08;4:16;4:59:27;3:39;3:06:22;9:28:52
Claudio;Oriana;IT;M40-44;Finish;53:33;4:05;4:59:12;5:32;3:26:38;9:29:00
Amit;Shaked;IL;M40-44;Finish;1:01:05;3:03;5:00:00;3:33;3:21:30;9:29:11
Hannes;Bonami;BE;M30-34;Finish;1:03:05;2:32;5:00:56;4:17;3:18:46;9:29:36
Clint;Rowlings;AU;M30-34;Finish;56:08;3:49;5:04:50;3:07;3:21:46;9:29:40
Ricardo;Garcia;AR;M45-49;Finish;59:12;2:53;5:04:39;3:34;3:19:34;9:29:52
Keith;Eriks;CA;M18-24;Finish;50:27;3:24;4:49:25;5:31;3:41:10;9:29:57
Andy;De Sousa;VE;M35-39;Finish;1:02:59;4:00;4:55:45;5:00;3:22:27;9:30:11
Rafael;Dias Lima Turtera;BR;M18-24;Finish;58:52;4:45;5:02:59;5:26;3:18:36;9:30:38
James;Harrington;US;M40-44;Finish;1:11:52;4:05;4:58:50;3:15;3:12:45;9:30:47
Travis;Johnston;ZA;M30-34;Finish;59:18;4:10;4:51:48;2:57;3:32:39;9:30:52
Mikael;Møller;DK;M30-34;Finish;1:06:54;3:44;4:47:03;4:16;3:29:09;9:31:06
Josh;Mccormack;AU;M25-29;Finish;56:07;3:13;4:50:40;2:48;3:38:29;9:31:17
Alan;Horton;US;M35-39;Finish;1:02:30;4:16;5:06:07;4:18;3:14:09;9:31:20
Julio;Pastor;ES;M25-29;Finish;56:13;4:12;5:04:55;3:48;3:22:14;9:31:22
Nolan;Mcpeek-Bechtold;US;M25-29;Finish;1:03:48;3:21;5:09:48;2:51;3:11:37;9:31:25
Sean;Richardson;AU;M35-39;Finish;58:47;3:49;5:00:08;4:50;3:23:59;9:31:33
Pedro;Cordovez;PA;M40-44;Finish;59:44;2:28;4:53:26;3:29;3:32:39;9:31:46
Eric;Harr;US;M50-54;Finish;59:41;2:30;5:03:09;3:38;3:22:56;9:31:54
Roel;De Smet;BE;M30-34;Finish;1:09:40;3:06;5:05:33;3:15;3:10:30;9:32:04
Travis;Rose;US;M30-34;Finish;58:43;3:57;5:04:19;4:52;3:20:21;9:32:12
Klodian;Mitri;US;M25-29;Finish;1:02:56;3:03;4:57:10;4:18;3:24:57;9:32:24
Hayden;Armstrong;AU;M40-44;Finish;54:45;4:30;4:46:49;4:20;3:42:03;9:32:27
William;Tennent;NZ;M25-29;Finish;1:03:03;2:11;5:14:10;3:00;3:10:12;9:32:36
Richard;Sweet;US;M55-59;Finish;59:37;4:33;5:03:15;5:40;3:19:34;9:32:39
Mark;Matthews;GB;M30-34;Finish;56:04;2:41;4:39:34;3:37;3:50:46;9:32:42
Brian;Reynolds;US;M30-34;Finish;1:00:54;3:28;5:06:12;3:35;3:18:46;9:32:55
Petr;Lukosz;CZ;M35-39;Finish;1:02:51;5:44;4:55:55;3:52;3:24:46;9:33:08
Aubrey;Aldy;US;M35-39;Finish;1:08:02;6:09;5:08:08;3:14;3:07:41;9:33:14
Carlos;Vives Gaseni;ES;M35-39;Finish;59:39;2:38;5:14:37;5:50;3:10:39;9:33:23
Lennie;Kristensen;DK;M50-54;Finish;1:24:47;3:32;4:46:37;3:09;3:15:29;9:33:34
Jonathan;Noon;US;M30-34;Finish;1:01:43;2:37;4:44:38;3:33;3:41:07;9:33:38
Paul;Lunn;GB;M45-49;Finish;1:03:09;3:08;4:43:57;3:03;3:40:31;9:33:48
Kirsten;Schut;ZA;F30-34;Finish;1:03:24;3:45;5:09:46;3:43;3:14:09;9:34:47
Matthew;Thompson;AU;M35-39;Finish;1:05:11;5:28;5:02:42;7:12;3:14:20;9:34:53
Oscar;Garcia;AR;M40-44;Finish;56:17;3:19;5:09:05;3:41;3:22:36;9:34:58
Øystein;Eriksen;NO;M35-39;Finish;1:03:08;3:50;4:58:21;3:05;3:26:37;9:35:01
Michal;Holub;SK;M30-34;Finish;1:05:53;2:55;5:05:36;4:36;3:16:20;9:35:20
Kai;Söderdahl;FI;M50-54;Finish;1:01:18;2:54;4:56:26;3:36;3:31:14;9:35:28
Antonio;Ferreira Da Silva Neto;BR;M40-44;Finish;56:15;2:36;4:53:59;4:31;3:38:21;9:35:42
Matthew;Davis;US;M35-39;Finish;1:09:01;2:59;4:49:48;3:10;3:30:45;9:35:43
Rui;Narigueta;PT;M40-44;Finish;1:12:39;4:56;4:54:52;3:31;3:19:54;9:35:52
Roman;Seigmann;AT;M45-49;Finish;58:10;3:48;5:01:12;3:55;3:28:50;9:35:55
Kamil;Jablonski;DE;M30-34;Finish;1:05:46;5:45;4:48:54;5:48;3:29:50;9:36:03
Charles;Legget;GB;M30-34;Finish;56:53;2:25;4:50:00;4:00;3:43:03;9:36:21
Guy;Evans;GB;M35-39;Finish;1:05:37;4:09;5:09:26;3:16;3:13:56;9:36:24
Kris;Vermeiren;BE;M40-44;Finish;1:01:32;3:48;4:59:00;4:54;3:27:16;9:36:30
Rodolfo;Alves;BR;M35-39;Finish;1:02:44;3:47;4:50:45;3:00;3:36:19;9:36:35
Jakub;Kimmer;PL;M30-34;Finish;1:03:31;2:27;5:00:08;2:44;3:27:49;9:36:39
Dariusz;Dabrowski;PL;M45-49;Finish;1:02:25;2:30;5:00:11;3:21;3:28:14;9:36:41
Mitchell;Scott;AU;M25-29;Finish;1:00:25;3:17;5:00:04;4:39;3:28:19;9:36:44
Alvaro;Velez;CO;M30-34;Finish;59:16;4:09;4:56:59;4:25;3:32:08;9:36:57
Michael;Bosl;US;M40-44;Finish;1:03:23;3:31;5:12:10;3:43;3:14:14;9:37:01
Gord;Henderson;CA;M45-49;Finish;56:54;4:05;5:06:37;5:31;3:24:04;9:37:11
David;Dhooge;BE;M35-39;Finish;59:15;3:47;4:57:04;4:11;3:32:54;9:37:11
Jan;Stepinski;US;M25-29;Finish;50:49;3:17;4:45:47;3:33;3:53:50;9:37:16
Anthony;Beyne;FR;M40-44;Finish;58:41;4:09;4:59:50;3:15;3:31:24;9:37:19
Cheyenne;Barraez;US;M40-44;Finish;1:04:27;5:34;5:05:40;4:39;3:17:04;9:37:24
Thiago;Gabriel Alvim;BR;M35-39;Finish;59:29;4:12;5:08:04;4:42;3:21:07;9:37:34
Patrick;Schuster;US;M45-49;Finish;1:09:48;3:33;4:57:04;3:11;3:24:01;9:37:37
Zack;Goodman;US;M25-29;Finish;54:47;4:02;4:56:22;5:18;3:37:19;9:37:48
Tobias;Ibrahim;DE;M30-34;Finish;1:03:53;2:38;5:01:12;4:06;3:26:12;9:38:01
Tim;Himpelmann;DE;M25-29;Finish;1:05:43;2:19;4:55:25;3:09;3:31:30;9:38:06
Folker;Schwesinger;DE;M30-34;Finish;54:45;3:13;4:56:17;5:45;3:38:08;9:38:08
Adam;Stenman;SE;M30-34;Finish;1:05:04;4:01;5:01:38;2:56;3:24:31;9:38:10
Manuel;Thiel;DE;M35-39;Finish;1:05:39;3:36;4:57:48;6:04;3:25:10;9:38:17
Mariusz;Pirek;PL;M30-34;Finish;1:05:06;2:24;5:02:43;2:51;3:25:25;9:38:29
Mathieu;Picq;FR;M45-49;Finish;56:06;6:09;5:10:13;5:04;3:20:59;9:38:31
David;Matheson;CA;M45-49;Finish;56:09;3:30;5:08:35;4:04;3:26:32;9:38:50
Ludovic;Vuegen;BE;M30-34;Finish;1:05:56;3:14;4:57:12;2:56;3:29:36;9:38:54
Andrei;Achcar Albuquerque Maranhão;BR;M35-39;Finish;58:48;4:12;5:15:09;4:04;3:16:45;9:38:58
Ismael;Ben-Al-Lal;BE;M30-34;Finish;1:13:41;3:21;5:07:55;4:26;3:09:53;9:39:16
Marco;Eglin;CH;M40-44;Finish;1:08:33;3:37;4:55:32;4:15;3:27:20;9:39:17
Vicente;Bobadilla;CL;M45-49;Finish;58:33;3:51;5:05:46;7:26;3:23:42;9:39:18
Natia;Van Heerden;ZA;F25-29;Finish;1:00:15;3:32;5:10:22;2:31;3:22:40;9:39:20
Manuel;Lozano;MX;M40-44;Finish;59:41;4:46;5:00:50;3:38;3:30:30;9:39:25
Stefan;Graf;CH;M25-29;Finish;1:01:44;3:54;5:14:16;6:27;3:13:07;9:39:28
Mitch;Baker;AU;M30-34;Finish;1:01:40;4:42;4:56:28;3:58;3:32:41;9:39:29
Davis;Frease;US;M25-29;Finish;53:25;2:50;4:47:51;4:46;3:50:37;9:39:29
Sigurdur Tomas;Thorisson;IS;M40-44;Finish;1:11:39;3:14;5:10:17;3:18;3:11:01;9:39:29
Joe;Fellows;GB;M30-34;Finish;1:08:51;2:55;5:06:56;3:28;3:17:20;9:39:30
Christopher;Gassert;DE;M35-39;Finish;59:12;3:02;4:57:47;5:37;3:34:12;9:39:50
Gary;Muller;ZA;M30-34;Finish;1:00:22;3:07;5:03:10;4:43;3:28:44;9:40:06
Håkon;Sakariassen;NO;M18-24;Finish;1:06:25;2:21;4:59:20;3:30;3:28:57;9:40:33
Adrien;Claeyssen;FR;M25-29;Finish;1:12:08;3:10;5:05:06;3:43;3:16:39;9:40:46
Frédéric;Dien;FR;M40-44;Finish;1:08:15;2:51;5:01:14;3:24;3:25:04;9:40:48
Fabrice;Cuipers;BE;M45-49;Finish;57:02;3:16;5:14:24;3:43;3:22:24;9:40:49
Tim;Bräutigam;DE;M25-29;Finish;50:23;2:40;4:59:08;4:27;3:44:13;9:40:51
Lutz;Koller;DE;M25-29;Finish;53:15;3:00;4:51:52;3:52;3:48:52;9:40:51
Raul;Coll Nogue;AD;M35-39;Finish;1:01:25;2:48;5:01:16;3:52;3:31:37;9:40:58
Graham;Sheppard;US;M30-34;Finish;1:03:51;3:24;4:56:11;3:04;3:34:39;9:41:09
Conrad;Rodas;GT;M35-39;Finish;52:53;4:44;5:01:02;5:15;3:37:18;9:41:12
Todd;Israel;AU;M40-44;Finish;56:35;3:21;4:47:59;4:10;3:49:31;9:41:36
Jochen;Lehmann;DE;M35-39;Finish;1:11:18;3:19;4:46:39;6:38;3:33:42;9:41:36
Roy;Lagerburg;NL;M30-34;Finish;58:31;2:10;4:45:25;2:55;3:52:37;9:41:38
Freddy;Pommier;FR;M30-34;Finish;1:03:54;3:00;4:53:53;3:19;3:37:43;9:41:49
Desmedt;Kristof;BE;M35-39;Finish;1:16:36;3:55;5:07:29;3:51;3:10:03;9:41:54
John;Borton;GB;M30-34;Finish;1:06:38;4:21;5:16:05;6:15;3:08:41;9:42:00
Andrey;Yatskov;RU;M30-34;Finish;54:33;3:47;5:04:20;4:52;3:34:32;9:42:04
Geoffrey;Dobbelaere;BE;M40-44;Finish;1:00:20;3:43;4:59:13;4:12;3:34:37;9:42:05
Daniel;Erdelyi;HU;M30-34;Finish;1:02:56;2:55;4:57:12;3:15;3:35:51;9:42:09
Dave;Kyle;US;M50-54;Finish;59:42;2:51;5:03:43;3:55;3:32:13;9:42:24
Chris;Zieman;US;M45-49;Finish;1:22:57;4:32;4:48:13;5:05;3:21:41;9:42:28
Michael;Grain;NZ;M30-34;Finish;59:11;3:50;4:58:14;7:19;3:34:01;9:42:35
Till;Schaefer;DE;M30-34;Finish;58:40;3:27;4:58:03;4:53;3:37:32;9:42:35
Sondre;Halden;NO;M25-29;Finish;59:29;3:20;5:05:42;4:46;3:29:31;9:42:48
Fredrik;Häggmark;SE;M25-29;Finish;1:11:32;3:22;5:08:17;4:17;3:15:35;9:43:03
Jordan;Roby;US;M25-29;Finish;1:02:37;3:56;5:08:05;4:30;3:24:02;9:43:10
Johan;Nyberg;SE;M35-39;Finish;1:04:40;3:11;5:16:58;5:26;3:12:57;9:43:12
Jarryd;Heldt;AU;M30-34;Finish;58:52;4:18;5:09:44;3:19;3:27:32;9:43:45
Ryno;van Wyk;ZA;M25-29;Finish;1:03:54;3:00;4:58:06;3:50;3:35:03;9:43:53
Georg;Weiler;DE;M35-39;Finish;1:03:09;3:07;5:06:40;3:30;3:27:31;9:43:57
Alexandre;Bacili;BR;M35-39;Finish;1:04:15;3:54;5:04:22;6:25;3:25:02;9:43:58
Adrien;Pascal;FR;M30-34;Finish;1:06:09;3:31;5:00:49;3:39;3:29:53;9:44:01
Christopher;Pocock;GB;M25-29;Finish;1:01:15;3:16;5:03:35;3:55;3:32:03;9:44:04
Cody;Allison;AU;M35-39;Finish;53:00;4:06;5:09:34;5:40;3:31:52;9:44:12
Mike;Wright;NZ;M35-39;Finish;58:57;4:29;5:01:06;4:30;3:35:15;9:44:17
Sebastian;Borowik;PL;M40-44;Finish;1:14:55;4:30;4:56:56;4:11;3:23:50;9:44:22
Jeff;Fieldhack;US;M50-54;Finish;1:04:45;3:42;5:08:50;3:15;3:23:55;9:44:27
Sam;Crosbie;NZ;M25-29;Finish;59:33;4:07;5:02:15;3:20;3:35:32;9:44:47
Marius;Karlsen;NO;M25-29;Finish;1:03:15;4:13;5:01:38;4:11;3:31:31;9:44:48
Stefan;Haubner;DE;M18-24;Finish;1:03:36;3:40;5:01:41;4:28;3:31:23;9:44:48
Bernd;Hagen;DE;M45-49;Finish;1:07:07;3:17;5:02:30;5:45;3:26:10;9:44:49
Luca;Bonazzi;IT;M45-49;Finish;58:03;3:07;5:10:36;4:11;3:28:54;9:44:51
Vinicius;De Quadros Silvestrin;BR;M35-39;Finish;59:10;3:34;5:02:45;4:15;3:35:26;9:45:10
Johannes;Jolmes;DE;M35-39;Finish;1:20:42;3:13;4:58:49;4:41;3:17:50;9:45:15
Michael;Kirch;BE;M45-49;Finish;1:09:53;2:58;5:13:06;3:17;3:16:04;9:45:18
Patrick;Simon Patrick Simon;BR;M40-44;Finish;1:03:50;3:53;5:07:29;3:33;3:26:35;9:45:20
Justin;Scarvaci;AU;M30-34;Finish;1:16:18;4:55;5:14:33;5:20;3:04:18;9:45:24
Simon;Jensch;DE;M25-29;Finish;1:00:53;3:30;5:04:06;4:14;3:32:50;9:45:33
Bernat;Xamena;ES;M40-44;Finish;1:13:52;4:58;5:11:03;4:41;3:10:59;9:45:33
Felipe;Manalich;CL;M35-39;Finish;58:49;3:17;5:07:15;8:44;3:27:35;9:45:40
Diego;Serda;AR;M40-44;Finish;53:27;3:23;5:08:32;3:16;3:37:05;9:45:43
Janette;Dommer;DK;F45-49;Finish;1:02:45;3:02;5:11:32;2:58;3:25:27;9:45:44
Jeroen;De Meester;BE;M35-39;Finish;1:22:50;2:58;4:53:03;4:56;3:21:57;9:45:44
Julien;Schoenborn;CA;M35-39;Finish;1:17:26;4:35;4:58:52;2:58;3:22:10;9:46:01
Beate;Goertz;DE;F50-54;Finish;1:09:05;2:58;5:02:31;3:00;3:28:28;9:46:02
Matt;Chipping;GB;M25-29;Finish;1:04:23;4:25;5:06:47;5:00;3:25:33;9:46:08
Julian;Middlewick;GB;M45-49;Finish;1:04:22;3:00;5:11:18;3:37;3:23:55;9:46:12
Thomas;Fedinger;DE;M35-39;Finish;1:02:54;2:54;5:13:21;3:23;3:23:55;9:46:27
Arthur;Ferraz;BR;M40-44;Finish;56:09;2:38;4:46:53;3:00;3:57:55;9:46:35
Mateus;Vidigal;BR;M40-44;Finish;54:38;4:00;5:10:41;5:54;3:31:25;9:46:38
John;Enevoldsen;DK;M45-49;Finish;57:10;4:09;4:46:14;4:03;3:55:07;9:46:43
Miguel;Netto;ZA;M30-34;Finish;1:10:25;3:59;5:08:45;3:48;3:19:47;9:46:44
Romain;Thery;FR;M35-39;Finish;1:01:46;3:22;5:15:30;3:47;3:22:48;9:47:13
Eric;Reid;US;M45-49;Finish;1:01:10;3:30;5:15:43;4:09;3:22:47;9:47:19
Teemu;Törmälä;FI;M35-39;Finish;1:04:42;3:53;5:01:44;5:03;3:32:03;9:47:25
Dominic;De Caluwé;BE;M40-44;Finish;1:02:24;4:37;5:14:49;3:27;3:22:35;9:47:52
Joby;Gutierrez;US;M45-49;Finish;1:11:23;4:38;5:10:43;5:35;3:15:40;9:47:59
Timo;Schaffeld;DE;M18-24;Finish;59:16;1:59;4:42:40;2:40;4:01:25;9:48:00
Chad;Sultzer;US;M35-39;Finish;59:04;4:43;5:07:22;5:41;3:31:11;9:48:01
Sascha;Hubbert;DE;M25-29;Finish;1:10:41;3:35;4:43:15;3:24;3:47:06;9:48:01
Christian;Nindl;AT;M35-39;Finish;1:07:15;3:41;4:58:10;4:46;3:34:14;9:48:06
Paul;Lewis;GB;M45-49;Finish;1:07:43;3:53;5:17:42;4:16;3:14:32;9:48:06
Trent;Harlow;AU;M45-49;Finish;1:08:24;5:20;5:17:20;7:10;3:09:56;9:48:10
Lonnie;Kjellerup Andersen;DK;M55-59;Finish;59:46;2:48;5:13:13;5:00;3:27:26;9:48:13
John;Littlewood;GB;M40-44;Finish;1:06:14;3:40;5:13:25;3:44;3:21:11;9:48:14
Rauno;Pikkor;EE;M40-44;Finish;1:04:51;3:57;4:59:44;3:50;3:35:55;9:48:17
Kieran;Birch;AU;M30-34;Finish;58:42;2:35;5:12:26;3:41;3:30:58;9:48:22
Brett;Dunstan;AU;M50-54;Finish;1:08:05;2:36;5:10:01;3:48;3:23:56;9:48:26
Maximilian;Hrabowski;DE;M45-49;Finish;1:15:30;4:24;5:06:40;3:46;3:18:06;9:48:26
Matteo;Baldacci;IT;M40-44;Finish;1:02:35;4:37;5:14:29;3:02;3:23:46;9:48:29
Per Morten;Ellingsen;NO;M45-49;Finish;1:08:32;2:38;4:56:46;3:18;3:37:18;9:48:32
David;Wild;US;M30-34;Finish;58:30;4:39;5:04:41;7:58;3:32:50;9:48:38
Claes;Wikdahl;SE;M40-44;Finish;1:04:51;5:28;5:06:44;5:45;3:25:53;9:48:41
Max;Knier;DE;M30-34;Finish;1:13:00;2:56;5:28:53;6:45;2:57:09;9:48:43
David;Diaz;VE;M40-44;Finish;1:03:30;3:47;5:07:51;4:01;3:29:35;9:48:44
Janne;Kallio;FI;M40-44;Finish;1:00:58;2:39;5:06:57;4:18;3:33:56;9:48:48
Gabriel Alejandro;Marangoni;AR;M40-44;Finish;1:02:28;3:48;4:58:09;5:01;3:39:28;9:48:54
Adam;Johnson;US;M35-39;Finish;1:00:25;4:05;4:53:30;2:44;3:48:10;9:48:54
Luoma;Aino Katarina;FI;F30-34;Finish;1:06:57;2:44;5:03:48;3:09;3:32:18;9:48:56
Felipe;Bergamini;BR;M25-29;Finish;54:51;2:45;4:51:16;4:49;3:55:16;9:48:57
Alexander;Gröbli;CH;M45-49;Finish;1:17:38;4:35;4:55:28;4:49;3:26:29;9:48:59
Chris;Nerli;NO;M35-39;Finish;1:05:01;3:27;5:05:50;4:10;3:30:32;9:49:00
Martin;Trzensiok;DE;M45-49;Finish;1:16:05;3:19;5:08:04;5:04;3:16:31;9:49:03
Karel;Sumbal;CZ;M40-44;Finish;1:03:14;2:41;5:23:11;5:02;3:15:04;9:49:12
Mark;Gray;GB;M50-54;Finish;1:00:41;3:33;5:01:24;6:52;3:36:42;9:49:12
Laurens;De Smet;BE;M25-29;Finish;55:59;3:42;5:08:21;4:02;3:37:10;9:49:14
Shawn;Van Der Meulen;ZA;M35-39;Finish;59:27;4:31;5:17:16;5:15;3:22:50;9:49:19
Renaud;De Pury;CH;M50-54;Finish;1:01:33;3:59;5:03:23;4:40;3:35:53;9:49:28
Manuel;Spörri;CH;M35-39;Finish;1:13:49;4:07;5:08:00;4:22;3:19:27;9:49:45
Søren;Furbo;DK;M40-44;Finish;1:15:22;4:20;5:04:47;5:05;3:20:19;9:49:53
Maksim;Anfimov;RU;M35-39;Finish;1:06:40;2:52;5:16:10;4:48;3:19:26;9:49:56
Shawn;Johnson;US;M40-44;Finish;1:00:47;3:49;5:21:31;6:07;3:17:45;9:49:59
Craig;Mcguigan;AU;M50-54;Finish;57:21;3:05;5:13:49;3:23;3:32:23;9:50:01
Federico;Schneeberger;AR;M45-49;Finish;1:03:29;3:28;5:10:39;6:02;3:26:31;9:50:09
Jacqui;Giuliano;US;F30-34;Finish;1:06:35;2:53;5:27:25;4:13;3:09:04;9:50:10
Steven;Lowenthal;GT;M30-34;Finish;1:03:50;4:30;5:22:03;10:51;3:08:57;9:50:11
Chino;Iwabuchi;JP;F30-34;Finish;1:02:17;2:53;5:27:10;2:27;3:15:24;9:50:11
Haukur;Heimisson;GB;M35-39;Finish;54:36;2:33;5:03:01;3:09;3:47:09;9:50:28
John;Matson;US;M30-34;Finish;58:46;3:48;5:03:26;5:33;3:38:56;9:50:29
Ivan;Cappelli;IT;M18-24;Finish;54:44;4:53;5:10:53;3:29;3:36:30;9:50:29
Tom;Beechey;AU;M40-44;Finish;1:15:34;2:41;5:10:58;3:28;3:17:48;9:50:29
Jeff;Mcgrath;NZ;M45-49;Finish;1:00:42;4:06;5:12:16;4:17;3:29:13;9:50:34
Sjoerd;Algera;NL;M35-39;Finish;1:03:08;5:01;5:03:44;2:53;3:35:51;9:50:37
Josh;Mork;US;M35-39;Finish;56:01;3:49;5:01:07;5:19;3:44:24;9:50:40
Taylor;Rogers;US;M35-39;Finish;1:04:22;3:25;5:06:02;4:20;3:32:52;9:51:01
James;Rauch;US;M40-44;Finish;56:20;4:04;5:05:36;9:49;3:35:50;9:51:39
João;Paulo Barnewitz;BR;M35-39;Finish;1:03:44;2:45;5:17:41;3:32;3:24:03;9:51:45
Fernando;Concha;ES;M35-39;Finish;1:08:08;2:54;5:08:31;4:01;3:28:15;9:51:49
Ross;Harper;GB;M25-29;Finish;58:56;2:24;5:09:18;3:29;3:37:44;9:51:51
Fabien;Combaluzier;FR;M40-44;Finish;59:05;2:50;5:07:29;4:47;3:37:43;9:51:54
John;Parr;GB;M40-44;Finish;1:09:11;3:07;5:09:26;5:05;3:25:08;9:51:57
Jp;Bergeron;CA;M30-34;Finish;1:02:26;3:04;5:05:00;3:37;3:37:50;9:51:57
Oliver;De La Fuente;ES;M40-44;Finish;1:03:43;3:09;5:03:13;4:06;3:37:49;9:52:00
Esteban Pardo;Gonzalo;ZZ;M35-39;Finish;1:07:37;3:39;5:14:06;4:43;3:21:59;9:52:04
Soren;Kofoed;DK;M35-39;Finish;1:08:06;7:32;4:54:44;4:17;3:37:26;9:52:05
Jens;Irgens;DK;M45-49;Finish;1:11:58;4:06;4:53:05;5:03;3:37:56;9:52:08
Gil;Castello Branco;BR;M30-34;Finish;1:03:00;4:13;5:11:02;3:57;3:30:02;9:52:14
Simon Nymann;Andersen;DK;M18-24;Finish;1:03:55;4:05;4:51:32;4:42;3:48:02;9:52:16
Justin;Riele;US;M25-29;Finish;54:54;3:23;5:10:20;4:13;3:39:28;9:52:18
Herve;De Pury;CH;M45-49;Finish;1:14:39;3:58;5:10:08;4:22;3:19:16;9:52:23
Frode;Jermstad;NO;M45-49;Finish;1:13:04;2:49;4:51:56;3:09;3:41:32;9:52:30
Patrick;Mccrann;US;M45-49;Finish;1:08:33;3:06;5:08:34;5:27;3:26:51;9:52:31
Kirsten;De Baey-Ruszin;DE;F25-29;Finish;1:12:38;4:17;5:15:52;4:34;3:15:16;9:52:37
Thomas;Hauck-Pignède;FR;M25-29;Finish;53:01;4:07;5:20:09;4:04;3:31:18;9:52:39
Nathan;Meade;AU;M30-34;Finish;1:01:45;3:26;5:07:21;4:44;3:35:27;9:52:43
Adam;Nizio;PL;M18-24;Finish;1:01:31;2:39;5:03:30;3:06;3:42:02;9:52:48
David;Sandberg;SE;M30-34;Finish;1:03:03;3:15;5:04:46;3:38;3:38:28;9:53:10
Bryan;Swanson;US;M35-39;Finish;1:07:09;4:29;5:03:42;4:15;3:33:47;9:53:22
Bruce;Greenhalgh;GB;M40-44;Finish;1:02:39;3:48;4:55:58;3:00;3:48:02;9:53:27
Raphael;Sinodinos;FR;M30-34;Finish;1:02:48;3:15;5:07:30;3:47;3:36:19;9:53:39
David;Bartlett;GB;M35-39;Finish;50:29;2:35;5:15:07;3:36;3:41:56;9:53:43
Jochen;Burkart;DE;M45-49;Finish;1:04:20;4:38;5:18:21;4:11;3:22:17;9:53:47
Michael;Whitehouse;AU;M40-44;Finish;1:04:00;4:32;5:14:13;4:43;3:26:20;9:53:48
Martin;Schütt;DE;M40-44;Finish;1:07:56;2:27;5:11:38;4:33;3:27:34;9:54:08
Giuseppe;Solla;IT;M50-54;Finish;1:00:14;2:34;5:15:53;2:54;3:32:39;9:54:14
Olaf;Kasten;HK;M45-49;Finish;1:01:59;2:48;5:09:18;3:35;3:36:37;9:54:17
Guillermo;Garcia;AR;M30-34;Finish;59:19;2:29;5:22:29;4:28;3:25:36;9:54:21
Josh;Archer;US;M25-29;Finish;53:08;3:21;5:15:13;4:35;3:38:07;9:54:24
Mark;Arndt;GB;M45-49;Finish;1:03:20;3:30;5:15:20;3:18;3:29:14;9:54:42
Stefano;Luciani;IT;M40-44;Finish;1:19:29;3:41;5:05:11;4:19;3:22:10;9:54:50
François;Romain-Laroche;FR;M18-24;Finish;59:21;5:05;5:18:29;4:07;3:27:52;9:54:54
Karl Magnus;Westphal;DE;M30-34;Finish;1:01:04;5:46;5:12:57;3:59;3:31:10;9:54:56
Ronan;Pavoni;PA;M45-49;Finish;58:58;2:38;4:57:08;3:42;3:52:30;9:54:56
Joeri;Gouwkens;BE;M40-44;Finish;59:03;3:35;5:17:50;6:04;3:28:30;9:55:02
Christian;Schulte;DE;M40-44;Finish;1:06:08;2:43;5:01:25;3:40;3:41:11;9:55:07
Stefanie;Kuhnert;DE;F30-34;Finish;55:22;2:17;5:28:31;2:47;3:26:13;9:55:10
Josh;Wolf;US;M35-39;Finish;1:01:47;17:18;5:09:01;4:14;3:22:51;9:55:11
Finn;Arentz;GB;M18-24;Finish;58:59;3:36;5:27:24;4:26;3:20:46;9:55:11
Mikko;Laine;FI;M45-49;Finish;1:01:39;2:55;5:12:19;3:40;3:34:48;9:55:21
Roberto;Marini;IT;M40-44;Finish;1:00:07;3:22;5:14:04;3:38;3:34:12;9:55:23
Subramani;Venkatesh;IN;M35-39;Finish;1:06:46;6:04;5:08:31;3:49;3:30:15;9:55:25
Daniel;Ibanez;ES;M35-39;Finish;58:04;2:54;5:09:34;4:24;3:40:33;9:55:29
Nick;Foster;AU;M25-29;Finish;1:09:22;4:38;5:06:10;3:10;3:32:10;9:55:30
Jed;Eden;NZ;M40-44;Finish;1:00:14;4:19;5:18:03;4:08;3:28:50;9:55:34
Robin;Boheman;SE;M35-39;Finish;1:02:32;5:11;5:20:48;4:53;3:22:10;9:55:34
Pierre;Beaufort;BE;M40-44;Finish;1:09:11;4:06;5:08:48;4:52;3:28:42;9:55:39
Jesper;Pedersen;DK;M25-29;Finish;58:50;5:14;4:52:09;5:03;3:54:24;9:55:40
Jana;Richtrova;CZ;F35-39;Finish;1:16:02;3:17;4:58:41;3:53;3:33:52;9:55:45
Ivan;Herruzo Fernandez;ES;M40-44;Finish;1:03:53;3:03;5:15:42;3:44;3:29:25;9:55:47
Elisabetta;Villa;IT;F45-49;Finish;1:13:07;3:14;5:19:45;2:49;3:16:56;9:55:51
Hanna;Grinaker;US;F30-34;Finish;1:05:07;2:54;5:11:42;3:40;3:32:35;9:55:58
Jose Luis;Cano Villanueva;ES;M50-54;Finish;1:05:22;3:10;5:12:01;3:25;3:32:02;9:56:00
Pablo;Vazquez Diaz;ES;M40-44;Finish;1:04:09;4:47;5:08:03;6:19;3:32:43;9:56:01
Rodrigo;Semprebom;BR;M35-39;Finish;1:12:52;3:26;5:12:36;4:14;3:22:54;9:56:02
Adriano;Sacchetto;BR;M30-34;Finish;57:09;2:25;5:12:50;3:54;3:39:44;9:56:02
Fabian;Pretz;DE;M25-29;Finish;1:01:41;3:58;5:17:23;6:20;3:26:48;9:56:10
Jens;Gosebrink;DE;M30-34;Finish;57:10;2:46;5:20:43;2:55;3:32:40;9:56:14
Shingo;Tani;JP;M50-54;Finish;1:06:18;3:22;5:19:49;3:47;3:23:05;9:56:21
Mauricio;Vega Farina;AR;M40-44;Finish;59:58;3:14;5:01:10;5:33;3:46:31;9:56:26
William John;Newbery;GB;M40-44;Finish;1:00:36;2:40;5:29:03;4:26;3:19:45;9:56:30
Martin;Falk;DE;M35-39;Finish;1:05:13;2:54;4:56:39;3:30;3:48:15;9:56:31
Matt;Cymanski;US;M25-29;Finish;56:10;2:30;4:47:17;3:57;4:06:40;9:56:34
Florian;Hanakam;DE;M45-49;Finish;1:07:42;2:42;5:12:47;4:10;3:29:28;9:56:49
Thomas;Vetter;DE;M50-54;Finish;1:13:32;4:40;5:16:28;4:24;3:17:53;9:56:57
Vincent;Blais;CA;M25-29;Finish;1:04:58;4:14;5:05:01;3:36;3:39:10;9:56:59
Alex;Taylor;GB;M40-44;Finish;1:11:43;3:53;5:03:30;3:56;3:33:58;9:57:00
Jordan;Smith;AU;M25-29;Finish;1:04:59;4:00;5:00:03;5:01;3:43:07;9:57:10
Stuart;Anderson;GB;M45-49;Finish;1:04:21;2:40;5:02:16;4:19;3:43:39;9:57:15
Ovidio;Bilbao;US;M40-44;Finish;1:10:31;4:17;5:15:09;7:12;3:20:11;9:57:20
Pau;Busquets;AD;M45-49;Finish;59:23;3:34;5:17:02;4:14;3:33:15;9:57:28
Joseph;Baghioni;FR;M30-34;Finish;56:49;2:58;5:11:25;4:03;3:42:24;9:57:39
Anna;Lechowicz;PL;F30-34;Finish;1:07:10;2:16;5:15:35;2:46;3:29:53;9:57:40
Tim;De Bouw;BE;M40-44;Finish;1:06:11;3:19;5:16:46;3:38;3:27:49;9:57:43
Tiina;Pohjalainen;FI;F30-34;Finish;1:03:25;2:52;5:25:44;3:15;3:22:39;9:57:55
Alessandro;Valenti;IT;M45-49;Finish;59:20;3:28;5:18:59;4:23;3:31:52;9:58:02
Alexis;Sicard;FR;M30-34;Finish;58:54;4:12;5:02:53;4:16;3:47:47;9:58:02
Tyler;Le Roy;US;M30-34;Finish;1:03:51;2:51;4:57:02;3:47;3:50:41;9:58:12
Dirk;Casimir;DE;M50-54;Finish;1:01:23;3:13;5:16:58;3:31;3:33:11;9:58:16
Jared;Wilson;US;M45-49;Finish;1:02:25;4:42;5:17:13;5:26;3:28:34;9:58:20
David;Lebrat;FR;M35-39;Finish;1:04:28;3:55;5:05:01;4:58;3:40:07;9:58:29
Pavel;Artyushenko;KZ;M40-44;Finish;1:00:23;3:06;5:08:27;4:47;3:41:48;9:58:31
David;Mudek;US;M35-39;Finish;1:10:35;3:16;5:16:18;3:11;3:25:12;9:58:32
Massimo;Callegari;IT;M40-44;Finish;1:01:39;2:27;5:11:09;4:12;3:39:15;9:58:42
Mal;Joseland;AU;M45-49;Finish;1:05:35;3:56;5:13:37;3:52;3:31:42;9:58:42
Hugo;Van hamme;BE;M55-59;Finish;1:05:19;4:14;5:19:05;4:30;3:25:38;9:58:46
Richard;Allen;GB;M45-49;Finish;1:09:18;3:47;5:18:06;4:42;3:22:55;9:58:48
Katherine;Renouf;GB;F25-29;Finish;53:40;2:58;5:32:42;2:39;3:27:08;9:59:07
Richard;Backstrom;SE;M35-39;Finish;1:07:06;4:01;5:04:36;4:16;3:39:18;9:59:17
Javier;Peiretti;AR;M40-44;Finish;1:00:05;2:49;5:06:09;4:05;3:46:16;9:59:24
Arkadiusz;Podziewski;PL;M45-49;Finish;1:11:14;3:40;5:00:18;3:59;3:40:18;9:59:29
Elliot-Olivier;Pellerin;CA;M30-34;Finish;1:02:25;4:31;4:59:39;4:56;3:48:00;9:59:31
Wayne;Harding;AU;M40-44;Finish;54:28;4:53;5:13:39;4:31;3:42:02;9:59:33
Jordi;Miranda Alfranca;ES;M30-34;Finish;1:03:05;3:53;5:36:11;5:47;3:10:46;9:59:42
José;Otávio Ribeiro Cruz Filho;BR;M45-49;Finish;1:08:33;4:55;5:15:04;4:50;3:26:24;9:59:46
Valentina;Kukrus;RU;F45-49;Finish;1:06:25;3:34;5:28:09;3:40;3:17:58;9:59:46
Hans Peter;Schulz;DE;M50-54;Finish;1:01:17;3:33;5:10:37;3:24;3:40:58;9:59:49
Elliot;Kawaoka;JP;M30-34;Finish;1:01:31;3:13;5:23:00;5:41;3:26:25;9:59:50
CRISTIAN;MORATIEL;ES;M35-39;Finish;52:58;3:42;5:27:08;5:00;3:31:12;10:00:00
Mustafa;Okyay;DE;M45-49;Finish;1:05:46;5:10;5:09:06;4:52;3:35:10;10:00:04
Juan M.;Aguilar;MX;M30-34;Finish;1:12:12;3:12;5:28:50;3:57;3:11:55;10:00:06
Thomas;Trauger;US;M55-59;Finish;1:02:33;3:35;5:09:00;3:20;3:41:39;10:00:07
Miasciarelli;Andrea;IT;M35-39;Finish;1:07:02;4:13;4:58:43;3:47;3:46:41;10:00:26
Andreas;Fuchs;AT;M40-44;Finish;59:19;2:29;4:44:27;3:15;4:11:00;10:00:30
Pawel;Targoni;PL;M40-44;Finish;1:03:54;3:39;5:20:23;6:23;3:26:16;10:00:35
Koji;Furuya;JP;M45-49;Finish;1:03:30;4:07;5:07:56;5:51;3:39:11;10:00:35
Brendon;Vesty;NZ;M45-49;Finish;1:06:11;3:31;4:55:21;4:48;3:50:59;10:00:50
Quentin;Fogarty;NZ;M40-44;Finish;59:08;4:37;5:04:52;5:10;3:47:23;10:01:10
Leonhard;Lukoschek;DE;M25-29;Finish;57:21;2:14;5:27:49;7:51;3:25:56;10:01:11
Georgina;Gadient;CH;F40-44;Finish;1:07:07;4:12;5:10:50;3:36;3:35:29;10:01:14
Helen;Morgan;AU;F30-34;Finish;1:16:51;3:47;5:22:47;2:56;3:14:56;10:01:17
David;Corredor;ES;M35-39;Finish;1:01:40;4:20;5:10:17;11:11;3:33:58;10:01:26
Dani;Blanchart López;ES;M18-24;Finish;1:01:00;3:04;5:16:11;5:22;3:36:00;10:01:37
Otto;Ströbel;DE;M40-44;Finish;1:00:25;4:01;5:04:00;5:07;3:48:05;10:01:38
Alexander;Khalamanov;RU;M25-29;Finish;53:02;2:37;4:55:52;2:56;4:07:16;10:01:43
Rudy;Bonnet;FR;M40-44;Finish;1:24:54;5:55;4:58:48;4:40;3:27:26;10:01:43
Philippe;Vogt;CH;M18-24;Finish;1:04:35;2:30;5:03:39;4:26;3:46:36;10:01:46
Leslie;De Cuyper;BE;M35-39;Finish;1:14:49;4:34;5:09:09;3:49;3:29:29;10:01:50
Uli;Salentin;DE;M45-49;Finish;57:10;5:19;5:10:36;5:42;3:43:04;10:01:51
Rino;Bresolin;IT;M40-44;Finish;1:13:33;4:28;5:14:17;3:14;3:26:35;10:02:07
Stephane;Vandamme;BE;M50-54;Finish;1:08:16;3:34;5:19:35;3:06;3:27:41;10:02:12
Rodrigo;Loiola;BR;M40-44;Finish;1:10:33;2:59;5:12:00;5:10;3:31:39;10:02:21
Oliver;Frandsen;DK;M18-24;Finish;1:05:55;2:42;5:17:54;3:28;3:32:27;10:02:26
Sergio;Rodriguez Paez;ES;M45-49;Finish;1:07:39;2:55;5:17:50;5:20;3:28:45;10:02:29
Erwan;Prevost;ZA;M50-54;Finish;1:02:08;3:14;5:04:05;4:00;3:49:10;10:02:37
Juan Damasceno;Llorca Barberá;ES;M40-44;Finish;1:05:07;3:35;5:06:32;4:51;3:42:34;10:02:39
Ian;Lack;AU;M45-49;Finish;1:03:28;3:24;5:15:11;4:00;3:36:37;10:02:40
Lisandro;Sousa;BR;M30-34;Finish;1:09:55;2:41;5:07:38;3:28;3:39:04;10:02:46
carlo;paul;GB;M45-49;Finish;1:03:01;5:20;5:26:53;4:05;3:23:33;10:02:52
Robert;Cordle;AU;M35-39;Finish;1:01:38;3:47;5:07:12;4:37;3:45:47;10:03:01
Patrick;Wallimann;CH;M45-49;Finish;1:02:36;3:21;5:18:21;8:32;3:30:20;10:03:10
Mike;Daily;US;M45-49;Finish;1:09:41;4:31;5:13:24;4:15;3:31:21;10:03:12
Tobias;Chu;HK;M45-49;Finish;55:03;3:24;5:18:40;5:01;3:41:08;10:03:16
Paul;Mcclarnon;AU;M50-54;Finish;1:13:21;5:27;5:08:34;4:16;3:31:44;10:03:22
Peter;Lang;DE;M18-24;Finish;59:33;4:13;5:15:22;3:55;3:40:21;10:03:24
Maggie;Walsh;US;F35-39;Finish;56:12;3:50;5:16:29;3:58;3:42:56;10:03:25
Pierre;Durif;FR;M50-54;Finish;1:09:48;3:51;5:11:43;2:49;3:35:15;10:03:26
Bastien;PLA;FR;M30-34;Finish;1:06:48;3:57;4:58:23;3:07;3:51:14;10:03:29
Mark;Rushby;IE;M50-54;Finish;1:20:55;5:02;5:16:47;4:35;3:16:10;10:03:29
Oliver;Spurzem;DE;M40-44;Finish;1:03:20;3:19;5:28:14;5:43;3:22:58;10:03:34
Maciej;Swinarski;PL;M40-44;Finish;1:15:33;3:40;5:04:32;4:34;3:35:17;10:03:36
Sam;Hobi;US;M40-44;Finish;1:06:16;3:29;5:12:40;6:19;3:35:04;10:03:48
Patrice;Lilloni;FR;M45-49;Finish;1:02:00;3:44;5:03:45;3:49;3:50:36;10:03:54
Kephren;Izzard;AU;M35-39;Finish;1:00:03;3:32;5:23:07;5:08;3:32:07;10:03:57
Matt;Barcus;US;M35-39;Finish;1:09:43;2:25;5:25:56;4:00;3:22:05;10:04:09
Dany;Papi;LU;M40-44;Finish;1:12:01;4:55;5:07:53;4:40;3:34:53;10:04:22
Fernando;Barahona De Andres;ES;M45-49;Finish;1:09:44;4:19;5:19:46;6:26;3:24:09;10:04:24
Katrin;Esefeld;DE;F35-39;Finish;1:08:41;3:06;5:24:05;3:19;3:25:14;10:04:25
Ivan;Pereira Iglesias;ES;M35-39;Finish;1:08:04;4:11;5:01:03;5:06;3:46:04;10:04:28
Sean;Hale;US;M35-39;Finish;59:20;3:15;5:06:17;3:59;3:51:37;10:04:28
Roman;Malivanek;CZ;M45-49;Finish;1:09:56;2:54;5:17:25;5:48;3:28:26;10:04:29
Aitzol;Arregi;ES;M45-49;Finish;1:08:44;3:30;5:19:47;5:40;3:26:56;10:04:37
Muzaffer;Kuvvet;TR;M40-44;Finish;1:05:34;4:16;5:09:58;6:13;3:38:41;10:04:42
Brian;Andzejewicz;US;M40-44;Finish;1:16:57;4:41;5:11:01;6:49;3:25:14;10:04:42
Michael;Weber;DE;M40-44;Finish;1:13:15;3:34;5:21:30;3:41;3:22:44;10:04:44
Chris;Tomkinson;CA;M50-54;Finish;1:02:11;4:03;5:13:05;4:58;3:40:30;10:04:47
Niels;Ros;NL;M30-34;Finish;1:13:20;6:04;4:58:22;5:20;3:41:44;10:04:50
Marcin;Waniewski;PL;M40-44;Finish;1:03:40;3:00;5:18:33;4:43;3:35:12;10:05:08
Jorge;Ascani;AR;M35-39;Finish;1:06:30;3:17;5:04:37;6:12;3:44:42;10:05:18
Amir;Bachar;IL;M50-54;Finish;59:01;3:55;5:14:04;3:18;3:45:04;10:05:22
Henrik;Francke;DK;M45-49;Finish;1:10:12;5:54;5:10:28;5:43;3:33:16;10:05:33
David;Hansen;US;M35-39;Finish;1:02:20;3:59;4:58:54;5:45;3:54:43;10:05:41
Niklas;Kellerer;DE;M25-29;Finish;1:06:45;4:07;5:12:00;5:05;3:37:47;10:05:44
John;Lenehan;IE;M35-39;Finish;1:02:45;6:38;5:24:26;4:41;3:27:16;10:05:46
Gábor;Zsinór;HU;M30-34;Finish;1:04:36;3:03;5:13:56;4:50;3:39:25;10:05:50
Alan;Lima De Carvalho;BR;M40-44;Finish;1:04:03;3:43;5:02:26;3:27;3:52:16;10:05:55
Alain;Schutjes;BE;M45-49;Finish;1:07:17;5:55;5:14:00;7:08;3:31:55;10:06:15
Natasja;Barclay;NZ;F45-49;Finish;59:36;3:51;5:27:01;4:06;3:31:49;10:06:23
Michal;Kosmowski;PL;M35-39;Finish;1:08:35;2:56;5:18:49;2:39;3:33:29;10:06:28
MICHAEL;MIGLIORE;FR;M45-49;Finish;1:06:27;2:54;5:02:13;4:20;3:50:37;10:06:31
Eduardo Jurevics Dos Santos;Marcolino;BR;M35-39;Finish;58:52;3:16;5:15:34;4:49;3:44:07;10:06:38
Andrey;Serebryakov;RU;M40-44;Finish;1:04:45;4:16;5:25:56;3:59;3:27:45;10:06:41
Bill;Hayes;AU;M50-54;Finish;1:12:22;2:49;5:12:05;3:58;3:35:42;10:06:56
Kaileen;Mcculloch;CA;F25-29;Finish;1:01:49;3:17;5:30:25;4:18;3:27:09;10:06:58
Tim;Facey;AU;M40-44;Finish;1:01:41;5:13;5:21:34;4:57;3:33:41;10:07:06
Ronny;Greschner;DE;M45-49;Finish;1:14:16;3:15;5:23:42;3:26;3:22:28;10:07:07
Kevin;Fergusson;AU;M60-64;Finish;1:00:56;3:13;5:13:27;3:53;3:45:39;10:07:08
Tim;Rowley;CA;M50-54;Finish;1:04:30;5:19;5:21:55;6:39;3:28:49;10:07:12
Mark;Mumford;US;M55-59;Finish;1:11:57;5:50;5:07:09;5:44;3:36:36;10:07:16
Brian;Corff;US;M40-44;Finish;1:03:25;3:18;5:19:59;4:09;3:36:27;10:07:18
Ricard;Balagué Cava;ES;M40-44;Finish;1:04:05;3:31;5:19:15;7:35;3:33:00;10:07:26
Takeshi;Tanaka;JP;M55-59;Finish;1:04:35;3:08;5:40:15;4:29;3:15:03;10:07:30
Robin;Schneider;DE;M30-34;Finish;51:58;2:27;4:54:12;6:35;4:12:20;10:07:32
Thomas;Schertel;DE;M30-34;Finish;59:05;3:31;5:05:40;5:13;3:54:16;10:07:45
Owen;Martin;IE;M45-49;Finish;1:08:07;5:09;5:02:11;7:36;3:44:42;10:07:45
Jan;Kovalovsky;CZ;M40-44;Finish;1:02:30;2:42;5:04:14;3:46;3:54:38;10:07:50
Pascal;Rojas Calvo;FR;M50-54;Finish;1:01:15;4:15;5:25:43;5:09;3:31:40;10:08:02
Andreas;Drosdowski;DE;M45-49;Finish;1:07:49;3:31;5:21:01;6:11;3:29:34;10:08:06
Nicholas;Grala;US;M30-34;Finish;1:09:18;4:02;5:13:57;4:08;3:36:42;10:08:07
Daniel;Nagel;NL;M40-44;Finish;1:00:42;3:47;5:06:58;6:32;3:50:22;10:08:21
Daniel;Överfjord;SE;M40-44;Finish;1:13:30;4:23;5:31:49;7:00;3:11:54;10:08:36
Marcin;Kepka;PL;M35-39;Finish;1:12:59;3:09;5:08:09;3:43;3:40:36;10:08:36
Scott;Byram;US;M40-44;Finish;1:09:11;6:34;4:59:12;5:43;3:47:57;10:08:37
Ted;Breault;US;M50-54;Finish;1:05:08;3:57;5:32:27;5:52;3:21:19;10:08:43
Frederic;Martin-Guibert;FR;M45-49;Finish;1:03:24;4:10;5:24:28;5:37;3:31:09;10:08:48
Tomaz;Kovac;SI;M45-49;Finish;1:02:55;3:41;5:28:03;6:01;3:28:25;10:09:05
Brian;Oneil;US;M25-29;Finish;51:01;2:31;5:10:54;4:43;3:59:57;10:09:06
Nikkola;Matthews;NZ;F35-39;Finish;1:01:57;4:07;5:16:56;2:49;3:43:18;10:09:07
Marcin;Pacholak;PL;M30-34;Finish;1:04:07;4:03;5:18:04;4:08;3:38:46;10:09:08
Kane;Mccollum;NZ;M35-39;Finish;1:01:50;4:39;5:17:38;6:55;3:38:08;10:09:10
Loris;Gerini;IT;M45-49;Finish;1:05:58;4:39;5:10:51;3:31;3:44:17;10:09:16
Marco;Forster;DE;M40-44;Finish;1:10:12;5:19;4:58:51;4:58;3:50:01;10:09:21
Sebastian;Asquinazi;AR;M45-49;Finish;58:18;3:37;5:13:52;3:34;3:50:11;10:09:32
Craig;Smith;AU;M45-49;Finish;1:08:07;3:55;5:12:52;5:09;3:39:32;10:09:35
Horst;Wittmershaus;DE;M50-54;Finish;1:08:18;3:00;5:06:15;4:18;3:47:44;10:09:35
David;Orrit;CH;M45-49;Finish;1:02:05;4:07;5:20:42;5:18;3:37:23;10:09:35
Lachie;Dillon;AU;M18-24;Finish;1:06:04;3:38;5:11:16;2:46;3:45:53;10:09:37
Aaron;Acuna;US;M30-34;Finish;58:48;5:29;5:24:33;3:45;3:37:04;10:09:39
Marco;Weschler;DE;M40-44;Finish;1:00:45;2:58;5:14:50;5:29;3:45:41;10:09:43
Roman;Lacko;GB;M45-49;Finish;1:16:31;3:18;5:04:02;6:02;3:40:19;10:10:12
Gustavo;Gennari;BR;M40-44;Finish;1:04:17;3:22;5:30:15;4:16;3:28:06;10:10:16
Corinne;Clark;GB;F35-39;Finish;1:03:01;2:39;5:25:14;3:12;3:36:24;10:10:30
Miguel;Barrero Duran;ES;M40-44;Finish;1:10:36;3:25;5:14:10;3:44;3:38:37;10:10:32
Tobias;Hauger;DE;M45-49;Finish;1:11:42;4:47;5:13:40;3:28;3:36:57;10:10:34
Stephen;Palmer;GB;M40-44;Finish;1:09:45;2:46;5:13:24;7:10;3:37:33;10:10:38
Dan;Bronstein;RU;M40-44;Finish;1:09:08;3:47;5:21:47;4:49;3:31:08;10:10:39
Alison;Mcinturff;US;F30-34;Finish;55:22;3:37;5:20:12;3:24;3:48:04;10:10:39
Nicolas;Barthe;FR;M45-49;Finish;1:00:46;4:36;5:23:28;4:58;3:37:00;10:10:48
Felix;Leder;DE;M40-44;Finish;1:07:47;2:30;5:03:55;6:01;3:50:44;10:10:57
Matthew;Han;US;M40-44;Finish;1:08:05;8:02;5:07:42;5:27;3:41:43;10:10:59
Oliver;Faas;DE;M50-54;Finish;1:11:29;5:16;5:24:05;6:10;3:23:59;10:10:59
Martin;Kronbuegel;DE;M40-44;Finish;1:10:20;6:12;5:09:59;6:41;3:37:53;10:11:05
Kyle;Fox;US;M30-34;Finish;1:03:16;3:33;4:55:56;2:36;4:05:46;10:11:07
Imanol;Ayestarán Odriozola;ES;M45-49;Finish;1:11:08;5:44;5:22:00;3:42;3:28:47;10:11:21
Robert;Mears;NZ;M25-29;Finish;1:06:59;4:01;5:02:36;4:30;3:53:18;10:11:24
Erik;Blomberg;SE;M45-49;Finish;1:02:31;3:04;5:21:28;3:01;3:41:27;10:11:31
Matt;Lawrence;GB;M35-39;Finish;59:21;3:37;5:07:12;5:31;3:55:51;10:11:32
Piotr;Ròzalski;PL;M40-44;Finish;1:04:47;2:58;5:17:24;3:33;3:42:51;10:11:33
Flavio;Oliveira;BR;M40-44;Finish;1:06:15;2:30;5:20:07;3:27;3:39:21;10:11:40
Adriano;Bastos;BR;M40-44;Finish;1:08:18;4:02;5:36:26;4:01;3:18:57;10:11:44
Paul;Rutherford;IE;M45-49;Finish;1:07:56;4:20;5:04:08;4:19;3:51:08;10:11:51
Shay;Mcleod;NZ;M40-44;Finish;1:10:36;4:09;5:15:57;4:45;3:36:29;10:11:56
Carl;Desruisseaux;CA;M45-49;Finish;1:02:54;2:47;5:14:08;4:04;3:48:12;10:12:05
Marek;Antoniak;EE;M50-54;Finish;1:18:10;4:08;5:12:13;4:24;3:33:16;10:12:11
Philip;Billikopf;CL;M30-34;Finish;1:06:52;4:23;5:21:45;5:36;3:33:40;10:12:16
Thierry;Dondlinger;LU;M40-44;Finish;1:15:05;4:53;5:22:38;5:06;3:24:35;10:12:17
Alexander;Mackert;DE;M45-49;Finish;1:04:56;3:55;5:27:13;3:27;3:32:50;10:12:21
Paul;Thomas;GB;M50-54;Finish;1:03:30;4:30;5:22:58;4:43;3:36:50;10:12:31
Todd;Ridge;AU;M40-44;Finish;1:04:18;3:43;5:22:22;3:50;3:38:20;10:12:33
Nicola;Pini;CH;M25-29;Finish;1:06:44;4:38;5:02:09;3:53;3:55:11;10:12:35
Charlene;Ottevaere;BE;F35-39;Finish;1:04:05;4:24;5:35:39;5:00;3:23:36;10:12:44
Rich;Burke;US;M50-54;Finish;1:09:37;5:03;5:14:32;4:59;3:38:39;10:12:50
Jose Marcos;Reyes;MX;M45-49;Finish;1:03:10;7:04;5:21:13;5:48;3:35:37;10:12:52
Sarah;Thomas;AU;F35-39;Finish;1:06:45;2:16;5:32:42;2:27;3:28:53;10:13:03
Jonas;Svensson;SE;M40-44;Finish;1:11:26;3:52;5:25:55;3:30;3:28:27;10:13:10
Frank;Krügener;DE;M35-39;Finish;1:09:07;4:41;4:53:28;5:32;4:00:44;10:13:32
Jorg;Brassel;CH;M40-44;Finish;1:10:51;3:36;5:13:37;6:18;3:39:12;10:13:34
Pirmin;Christen;CH;M45-49;Finish;1:04:12;2:24;4:53:15;2:56;4:10:51;10:13:38
Scott;Donaldson;AU;M40-44;Finish;58:38;5:55;5:30:37;4:36;3:33:56;10:13:42
Manuel José;Conejeros;CL;M30-34;Finish;1:01:34;3:02;5:10:01;4:34;3:54:32;10:13:43
Liis;Rametta;EE;F35-39;Finish;1:15:37;4:03;5:26:12;2:52;3:25:01;10:13:45
Noriyuki;Ando;JP;M25-29;Finish;57:02;3:49;5:36:20;4:05;3:32:43;10:13:59
Daniel;Cunha;BR;M35-39;Finish;1:13:15;3:28;5:08:24;3:15;3:45:40;10:14:02
Domen;Denša;SI;M40-44;Finish;1:00:21;3:38;5:19:26;6:25;3:44:15;10:14:05
Michael;Hautle;CH;M40-44;Finish;1:03:52;3:01;5:03:56;4:09;3:59:15;10:14:13
Roman;Procházka;CZ;M45-49;Finish;1:15:23;3:13;5:03:36;5:20;3:46:52;10:14:24
Zbysek;Jaros;CZ;M45-49;Finish;1:03:00;3:30;5:13:33;4:05;3:50:16;10:14:24
Pedro;Silva;PT;M40-44;Finish;1:17:37;4:50;5:08:10;3:58;3:39:52;10:14:27
Matty;Matonti;GB;M40-44;Finish;1:21:24;3:01;5:19:24;3:08;3:27:39;10:14:36
Frederic;Pasnon;FR;M45-49;Finish;1:07:37;3:37;5:26:45;3:30;3:33:17;10:14:46
Tobias;Jansson;SE;M45-49;Finish;1:09:56;3:57;5:23:33;4:24;3:32:59;10:14:49
Felipe;Sajulga;PH;M35-39;Finish;1:14:16;3:54;5:21:28;4:18;3:31:06;10:15:02
Wilhelm;Schweiger;DE;M60-64;Finish;1:12:12;3:33;5:15:26;4:28;3:39:26;10:15:05
Josef;Diepold;DE;M55-59;Finish;1:09:22;4:19;5:12:33;5:30;3:43:29;10:15:13
Paul;Hill;NZ;M50-54;Finish;1:05:54;4:31;5:18:35;3:55;3:42:23;10:15:18
Brian;Miller;US;M45-49;Finish;56:13;3:42;5:24:37;3:11;3:47:42;10:15:25
Magnus;Linder;SE;M40-44;Finish;1:09:01;3:40;5:13:27;4:57;3:44:21;10:15:26
Michael;Glazbrook;AU;M50-54;Finish;1:02:39;4:08;5:20:52;6:10;3:41:46;10:15:35
John;Thelwell;GB;M30-34;Finish;59:15;3:11;4:45:32;5:06;4:22:38;10:15:42
Gabriele Maria;Obmann;AT;F30-34;Finish;1:07:15;3:14;5:18:13;3:00;3:44:01;10:15:43
Matias;Santos;AR;M45-49;Finish;1:02:29;4:22;5:19:08;3:34;3:46:12;10:15:45
Ericka;Hachmeister;US;F35-39;Finish;1:06:45;4:07;5:26:17;2:53;3:35:44;10:15:46
Igor;Kogoj;SI;M60-64;Finish;59:44;3:22;5:35:26;3:55;3:33:22;10:15:49
Jessop;Keene;US;M25-29;Finish;1:15:26;5:14;5:11:36;6:03;3:37:30;10:15:49
Phil;Bowe;AU;M35-39;Finish;1:08:01;3:04;5:25:31;3:33;3:35:54;10:16:03
Arnaud;Selukov;FR;M50-54;Finish;1:01:43;3:42;5:21:28;4:17;3:44:56;10:16:06
Mike;Roigard;NZ;M45-49;Finish;1:10:42;4:45;5:11:17;2:49;3:46:38;10:16:11
Connor;Wernecke;US;M25-29;Finish;55:10;3:06;5:00:24;5:05;4:12:26;10:16:11
William;Cezar;BR;M30-34;Finish;1:00:50;3:15;5:13:09;5:00;3:54:05;10:16:19
Emily;Freeman;GB;F25-29;Finish;58:00;3:34;5:40:26;3:13;3:31:09;10:16:22
Pawel;Jedrasiewicz;PL;M30-34;Finish;1:23:18;2:46;5:15:29;7:01;3:27:48;10:16:22
Daniel;Beby;AU;M40-44;Finish;1:06:45;3:23;5:18:42;4:07;3:43:36;10:16:33
Ian;Graham;NZ;M45-49;Finish;1:05:54;4:23;5:26:23;5:54;3:34:11;10:16:45
Paolo;La Placa;IT;M45-49;Finish;1:08:55;3:22;5:29:05;5:34;3:29:53;10:16:49
Nathan;Fitzakerley;AU;M40-44;Finish;56:42;3:30;5:01:20;4:16;4:11:04;10:16:52
Haydn;Jervis;AU;M40-44;Finish;1:00:18;4:55;5:15:15;6:23;3:50:01;10:16:52
Eckart;Mühlbronner;DE;M45-49;Finish;1:11:13;4:15;5:02:23;4:27;3:54:37;10:16:55
Jose Daniel;Figueroa;MX;M30-34;Finish;1:05:56;4:52;5:37:01;5:17;3:23:52;10:16:58
Hajime;Nagatsuji;JP;M45-49;Finish;1:05:27;3:58;5:26:17;3:57;3:37:30;10:17:09
Francisco;Cerezuela;AR;M18-24;Finish;58:53;3:45;5:18:01;3:37;3:53:04;10:17:20
Michael;Minardi;US;M50-54;Finish;1:18:21;3:46;5:09:33;5:12;3:40:33;10:17:25
Janine;Willis;CA;F45-49;Finish;1:02:37;3:10;5:28:41;2:31;3:40:27;10:17:26
Hannah;Peel;GB;F35-39;Finish;1:09:34;3:27;5:21:29;3:01;3:40:09;10:17:40
David;Fernández Martínez;ES;M45-49;Finish;1:14:22;3:19;5:20:19;3:24;3:36:19;10:17:43
David;Clark;AU;M35-39;Finish;1:13:22;4:02;5:14:45;3:38;3:42:04;10:17:51
Frank;Schmaehling;DE;M45-49;Finish;1:05:40;4:58;5:15:19;6:04;3:45:53;10:17:54
Markus;Nübel;DE;M50-54;Finish;1:09:58;5:22;5:18:28;4:07;3:40:02;10:17:57
Jack;Toland;US;M18-24;Finish;56:20;2:45;4:44:57;3:05;4:30:57;10:18:04
Thierry;Guertin;CA;M45-49;Finish;1:05:16;3:22;5:03:38;4:17;4:01:38;10:18:11
Anna;Trads;DK;F25-29;Finish;1:06:20;3:30;5:23:10;2:49;3:42:33;10:18:22
Jeff;Mutchie;US;M45-49;Finish;1:25:29;3:21;5:23:48;3:04;3:22:43;10:18:25
Pierre;Heynemand;CA;M50-54;Finish;1:01:32;2:49;5:23:45;3:59;3:46:22;10:18:27
Alberto;Pasquarella;IT;M45-49;Finish;56:31;4:06;5:30:46;6:34;3:40:40;10:18:37
Joss;Cheli;GB;M25-29;Finish;1:07:40;4:10;5:25:42;4:25;3:36:48;10:18:45
Jarrod;Johnstone;AU;M30-34;Finish;1:09:14;5:18;5:09:40;5:49;3:48:44;10:18:45
Jérémie;Martin;CA;M18-24;Finish;57:58;3:14;5:14:00;4:49;3:58:47;10:18:48
Frank;Stiller;DE;M55-59;Finish;1:03:16;3:26;5:19:14;3:49;3:49:08;10:18:53
Sam;Dowthwaite;AU;M40-44;Finish;1:04:24;3:57;5:10:49;6:00;3:53:45;10:18:55
琦;党;CN;M40-44;Finish;53:36;3:28;5:33:34;7:58;3:40:26;10:19:02
Michael;Hagenacker;DE;M45-49;Finish;1:09:59;3:28;5:01:06;3:48;4:00:41;10:19:02
Wyllo;Marques Ferreira Junior;BR;M40-44;Finish;1:15:10;6:20;5:18:17;4:30;3:35:16;10:19:33
Christine;Fletcher;CA;F45-49;Finish;1:02:49;3:37;5:28:46;5:43;3:38:43;10:19:38
Craig;Wilson;AU;M35-39;Finish;1:10:22;3:36;5:10:21;4:30;3:50:51;10:19:40
Lorenzo;Felici;IT;M30-34;Finish;1:05:11;3:55;5:05:37;4:16;4:00:54;10:19:53
Patrick;Papst;AT;M40-44;Finish;1:20:06;4:02;5:13:47;5:58;3:36:03;10:19:56
Adriano;Godoi;BR;M40-44;Finish;1:20:41;4:33;5:14:03;5:54;3:35:02;10:20:13
Mark;Julier;GB;M45-49;Finish;1:01:48;3:49;5:18:15;5:38;3:50:54;10:20:24
Felix;Tutsch;DE;M45-49;Finish;1:11:37;4:16;5:17:15;4:55;3:42:26;10:20:29
Ilhwan;Oh;KR;M45-49;Finish;1:10:14;5:45;5:14:08;7:13;3:43:14;10:20:34
Tapio;Piesanen;FI;M55-59;Finish;1:15:04;3:36;5:09:38;3:46;3:48:46;10:20:50
Tony;Leigl;US;M35-39;Finish;1:03:54;4:05;5:13:06;6:40;3:53:09;10:20:54
Wolfgang;Geissler;DE;M50-54;Finish;1:07:39;3:22;5:25:12;5:14;3:39:27;10:20:54
Jochen;Blasius;DE;M45-49;Finish;1:14:34;3:12;5:05:38;3:40;3:53:51;10:20:55
Katie;Colville;US;F25-29;Finish;1:03:10;3:24;5:38:00;3:14;3:33:08;10:20:56
Kyle;Mooney;AU;M35-39;Finish;59:24;3:03;5:20:33;3:52;3:54:11;10:21:03
Andrew;Hunt;AU;M45-49;Finish;1:07:32;3:40;5:16:57;3:19;3:49:35;10:21:03
Emily;Lanter;US;F35-39;Finish;1:08:02;4:02;5:23:59;3:42;3:41:22;10:21:07
Hendrik;Abeln;DE;M45-49;Finish;1:02:07;3:35;5:12:53;4:52;3:57:41;10:21:08
Stephane;Ollier;FR;M50-54;Finish;1:19:59;4:23;5:22:43;8:06;3:26:00;10:21:11
Thomas;Emilsson;SE;M35-39;Finish;57:19;4:52;5:14:07;7:08;3:57:48;10:21:14
Manfred;Wiehahn;ZA;M45-49;Finish;1:06:13;6:50;5:23:48;8:08;3:36:17;10:21:16
Markus;Sudy;DE;M30-34;Finish;1:08:05;3:09;4:52:32;5:06;4:12:35;10:21:27
Chris;Pike;GB;M35-39;Finish;1:05:50;3:20;5:10:43;4:42;3:56:54;10:21:29
Robert;Seele;DE;M40-44;Finish;1:04:17;4:32;5:34:03;3:56;3:34:54;10:21:42
George;Patterson;GB;M18-24;Finish;1:14:22;3:22;5:22:05;5:48;3:36:10;10:21:47
Steffen;Gartner;DE;M40-44;Finish;1:16:57;4:10;5:25:56;4:15;3:30:29;10:21:47
Lucas;Pozzetta;US;M30-34;Finish;53:04;3:41;5:02:23;5:50;4:16:52;10:21:50
Kenji;Takeya;JP;M50-54;Finish;1:08:59;2:26;5:00:12;5:26;4:04:57;10:22:00
Carlos;Laguna Villanueva;ES;M40-44;Finish;1:03:39;4:16;5:24:45;4:35;3:44:46;10:22:01
Massimo;Ciocia;IT;M55-59;Finish;57:18;3:22;5:29:25;3:43;3:48:22;10:22:10
Bernd;Klopsch;DE;M45-49;Finish;1:06:17;4:04;4:59:58;3:25;4:08:31;10:22:15
Anton;Smit;NL;M55-59;Finish;1:11:17;3:47;5:14:41;4:51;3:48:03;10:22:39
Shelden;Walker;AU;M35-39;Finish;1:11:37;6:06;5:10:44;5:37;3:48:36;10:22:40
Martin;Rosenzweig;DE;M30-34;Finish;1:05:45;3:39;5:09:37;4:47;3:58:58;10:22:46
Radek;Pawlowski;PL;M40-44;Finish;1:00:18;3:02;5:13:54;4:42;4:00:56;10:22:52
Patric;Engström;SE;M45-49;Finish;1:18:41;4:14;5:15:46;4:13;3:39:58;10:22:52
Marielle;Lacroix;BE;F25-29;Finish;1:00:05;3:51;5:29:15;2:54;3:46:51;10:22:56
Matthew;Carson;US;M18-24;Finish;58:17;4:04;5:39:50;8:14;3:32:52;10:23:17
Viktor;Vitraganov;RU;M35-39;Finish;1:16:02;3:11;5:40:06;3:08;3:21:09;10:23:36
Emma;Hatzis;GB;F30-34;Finish;1:06:11;2:52;5:37:39;3:28;3:33:27;10:23:37
Tony;Andersson;SE;M45-49;Finish;57:03;3:39;5:28:05;3:32;3:51:20;10:23:39
Nicolas;Tanguy;FR;M40-44;Finish;59:02;3:28;5:39:17;4:49;3:37:04;10:23:40
Leonardo Benito;Brutti;PY;M45-49;Finish;1:00:20;3:25;5:17:42;3:41;3:58:33;10:23:41
Francis;Martin;CA;M30-34;Finish;1:04:52;3:33;4:39:25;3:32;4:32:19;10:23:41
Martin;Johansen;DK;M30-34;Finish;1:10:32;3:44;5:26:37;5:48;3:37:08;10:23:49
Nicole;Gaillard;CH;F40-44;Finish;1:09:09;3:24;5:27:36;2:53;3:40:48;10:23:50
Beate;Zschorlich;DE;F45-49;Finish;1:15:21;2:43;5:21:29;3:00;3:41:21;10:23:54
Christian;Perreira;US;M40-44;Finish;1:09:03;4:52;5:25:12;5:57;3:39:00;10:24:04
Patrik;Viklund;SE;M40-44;Finish;1:11:30;4:38;5:32:41;5:10;3:30:07;10:24:06
Buck;Cockman;AU;M40-44;Finish;1:03:11;6:13;5:20:19;5:44;3:49:03;10:24:30
Simon;Clam;BE;M35-39;Finish;1:02:50;3:16;5:11:10;3:16;4:04:03;10:24:35
Jason;Hollander;US;M45-49;Finish;1:10:25;5:12;5:24:58;6:28;3:37:38;10:24:41
Martin;Malleier;AT;M50-54;Finish;1:07:18;3:05;5:15:29;6:11;3:52:39;10:24:42
Christian;Roedel;DE;M40-44;Finish;1:07:51;2:42;5:20:14;4:04;3:49:55;10:24:46
Benjamin;Larsson;AU;M40-44;Finish;1:04:24;4:44;5:24:26;4:18;3:46:59;10:24:51
John;Potter;US;M50-54;Finish;58:14;4:23;5:28:55;4:31;3:48:48;10:24:51
Raul;Galdeano Escalonilla;ES;M30-34;Finish;1:12:16;4:52;5:07:19;5:13;3:55:13;10:24:53
Lukas;Grandjean;DE;M30-34;Finish;1:06:20;4:37;5:43:04;4:38;3:26:19;10:24:58
Felix;Krauter;DE;M25-29;Finish;1:16:38;3:08;4:50:05;3:49;4:11:21;10:25:01
Carlos;Cruz;PT;M45-49;Finish;56:53;4:18;5:13:18;7:45;4:02:51;10:25:05
Karl;Poehls;US;M35-39;Finish;1:14:12;6:05;5:09:48;6:26;3:48:38;10:25:09
Victoria;Hill;GB;F45-49;Finish;1:11:31;4:16;5:31:59;3:28;3:34:00;10:25:14
Holm;Grosse;DE;M55-59;Finish;1:14:33;4:08;5:17:35;4:13;3:45:07;10:25:36
Craig;Wilson;ZA;M45-49;Finish;55:14;4:18;5:15:33;4:47;4:05:54;10:25:46
Bojan;Djuric;RS;M45-49;Finish;1:03:18;6:36;5:24:20;5:05;3:46:30;10:25:49
Michael;Phinney;US;M35-39;Finish;54:52;3:12;4:57:23;3:42;4:27:04;10:26:13
Makoto;Horiuchi;JP;M40-44;Finish;1:18:04;4:18;5:27:49;4:18;3:31:51;10:26:20
Barry;Ogden;US;M50-54;Finish;1:05:11;3:26;5:15:22;6:35;3:55:50;10:26:24
Sarah;Aly;SE;F40-44;Finish;1:15:16;6:20;5:26:43;4:20;3:33:46;10:26:25
Raul;Caetano;UY;M40-44;Finish;1:03:43;4:46;4:57:59;4:14;4:15:50;10:26:32
Kevin;Coyle;US;M35-39;Finish;1:03:03;4:52;5:15:24;6:26;3:56:53;10:26:38
Constance;Mochar;AT;F40-44;Finish;1:08:40;3:52;5:32:06;3:04;3:38:58;10:26:40
Ashley;Dellosa;US;F30-34;Finish;57:28;3:03;5:30:00;5:13;3:51:12;10:26:56
Pedro;Luiz Cerize;BR;M50-54;Finish;1:02:54;4:58;5:17:01;3:45;3:58:26;10:27:04
Noriyuki;Tanaka;JP;M35-39;Finish;1:02:58;4:42;5:24:02;4:30;3:50:53;10:27:05
Peter;Breadsell;AU;M45-49;Finish;1:09:23;5:11;5:08:25;5:51;3:58:37;10:27:27
Andres;Amione;AR;M45-49;Finish;1:05:17;3:12;5:37:24;3:59;3:37:40;10:27:32
Matt;Triick;US;M35-39;Finish;1:03:13;3:22;5:07:51;5:40;4:07:32;10:27:38
Lars;Halkier;DK;M55-59;Finish;1:15:14;4:40;5:05:53;5:05;3:56:46;10:27:38
Todd;Hawkins;US;M45-49;Finish;57:05;3:29;5:31:44;6:15;3:49:10;10:27:43
Yassir;Janah;US;M40-44;Finish;1:11:41;3:25;5:29:12;4:38;3:38:48;10:27:44
Beatrix;Cser;HU;F40-44;Finish;1:11:16;4:15;5:16:40;4:34;3:51:16;10:28:01
Torbjörn;Claeson;SE;M50-54;Finish;1:08:41;4:07;5:08:45;5:55;4:00:33;10:28:01
Kelly;Miller;AU;F40-44;Finish;1:09:14;4:04;5:30:16;4:43;3:39:50;10:28:07
Karen;Schultheiss;CH;F30-34;Finish;1:17:27;2:32;5:31:48;2:36;3:33:50;10:28:13
Adrian;Garvey;IE;M50-54;Finish;1:22:06;4:54;5:15:53;4:56;3:40:24;10:28:13
Piersngela;Dezerega;CL;F30-34;Finish;1:09:12;3:18;5:29:21;3:02;3:43:27;10:28:20
Songen;Li;CN;M18-24;Finish;1:12:02;3:09;5:16:55;4:39;3:51:59;10:28:44
Pascal;Descamps;FR;M45-49;Finish;1:04:10;4:30;5:22:32;8:55;3:48:39;10:28:46
J.P.;Dowd;US;M45-49;Finish;1:03:37;3:37;5:11:07;5:13;4:05:18;10:28:52
Eric;Neguelouart;MX;M30-34;Finish;1:03:13;3:41;5:12:51;6:02;4:03:12;10:28:59
Mulyukov;Azat;RU;M55-59;Finish;1:14:24;4:45;5:19:22;6:11;3:44:18;10:29:00
Oskar;Mellgren;SE;M30-34;Finish;1:12:44;4:05;5:22:33;4:43;3:44:56;10:29:01
Matthew;Tatum;US;M35-39;Finish;1:03:05;3:34;5:22:36;3:26;3:56:22;10:29:03
Michael;Wachtendonk;DE;M40-44;Finish;1:01:35;3:25;5:02:14;4:44;4:17:05;10:29:03
Tom;Laser;US;M25-29;Finish;1:06:52;3:55;5:14:11;4:42;3:59:35;10:29:15
Trent;Dawson;AU;M35-39;Finish;59:18;4:06;5:39:26;7:03;3:39:27;10:29:20
Silvio;Guerra;EC;M50-54;Finish;1:17:40;4:31;5:37:54;8:07;3:21:15;10:29:27
Riccardo;Fiorentino;US;M50-54;Finish;1:03:59;3:42;5:25:16;4:38;3:51:53;10:29:28
Doug;Covington;US;M50-54;Finish;1:22:53;4:22;5:28:23;7:08;3:26:48;10:29:34
Christoph;Neukamp;AT;M30-34;Finish;1:16:24;4:00;5:23:14;3:19;3:42:42;10:29:39
Jamie;Hoyt;US;M40-44;Finish;1:12:23;6:20;5:11:08;6:56;3:52:53;10:29:40
Ralph;Buckingham;US;M35-39;Finish;1:16:19;3:15;5:28:11;3:44;3:38:14;10:29:43
Benjamin;Saunders;US;M45-49;Finish;1:00:35;4:06;5:40:49;7:33;3:36:50;10:29:53
Peter;Jönsson;SE;M45-49;Finish;1:07:46;4:37;5:03:44;5:29;4:08:33;10:30:09
Mikelle;Coelho;BR;F25-29;Finish;1:05:05;4:16;5:37:09;3:20;3:40:20;10:30:10
Pablo;Durante;AR;M50-54;Finish;1:06:33;3:30;5:37:27;5:37;3:37:20;10:30:27
Matteo;Sclosa;IT;M40-44;Finish;1:08:06;3:59;5:30:27;6:17;3:41:39;10:30:28
Michael;Honicker;US;M40-44;Finish;1:13:42;2:34;5:40:13;4:42;3:29:22;10:30:33
Steve;Guy;AU;M40-44;Finish;1:05:21;5:41;5:25:42;6:56;3:46:54;10:30:34
Laura;Yost;US;F40-44;Finish;1:15:22;2:48;5:31:18;3:08;3:38:00;10:30:36
Ville;Keränen;FI;M35-39;Finish;1:19:08;4:46;5:08:56;5:08;3:52:49;10:30:47
Andreas;Haeggström;SE;M25-29;Finish;1:12:28;3:40;5:28:41;3:49;3:42:10;10:30:48
Stella;Foley;AU;F35-39;Finish;1:09:09;3:51;5:31:27;3:17;3:43:12;10:30:56
Nicolas;Ovd;BE;M35-39;Finish;1:02:41;3:27;4:59:34;3:25;4:21:58;10:31:05
Scott;Whittlestone;GB;M45-49;Finish;1:10:07;4:45;5:14:03;5:12;3:57:29;10:31:36
Zoltan;Varga;HU;M50-54;Finish;1:02:03;4:06;5:14:35;4:30;4:06:28;10:31:42
Michelle;Enslin;ZA;F50-54;Finish;1:10:00;3:53;5:33:50;3:17;3:40:51;10:31:51
Thomas;Lemaitre;FR;M35-39;Finish;1:03:11;2:50;4:46:43;3:09;4:36:01;10:31:54
Matt;Carman;AU;M35-39;Finish;1:09:13;2:28;5:17:37;4:12;3:58:29;10:31:59
Elizabeth;Duncombe;GB;F30-34;Finish;1:20:40;6:00;5:16:37;4:41;3:44:03;10:32:01
Denis;Martins;BR;M40-44;Finish;1:04:45;5:38;5:41:04;8:05;3:32:42;10:32:14
Florencia;Morales;AR;F40-44;Finish;1:09:48;3:33;5:54:20;2:53;3:21:42;10:32:16
Martin;Chapochnikoff;AR;M40-44;Finish;59:26;2:44;5:01:50;3:14;4:25:04;10:32:18
Ringo;De Rijck;BE;M45-49;Finish;1:21:01;5:25;5:14:41;5:30;3:45:42;10:32:19
Brendan;Mccarthy;US;M35-39;Finish;1:16:22;5:43;5:34:49;7:29;3:28:10;10:32:33
Anastasiia;Chernenko;UA;F25-29;Finish;56:12;2:46;5:45:53;3:39;3:44:18;10:32:48
Kim Ørbæk;Halvorsen;DK;M45-49;Finish;1:13:57;3:51;5:08:33;4:23;4:02:12;10:32:56
Nathaniel;Thomas;US;M40-44;Finish;1:12:50;5:36;5:05:13;5:29;4:03:49;10:32:57
David;Barr;AU;M40-44;Finish;1:02:39;4:11;5:07:37;5:47;4:12:45;10:32:59
Robert;Hill;AU;M55-59;Finish;1:13:34;3:25;5:36:02;3:57;3:36:16;10:33:14
Nathan;Zarlengo;US;M35-39;Finish;1:14:05;6:11;5:17:25;6:08;3:49:27;10:33:16
Dirk;Löwer;DE;M45-49;Finish;1:09:14;3:18;5:27:04;5:29;3:48:17;10:33:22
Fernando;Fuentes;ES;M40-44;Finish;1:01:42;3:24;5:30:09;6:48;3:51:20;10:33:23
Sarah;Cameto;US;F35-39;Finish;56:21;3:55;5:41:31;6:21;3:45:19;10:33:27
Bettina;Strehl;DE;F45-49;Finish;1:10:47;2:48;5:18:41;2:59;3:58:16;10:33:31
Alexey;Sidorenko;KZ;M35-39;Finish;1:18:42;4:03;5:24:28;3:54;3:42:26;10:33:33
Gentry;Yost;US;M45-49;Finish;1:11:09;2:47;5:05:10;5:20;4:09:12;10:33:38
Livia;Eggler;CH;F25-29;Finish;1:18:02;3:01;5:48:20;3:24;3:21:00;10:33:47
Peter;Scherer;AU;M50-54;Finish;1:14:10;6:38;5:30:58;6:23;3:35:43;10:33:52
Tony;Goodyear;GB;M45-49;Finish;1:17:18;4:21;5:25:53;5:38;3:40:42;10:33:52
Beau;Waters;AU;M30-34;Finish;1:18:27;3:46;4:55:32;6:40;4:09:43;10:34:08
Lisa;Hermansson;SE;F35-39;Finish;1:06:14;3:11;5:39:08;2:35;3:43:03;10:34:11
Gregory;Burford;AU;M50-54;Finish;1:12:29;3:50;5:37:35;4:13;3:36:24;10:34:31
Steve;Dean;NZ;M50-54;Finish;1:04:57;3:19;5:10:57;4:34;4:10:49;10:34:36
Michael;Purtell;US;M55-59;Finish;1:01:38;6:25;5:32:46;4:41;3:49:07;10:34:37
Luke;Wilson;US;M45-49;Finish;1:04:47;4:00;5:22:11;6:29;3:57:26;10:34:53
Konstantinos;Papanikolaou;GR;M50-54;Finish;1:13:01;3:11;5:24:24;6:01;3:48:22;10:34:59
Fred;Doucette;US;M45-49;Finish;1:13:01;5:56;5:21:58;6:39;3:47:28;10:35:02
Alison;Maher;AU;F30-34;Finish;1:04:40;3:34;5:27:13;2:49;3:56:50;10:35:06
Jodie;Browning;AU;F40-44;Finish;1:03:30;3:56;5:30:37;3:36;3:53:34;10:35:13
Vojtech;Kacena;CZ;M40-44;Finish;1:16:31;4:10;5:35:01;3:39;3:36:00;10:35:21
Manuela;Suess;DE;F40-44;Finish;1:09:30;3:08;5:31:29;4:17;3:46:58;10:35:22
Koen;Vanderbeke;BE;M45-49;Finish;1:00:30;2:29;5:27:49;3:23;4:01:12;10:35:23
Dirk;Freiland;DE;M50-54;Finish;1:13:33;3:46;5:26:23;3:43;3:47:59;10:35:24
Camille;King;GB;F40-44;Finish;1:17:52;2:22;5:38:24;3:01;3:33:51;10:35:30
Steffen;Brocks;US;M50-54;Finish;1:03:41;4:51;5:26:56;4:24;3:55:45;10:35:37
Kimberly Denise;Miller;DE;F30-34;Finish;1:09:11;4:28;5:17:17;2:46;4:01:56;10:35:38
Moya;Johansson;AU;F25-29;Finish;1:01:38;3:08;5:49:36;2:38;3:38:42;10:35:42
Mikael;Schleidt;DK;M45-49;Finish;1:22:33;4:22;5:15:23;5:58;3:47:26;10:35:42
Frank;Bareuther;DE;M55-59;Finish;1:11:29;4:45;5:25:10;5:02;3:49:19;10:35:45
Walter;Lehmann;CH;M45-49;Finish;1:15:58;4:49;5:16:57;4:01;3:54:04;10:35:49
Alexandre;Le Duvehat;FR;M40-44;Finish;1:03:32;3:54;5:33:07;3:49;3:51:27;10:35:49
Mario;Radevic;DE;M40-44;Finish;1:07:43;2:56;5:22:24;4:12;3:58:37;10:35:52
Jake;Tobin;AU;M25-29;Finish;1:08:28;5:40;5:51:02;3:54;3:26:56;10:36:00
Ricardo;Caiuby;BR;M45-49;Finish;1:06:23;3:46;5:49:24;4:45;3:31:43;10:36:01
Shinichiro;Arai;JP;M50-54;Finish;1:03:32;5:19;5:27:10;5:23;3:54:38;10:36:02
Matthew;Wallace;AU;M30-34;Finish;1:05:15;5:21;5:31:51;5:01;3:48:48;10:36:16
Teemu;Suominen;FI;M35-39;Finish;1:12:19;2:49;5:31:34;4:23;3:45:22;10:36:27
Lars;Lensdorf;DE;M50-54;Finish;1:07:48;5:12;5:29:29;6:05;3:47:59;10:36:33
Stephen;Lynch;US;M50-54;Finish;1:15:03;3:58;5:20:34;5:37;3:51:25;10:36:37
Paulo;Farina;BR;M25-29;Finish;1:02:17;5:12;5:28:59;5:55;3:54:15;10:36:38
Martin;Outmanns;BE;M40-44;Finish;1:12:22;3:31;5:11:46;7:22;4:01:50;10:36:51
Mitch;West;US;M45-49;Finish;1:05:28;4:27;5:29:39;5:50;3:51:28;10:36:52
Jerôme;Allain;FR;M45-49;Finish;1:01:30;3:34;5:14:23;4:59;4:12:35;10:37:01
Ursula;Legaria Menéndez;MX;F30-34;Finish;1:09:11;4:26;5:52:25;3:04;3:27:56;10:37:02
Carl-Johan;Leinoff;SE;M35-39;Finish;1:07:04;4:22;5:18:12;4:27;4:03:00;10:37:05
David;Mullaney;US;M50-54;Finish;1:13:26;5:55;5:27:42;7:37;3:42:33;10:37:13
Aubone;Tennant;GB;M50-54;Finish;1:11:00;4:54;5:26:34;4:21;3:50:26;10:37:15
Jenny;Close;GB;F40-44;Finish;1:16:20;4:16;5:36:28;4:01;3:36:11;10:37:16
Wes;Dupont;US;M50-54;Finish;1:01:47;3:59;5:25:49;7:09;3:58:52;10:37:36
Roberto;Tedde;IT;M50-54;Finish;1:08:35;2:31;5:16:23;4:35;4:05:42;10:37:46
Silvia;Weishaeupl;DE;F40-44;Finish;1:09:19;4:00;5:42:37;4:26;3:37:26;10:37:48
Koji;Aoki;US;M18-24;Finish;53:03;3:35;5:33:59;5:18;4:01:56;10:37:51
Graham;Cooper;US;M45-49;Finish;1:02:53;5:31;5:38:13;6:51;3:44:31;10:37:59
Robert;Turnbull;HK;M35-39;Finish;1:16:32;4:33;5:15:53;3:41;3:57:26;10:38:05
Martin;Kleinjan;NL;M45-49;Finish;1:20:23;4:58;5:25:02;4:21;3:43:55;10:38:39
Lukas;Hoffmann;DE;M40-44;Finish;1:04:49;4:38;5:36:38;5:18;3:47:17;10:38:40
Peter;Nel;AU;M45-49;Finish;1:04:05;4:48;5:28:05;4:35;3:57:09;10:38:42
Mark;Webb;US;M40-44;Finish;1:15:24;4:48;5:31:23;3:54;3:43:13;10:38:42
Martin ;Gannon;GB;M60-64;Finish;1:14:54;4:39;5:19:35;7:37;3:52:05;10:38:50
Simone;Weber;CH;F35-39;Finish;1:05:19;3:11;5:25:29;4:07;4:00:50;10:38:56
Tani;Burge;AU;F25-29;Finish;1:08:56;2:52;5:41:34;3:02;3:42:40;10:39:04
Yannick;Henry;FR;M45-49;Finish;1:06:07;4:20;5:12:48;5:54;4:09:58;10:39:07
Bo;Strandmark;DK;M25-29;Finish;1:05:51;3:46;5:14:34;4:21;4:10:36;10:39:08
Bryan;Marshman;AU;M35-39;Finish;1:01:41;4:43;5:18:47;4:09;4:09:58;10:39:18
Stepan;Vakhmin;RU;M35-39;Finish;52:55;2:12;5:03:13;4:28;4:36:35;10:39:23
Kyle;Serreyn;US;M25-29;Finish;58:48;2:20;5:54:40;2:14;3:41:27;10:39:29
Juan;Vergara;BR;M60-64;Finish;1:14:30;3:14;5:30:26;3:11;3:48:20;10:39:41
Daniel;Brostella;PA;M45-49;Finish;1:11:33;3:32;5:24:46;4:32;3:55:18;10:39:41
Stefan;Bauer;DE;M45-49;Finish;1:18:36;5:20;5:20:27;7:57;3:47:29;10:39:49
Stephen;Mckellar;AU;M50-54;Finish;1:09:16;4:43;5:38:26;3:31;3:43:54;10:39:50
Fabiano;Paes;BR;M45-49;Finish;1:09:30;5:49;5:38:09;5:11;3:41:26;10:40:05
Darren;Cole;CA;M45-49;Finish;57:04;4:50;5:27:51;4:59;4:05:23;10:40:07
Cat;Heidrich;US;F35-39;Finish;1:07:25;4:21;5:53:33;4:42;3:30:11;10:40:12
Luca;Macchi;IT;M40-44;Finish;1:07:55;4:30;5:08:35;10:00;4:09:21;10:40:21
Choi;Hoon;KR;M40-44;Finish;1:09:26;3:43;5:27:05;7:09;3:53:09;10:40:32
Ling Er;Choo;SG;F30-34;Finish;1:10:24;3:09;5:34:06;4:25;3:48:29;10:40:33
Mark;Rohde;AU;M45-49;Finish;1:17:15;5:28;5:16:54;4:46;3:56:12;10:40:35
Vadim;Suraev;CA;M45-49;Finish;1:03:16;3:53;4:55:41;5:07;4:32:42;10:40:39
Yvonne;Timewell;CA;F50-54;Finish;1:09:03;4:05;5:34:40;4:19;3:48:38;10:40:45
Masashi;Machida;JP;M50-54;Finish;1:20:00;5:26;5:38:22;4:40;3:32:25;10:40:53
Rebecca;Mckee;US;F45-49;Finish;1:15:44;3:42;5:27:39;3:49;3:49:59;10:40:53
Hermann;Simon;FR;M25-29;Finish;1:07:33;3:07;4:57:27;4:22;4:28:26;10:40:55
Tommy;Seeberg;DK;M55-59;Finish;1:09:36;3:51;5:21:15;4:10;4:02:15;10:41:07
Mark;Dooley;US;M55-59;Finish;1:05:28;4:37;5:37:21;6:50;3:47:07;10:41:23
Justin;Lippert;US;M18-24;Finish;59:19;2:10;5:03:39;3:06;4:33:18;10:41:32
Bart;Hollemans;NL;M45-49;Finish;1:10:47;4:21;5:06:18;4:22;4:15:57;10:41:45
Esa;Heinonen;FI;M50-54;Finish;1:02:31;5:09;5:22:27;5:53;4:05:47;10:41:47
Elizabeth;Lieberman;US;F25-29;Finish;1:01:55;4:27;5:45:56;5:28;3:44:04;10:41:50
Trude;Stormo;NO;F35-39;Finish;1:12:06;3:46;5:40:48;4:00;3:41:11;10:41:51
Cortney;Haile;US;F40-44;Finish;1:06:46;3:23;5:54:43;2:58;3:34:04;10:41:54
Kjell-Richard;Botten;NO;M45-49;Finish;1:03:01;3:31;5:15:36;5:47;4:14:01;10:41:56
Amilcar;F Altemani;BR;M55-59;Finish;1:09:52;4:12;5:23:31;3:14;4:01:10;10:41:59
Russell;Simkins;US;M45-49;Finish;1:35:47;7:23;5:33:37;5:46;3:19:33;10:42:06
John;Woods;IE;M45-49;Finish;1:02:51;4:30;5:42:43;5:25;3:46:48;10:42:17
Ralf;Kern;DE;M50-54;Finish;55:49;2:47;5:50:17;4:34;3:48:51;10:42:18
Dan;Johnsson;SE;M40-44;Finish;1:11:31;4:02;5:18:46;4:19;4:03:49;10:42:27
Umeda;Kohei;JP;M25-29;Finish;1:10:11;6:33;6:09:21;7:33;3:09:12;10:42:50
Karen;Smith;BM;F50-54;Finish;1:06:48;4:26;5:37:19;6:54;3:47:27;10:42:54
angela;ballerini;AU;F45-49;Finish;1:06:37;4:11;5:34:15;3:36;3:54:20;10:42:59
Olivier;Lange;BE;M40-44;Finish;1:09:15;2:37;5:49:46;6:20;3:35:07;10:43:05
James;Myers;US;M45-49;Finish;1:19:17;5:00;5:28:13;5:51;3:45:02;10:43:23
Brian;Anttonen;US;M40-44;Finish;1:10:20;4:35;5:37:01;3:47;3:47:43;10:43:26
Hamish;Deery;AU;M45-49;Finish;1:14:41;4:20;5:36:53;4:12;3:43:27;10:43:33
Winfried;Traub;DE;M55-59;Finish;57:34;4:33;5:15:35;4:12;4:21:42;10:43:36
Jérôme;Philippe;BE;M45-49;Finish;1:07:55;4:09;5:13:23;6:13;4:11:57;10:43:37
Anna;Padlewska;PL;F35-39;Finish;1:04:01;4:47;5:38:26;3:15;3:53:12;10:43:41
François;Reding;BE;M35-39;Finish;1:04:36;4:10;5:19:57;10:18;4:04:57;10:43:58
kazuhiro;miyamura;JP;M35-39;Finish;1:07:27;3:54;5:39:24;3:36;3:49:37;10:43:58
Steven;Vargo;US;M30-34;Finish;1:09:49;4:47;5:43:03;6:20;3:40:07;10:44:06
Rick;Sivertson;US;M50-54;Finish;57:37;4:57;5:33:00;4:53;4:03:40;10:44:07
Aaron;Church;US;M40-44;Finish;1:10:48;4:23;5:41:42;6:27;3:40:48;10:44:08
Marc;Matthys;BE;M55-59;Finish;1:08:33;6:00;5:24:37;4:36;4:00:24;10:44:10
Anais;Labalec;FR;F30-34;Finish;1:02:39;3:10;5:39:54;3:15;3:55:26;10:44:24
Philip;Romanato;FR;M45-49;Finish;1:06:17;3:05;5:29:02;5:16;4:00:45;10:44:25
Andrew;Stevenson;CN;M40-44;Finish;59:00;3:58;5:17:00;6:05;4:18:24;10:44:27
Dave;Tallo;CA;M50-54;Finish;1:07:12;3:13;5:15:16;4:43;4:14:10;10:44:34
Laura;Addie;GB;F18-24;Finish;1:04:45;2:58;5:33:33;3:18;4:00:15;10:44:49
Thierry;Chardin;FR;M50-54;Finish;1:27:32;3:31;5:34:40;5:25;3:33:42;10:44:50
Fabrice;Kuhn;FR;M45-49;Finish;1:08:35;3:05;5:28:13;5:52;3:59:06;10:44:51
Gerardo;Devita;AR;M40-44;Finish;1:10:52;4:31;5:17:20;6:09;4:06:00;10:44:52
Benjamin;Maas;US;M18-24;Finish;1:08:27;4:23;5:56:24;5:56;3:29:47;10:44:57
Dzintars;Kalnins;LV;M40-44;Finish;1:15:44;5:24;5:14:44;6:24;4:02:44;10:45:00
Andreas;Bund;DE;M50-54;Finish;1:19:47;4:08;5:37:16;4:12;3:39:37;10:45:00
Amy;Fuhrmann;US;F35-39;Finish;58:18;4:08;5:47:59;4:16;3:50:24;10:45:05
Olivier;Hutinet;FR;M50-54;Finish;1:09:15;5:02;5:31:57;7:48;3:51:03;10:45:05
Gill;Fullen;GB;F55-59;Finish;1:15:40;3:30;5:41:40;3:51;3:40:30;10:45:11
Darren;Gill;US;M50-54;Finish;1:03:38;3:28;5:05:02;5:34;4:27:32;10:45:14
Tales;Tales Tlaija De Souza;BR;M25-29;Finish;1:05:27;3:24;4:52:09;2:49;4:41:27;10:45:16
Tales;Camargo;BR;M35-39;Finish;1:11:17;3:19;5:10:20;3:49;4:16:32;10:45:17
Andrew;Schleis;US;M45-49;Finish;56:35;3:36;5:41:16;4:54;3:59:09;10:45:30
Benjamin;Bostrom;US;M45-49;Finish;1:18:08;4:07;5:06:34;6:34;4:10:18;10:45:41
Olivier;ABSOUS;FR;M40-44;Finish;59:00;4:06;5:35:32;6:39;4:00:25;10:45:42
Friederike;Edelmann;DE;F45-49;Finish;1:05:16;3:35;5:51:38;2:40;3:42:37;10:45:46
Andrew;Powell;CA;M40-44;Finish;1:04:18;3:04;5:27:30;8:51;4:02:07;10:45:50
Christian Paron;Franceschini;FR;M50-54;Finish;1:06:29;5:28;5:24:42;6:55;4:02:30;10:46:04
Monique;Grossrieder;CH;F40-44;Finish;1:11:39;3:46;5:44:35;4:02;3:42:20;10:46:22
Andy;Giles;GB;M45-49;Finish;1:11:18;3:13;5:25:57;5:16;4:00:52;10:46:36
Natalie;Rec;SE;F30-34;Finish;1:03:47;2:37;5:36:58;4:22;3:58:54;10:46:38
INABA;AKIKO;JP;F25-29;Finish;58:45;3:21;5:43:40;3:48;3:57:14;10:46:48
Kimiko;Uji;JP;F35-39;Finish;1:05:26;3:41;5:57:35;4:05;3:36:09;10:46:56
Henk;Van Laar;NL;M55-59;Finish;1:12:01;4:09;5:20:06;5:35;4:05:06;10:46:57
Jürgen;Meurer;DE;M55-59;Finish;1:08:26;3:21;5:18:31;3:54;4:12:52;10:47:04
Luca;Daledo;IT;M35-39;Finish;1:08:29;3:41;5:21:08;3:28;4:10:32;10:47:18
Silke;Piri;DE;F35-39;Finish;1:21:42;3:24;5:50:18;4:00;3:27:55;10:47:19
Stephen;Tetley;AU;M45-49;Finish;1:06:14;4:20;5:20:42;6:12;4:09:53;10:47:21
Carsten;Im Brahm;DE;M45-49;Finish;1:01:34;5:46;5:42:31;9:36;3:47:58;10:47:25
Chin Tsai;Lin;TW;M45-49;Finish;1:11:03;4:06;5:32:09;6:06;3:54:04;10:47:28
Olaf;Krüger;DE;M50-54;Finish;1:09:16;2:55;5:31:47;4:38;3:58:53;10:47:29
Alexander;Meier;CH;M35-39;Finish;1:05:42;3:57;5:26:43;5:19;4:05:50;10:47:31
Sergio;Florian;AR;M40-44;Finish;1:04:02;3:40;5:30:18;8:55;4:00:37;10:47:32
Sean;Barker;AU;M40-44;Finish;1:09:18;5:20;5:37:32;4:10;3:51:21;10:47:41
Geoff;Miller;AU;M45-49;Finish;1:08:11;5:34;5:34:58;6:47;3:52:20;10:47:50
JF;Gosselin;CA;M40-44;Finish;1:15:06;4:44;5:35:10;6:12;3:46:45;10:47:57
Marni;Sumbal;US;F35-39;Finish;59:36;4:12;5:27:49;3:47;4:12:38;10:48:02
Josef;Pavlík;CZ;M45-49;Finish;1:15:22;5:44;5:44:22;4:56;3:37:40;10:48:04
Felipe;Freitas;BR;M40-44;Finish;1:04:06;5:21;5:46:59;8:01;3:43:47;10:48:14
Keish;Doi;US;M50-54;Finish;1:10:56;2:40;5:21:30;3:06;4:10:06;10:48:18
Trevor;Buchanan;AU;M55-59;Finish;1:16:07;4:51;5:28:12;4:37;3:54:32;10:48:19
Brittany;Vocke;US;F30-34;Finish;56:20;3:48;6:00:31;3:27;3:44:16;10:48:22
Laurent;Leherisse;FR;M45-49;Finish;1:13:32;5:02;5:25:45;5:22;3:58:44;10:48:25
Christoph;Englert;DE;M55-59;Finish;1:06:13;5:00;5:23:24;5:05;4:08:50;10:48:32
Robert;Loveridge;NZ;M50-54;Finish;1:09:59;4:05;5:34:48;4:55;3:54:51;10:48:38
Genjiro;Wakayama;JP;M40-44;Finish;59:05;4:32;5:48:50;3:57;3:52:17;10:48:41
Kirsty;Sheehan;AU;F40-44;Finish;1:02:42;3:27;5:55:13;3:25;3:44:09;10:48:56
Matt;Kelly;AU;M45-49;Finish;1:03:27;4:33;5:44:22;6:31;3:50:06;10:48:59
Margit;Messinger-Walek;AT;F45-49;Finish;1:21:15;3:20;5:33:27;5:18;3:45:39;10:48:59
Patrick;Dwyer;US;M45-49;Finish;1:07:45;4:22;5:43:14;4:58;3:48:41;10:49:00
Eric;Hagenow;DE;M50-54;Finish;59:41;3:12;5:17:17;4:03;4:24:58;10:49:11
Alizee;Parmentelat;FR;F25-29;Finish;59:54;3:54;5:47:06;6:36;3:51:46;10:49:16
Kean;Mihata;US;M45-49;Finish;1:19:45;3:13;5:43:38;3:40;3:39:00;10:49:16
Holger;Wilmsmann;DE;M55-59;Finish;1:22:32;3:29;5:31:29;4:09;3:47:48;10:49:27
Monika;Tschudi;CH;F35-39;Finish;1:20:47;4:58;5:40:33;5:48;3:37:29;10:49:35
Flavio da;Miranda;BR;M45-49;Finish;1:07:15;4:15;5:30:42;5:58;4:01:31;10:49:41
Dwayne;Smith;US;M45-49;Finish;1:10:10;5:00;5:51:29;6:36;3:36:28;10:49:43
Daryl;Smith;US;M50-54;Finish;1:06:25;4:33;5:43:11;4:52;3:50:49;10:49:50
Thomas Peter;Tzschentke;DE;M50-54;Finish;1:21:15;6:06;5:30:35;6:55;3:45:07;10:49:58
원석;정;KR;M35-39;Finish;1:09:44;3:52;5:26:33;4:55;4:05:09;10:50:13
Carolyn;Olsen;US;F30-34;Finish;1:11:04;3:30;5:37:30;2:50;3:55:22;10:50:16
Kevin;Fennessy;IE;M40-44;Finish;1:19:33;4:46;5:20:06;6:40;3:59:13;10:50:18
Gregor;Elskamp;DE;M45-49;Finish;55:40;4:43;5:34:03;5:48;4:10:05;10:50:19
Dana;Gravina;US;M40-44;Finish;1:03:58;5:59;5:36:43;7:32;3:56:10;10:50:22
Stéphane;Briquez;FR;M45-49;Finish;1:10:02;3:34;5:29:04;6:27;4:01:31;10:50:38
Elena;Cavallasca;CH;F40-44;Finish;1:12:21;4:10;5:38:03;4:40;3:51:28;10:50:42
Jennifer;Stewart;GB;F35-39;Finish;1:00:04;3:40;5:44:18;5:06;3:57:39;10:50:47
Carly;Killam;US;F35-39;Finish;1:04:19;3:20;5:38:13;4:45;4:00:14;10:50:51
Gerhard;Müller;AT;M55-59;Finish;1:24:08;3:55;5:24:33;5:43;3:52:42;10:51:01
Stefan;Bolling;SE;M45-49;Finish;1:02:50;4:00;5:40:58;5:01;3:58:14;10:51:03
Hebding;Marion;DE;F50-54;Finish;1:12:32;3:56;5:32:54;3:56;3:57:45;10:51:03
Oliver;Michel;DE;M50-54;Finish;1:18:04;4:16;5:49:23;4:12;3:35:19;10:51:14
Karin;Rameder;AT;F40-44;Finish;1:15:21;3:50;5:39:35;5:25;3:47:12;10:51:23
Anders;Ellow;SE;M35-39;Finish;1:07:55;4:37;5:29:57;8:35;4:00:23;10:51:27
Mathias;Artmayr;AT;M18-24;Finish;1:02:39;2:43;5:07:36;4:02;4:34:35;10:51:35
Rahel;Bellinga;NL;F50-54;Finish;1:06:48;4:31;5:23:56;6:49;4:09:42;10:51:46
Udo;Weinmann;DE;M55-59;Finish;59:38;3:01;5:24:59;5:13;4:18:55;10:51:46
Jeffrey;Garvey;US;M50-54;Finish;1:08:21;3:08;5:35:13;5:21;3:59:46;10:51:49
Amanda;Almond;US;F25-29;Finish;1:09:02;3:40;5:47:17;3:28;3:48:35;10:52:02
Kai;Hundertmarck;DE;M50-54;Finish;1:14:30;4:03;5:14:43;8:41;4:10:18;10:52:15
Michel;Morret;FR;M60-64;Finish;1:10:31;4:29;5:43:04;5:06;3:49:07;10:52:17
Magnus;Andersson;SE;M45-49;Finish;1:09:58;3:46;5:27:10;6:05;4:05:23;10:52:22
Doug;Ross;US;M55-59;Finish;1:09:13;4:25;5:41:35;3:40;3:53:34;10:52:27
Artur;Praun;EE;M45-49;Finish;1:09:53;6:17;5:46:21;7:39;3:42:26;10:52:36
Mele;DeMille;US;F35-39;Finish;1:08:07;3:20;5:58:13;3:19;3:39:38;10:52:37
Herbert;De Vries;DE;M50-54;Finish;1:14:27;5:42;5:37:38;6:23;3:48:27;10:52:37
Søren;Raunholt;DK;M40-44;Finish;1:25:32;4:51;5:34:32;5:00;3:42:47;10:52:42
Casey;Arbenz;US;M40-44;Finish;1:09:46;4:30;5:26:19;6:23;4:05:47;10:52:45
Con;Ring;IE;M45-49;Finish;1:13:41;3:36;5:31:00;4:03;4:00:27;10:52:47
Carla;Iannarelli;AR;F35-39;Finish;1:09:12;2:40;5:38:42;4:59;3:57:15;10:52:48
Chad;Albright;US;M45-49;Finish;1:09:58;6:30;5:36:00;7:01;3:53:21;10:52:50
Peter;Weiß;DE;M50-54;Finish;1:07:24;4:20;5:31:42;9:27;4:00:13;10:53:06
Pau;Davi Roca;ES;M40-44;Finish;1:10:24;3:24;5:57:24;4:49;3:37:12;10:53:13
Elizabeth;Magiera-Abel;US;F30-34;Finish;59:42;4:15;5:46:44;4:57;3:57:44;10:53:22
Eriko;Hosokawa;ZZ;F40-44;Finish;1:10:31;4:12;6:07:53;2:32;3:28:19;10:53:27
Marcus;Smith;AU;M45-49;Finish;1:07:57;4:03;5:15:08;6:09;4:20:12;10:53:29
David;Burger;US;M50-54;Finish;1:11:59;3:36;5:25:46;8:09;4:04:28;10:53:58
Britni;Bakk;US;F50-54;Finish;1:05:17;3:04;5:47:09;2:47;3:56:15;10:54:32
Heike;Brendemühl;DE;F30-34;Finish;1:09:01;3:27;5:27:41;4:09;4:10:18;10:54:36
Geoff;Zubay;US;M50-54;Finish;1:03:34;4:50;5:24:29;5:05;4:16:40;10:54:38
Knud Erik;Knudsen;DK;M55-59;Finish;1:12:03;4:58;5:27:36;4:00;4:06:04;10:54:41
Koen;De Weerdt;BE;M40-44;Finish;54:54;2:53;4:59:33;4:52;4:52:57;10:55:09
John;Mergler;AU;M60-64;Finish;1:15:05;4:59;5:38:58;7:13;3:48:54;10:55:09
Yan;Payen;MC;M45-49;Finish;1:18:10;4:38;5:29:26;6:25;3:56:35;10:55:14
Yoshitomo;Utsumi;JP;M45-49;Finish;1:18:37;5:15;5:42:02;6:18;3:43:13;10:55:25
Henrik;Toftegaard Madsen;DK;M45-49;Finish;1:26:36;3:42;5:17:38;4:02;4:03:27;10:55:25
Oliver;Klaus;CH;M45-49;Finish;1:19:50;3:02;5:28:12;3:15;4:01:14;10:55:33
Björn;Blazynski;DE;M55-59;Finish;1:14:33;5:22;5:37:59;7:32;3:50:08;10:55:34
Erko;Selde;EE;M25-29;Finish;1:14:43;5:25;5:29:43;7:29;3:58:19;10:55:39
Phil;Ellison;GB;M40-44;Finish;1:04:10;4:00;5:19:03;6:11;4:22:23;10:55:47
In Sik;Lee;KR;M40-44;Finish;1:20:22;3:09;5:22:47;5:18;4:04:13;10:55:49
Frida;Hedman;SE;F30-34;Finish;1:07:02;4:25;5:47:51;2:53;3:53:42;10:55:53
Andy;Ley;GB;M50-54;Finish;1:17:59;4:59;5:33:05;3:17;3:56:35;10:55:55
Ghislain;Grandisson;CA;M60-64;Finish;1:04:28;4:24;5:43:21;5:36;3:58:06;10:55:55
Noriyuki;Akiba;JP;M45-49;Finish;1:01:06;5:24;5:41:47;6:17;4:01:23;10:55:57
John;Cymanski;US;M50-54;Finish;1:16:30;4:34;5:24:06;6:07;4:04:46;10:56:03
Daniela;Schwarz;CH;F30-34;Finish;1:16:21;4:01;5:44:49;5:15;3:45:42;10:56:08
Juan Carlos;Colin Fiche;MX;M45-49;Finish;1:10:51;7:18;5:52:53;7:10;3:37:57;10:56:09
Nicholas;Cumings;US;M40-44;Finish;1:11:13;3:16;5:38:05;5:32;3:58:03;10:56:09
Salim;Mohamed;GB;M50-54;Finish;1:15:33;4:46;5:51:12;6:08;3:38:34;10:56:13
Haitske;Overbeek;NL;F40-44;Finish;1:12:30;3:18;5:34:44;4:21;4:01:24;10:56:17
Billy;Busko;US;M55-59;Finish;1:12:01;3:50;5:35:50;3:28;4:01:30;10:56:39
Gilian;Oriet;CH;M35-39;Finish;58:49;4:26;5:21:57;6:50;4:25:09;10:57:11
Richard;Stacey;AU;M55-59;Finish;1:17:31;4:06;5:51:32;4:24;3:39:41;10:57:14
Michael;Rubey;DE;M50-54;Finish;1:13:42;5:16;5:35:31;6:17;3:56:29;10:57:15
jiro;kaisaka;JP;M45-49;Finish;1:12:50;4:05;5:45:52;3:10;3:51:20;10:57:17
Jacqueline;Kallina;AT;F25-29;Finish;1:05:41;4:06;5:37:42;5:53;4:04:07;10:57:29
Ignacio;Herrero Martin-Berrocal;ES;M25-29;Finish;59:21;2:35;5:06:14;4:42;4:44:46;10:57:38
Katja;Stoecker;DE;F35-39;Finish;1:24:30;5:03;5:38:26;6:39;3:43:04;10:57:42
Nicholas;Brown;US;M35-39;Finish;59:10;2:49;5:01:34;4:36;4:49:33;10:57:42
Mathieu;Bigand;FR;M40-44;Finish;1:13:24;4:47;5:36:47;4:57;3:57:54;10:57:49
Eva;Berger;AT;F18-24;Finish;1:07:11;2:42;5:47:58;3:18;3:56:46;10:57:55
Robert;Spina Jr;US;M55-59;Finish;1:04:52;4:57;5:34:52;11:31;4:01:45;10:57:57
Andrea;Wallimann;AT;F35-39;Finish;1:02:15;3:19;5:54:54;3:16;3:54:15;10:57:59
Morten;Kragh;DK;M35-39;Finish;1:17:50;3:36;5:31:13;5:35;3:59:52;10:58:06
Christina;Charles;CA;F25-29;Finish;1:00:01;4:22;6:08:30;6:30;3:38:48;10:58:11
Jeff;Crosby;US;M55-59;Finish;1:10:39;4:38;5:32:02;6:04;4:04:53;10:58:16
Holli;Finneren;US;F30-34;Finish;1:17:36;5:13;5:31:51;4:39;3:59:04;10:58:23
Claire;Robinson;CA;F18-24;Finish;1:02:04;4:50;5:36:35;3:24;4:11:35;10:58:28
Josefine;Rutkowski;DE;F30-34;Finish;1:10:53;3:20;5:55:51;2:59;3:45:26;10:58:29
Petra;Paule;DE;F40-44;Finish;1:23:59;2:42;5:45:28;3:22;3:43:06;10:58:37
Roy;Edwards;AU;M50-54;Finish;1:05:56;5:35;5:30:39;5:21;4:11:09;10:58:40
Guadalupe;Diaz Sebriano;AR;F18-24;Finish;1:05:56;2:20;5:49:36;3:18;3:57:31;10:58:41
Penelope;Gooding;AU;F40-44;Finish;1:11:50;4:11;5:51:58;3:36;3:47:10;10:58:45
Charles;Ashwanden;GB;M50-54;Finish;1:16:09;6:54;5:27:42;10:17;3:58:01;10:59:03
Rodrigo;Cuccaro;AR;M45-49;Finish;58:59;3:10;5:17:11;5:23;4:34:22;10:59:05
Matthew;Smith;GB;M30-34;Finish;1:03:55;6:21;5:34:41;8:03;4:06:05;10:59:05
Torsten;Holz;DE;M30-34;Finish;1:03:37;4:10;5:28:06;4:53;4:18:20;10:59:06
Luciano;Ramos;BR;M40-44;Finish;1:18:12;5:17;5:31:29;4:30;3:59:46;10:59:14
Timothy;Gerry;US;M45-49;Finish;1:09:15;4:39;5:45:10;8:02;3:52:16;10:59:22
Sabine;Lischka;DE;F25-29;Finish;1:03:46;3:23;5:38:21;3:12;4:10:57;10:59:39
Geert;Byttebier;BE;M50-54;Finish;1:12:08;4:10;5:17:48;4:14;4:21:40;11:00:00
Adrian;Simkins;AU;M45-49;Finish;1:16:30;4:09;6:12:23;4:10;3:22:51;11:00:03
Aleksey;Shloyda;RU;M40-44;Finish;1:23:20;4:55;5:35:57;5:43;3:50:12;11:00:07
Cristina;Mata;PA;F30-34;Finish;1:08:11;3:01;5:30:48;3:25;4:14:44;11:00:09
Ben;Folmer;AU;M40-44;Finish;1:05:10;5:43;5:52:29;7:26;3:49:23;11:00:11
O-Jin;Kim;KR;M50-54;Finish;1:17:00;6:23;5:43:07;5:30;3:48:15;11:00:15
Hector;Haussen;BR;M25-29;Finish;1:08:06;4:01;5:29:56;4:20;4:13:56;11:00:19
Kathleen;Bourchier;AU;F40-44;Finish;1:05:29;5:01;5:44:56;5:48;3:59:05;11:00:19
Belinda;Ortega;VE;F25-29;Finish;1:16:00;4:47;5:49:29;4:47;3:45:19;11:00:22
Georgia;Turner;GB;F25-29;Finish;1:16:08;4:57;5:57:38;3:49;3:37:58;11:00:30
Jens;Böttcher;DE;M50-54;Finish;1:11:18;3:56;5:43:46;3:24;3:58:14;11:00:38
James;O'sullivan;GB;M35-39;Finish;59:38;3:24;5:18:12;4:05;4:35:22;11:00:41
Nick;Serratore;US;M30-34;Finish;1:09:21;4:48;5:13:05;5:29;4:28:07;11:00:50
Alexandra;Mann;US;F35-39;Finish;1:22:10;4:19;5:31:33;3:09;3:59:43;11:00:54
Ida;Ellow;SE;F25-29;Finish;1:17:40;4:06;5:44:51;5:41;3:48:54;11:01:12
Carsten;König;DE;M50-54;Finish;1:06:16;3:08;5:22:37;5:17;4:23:55;11:01:13
Cailla;Patterson;CA;F45-49;Finish;1:12:49;5:01;5:55:10;3:58;3:44:17;11:01:15
Mirella;Karlsson;SE;F40-44;Finish;1:07:17;3:16;5:50:13;7:02;3:53:31;11:01:19
Wolfgang;Pflamitzer;AT;M50-54;Finish;1:14:39;3:17;5:39:29;5:17;3:58:43;11:01:25
Alain;Ricouart;FR;M50-54;Finish;1:23:03;5:12;5:39:32;6:20;3:47:34;11:01:41
Katie;Gollotto;US;F40-44;Finish;1:27:41;5:42;5:41:43;5:04;3:41:34;11:01:44
Cecilie;Holst;DK;F30-34;Finish;1:01:09;2:43;5:38:43;3:28;4:16:02;11:02:05
Udo;Volz;DE;M55-59;Finish;1:10:54;3:48;5:31:23;3:52;4:12:33;11:02:30
Leighton;Rogan;AU;M45-49;Finish;1:03:22;6:23;5:31:26;7:38;4:13:43;11:02:32
Jason;Corbett;IE;M40-44;Finish;1:15:00;4:46;5:29:47;5:09;4:08:00;11:02:42
Manfred;Reinhart;ZA;M60-64;Finish;1:14:14;3:47;5:33:33;4:35;4:06:38;11:02:47
Ken;Wood;US;M50-54;Finish;1:03:05;6:32;5:30:47;4:32;4:17:56;11:02:52
Kurt;Kriechbaum;AT;M50-54;Finish;1:08:45;3:04;5:38:28;5:41;4:06:59;11:02:57
Olaf;Richter;DE;M50-54;Finish;1:09:30;4:01;5:23:53;6:42;4:18:57;11:03:03
Craig;Hartley;GB;M35-39;Finish;1:11:47;3:06;5:38:36;3:43;4:05:51;11:03:03
Shari;Livingston;AU;F30-34;Finish;1:04:57;4:39;5:51:52;6:29;3:55:09;11:03:06
Tobias;May;DE;M35-39;Finish;59:34;3:27;5:03:43;5:35;4:50:58;11:03:17
Guillermo;Raczkowski;AR;M50-54;Finish;1:11:47;5:12;5:31:54;6:45;4:07:47;11:03:25
Juergen;Penert;DE;M55-59;Finish;1:09:24;4:48;5:37:10;5:49;4:06:26;11:03:37
Barbara;Perkins;US;F30-34;Finish;59:57;3:24;6:08:49;3:22;3:48:10;11:03:42
Johanna;Lahikainen;FI;F30-34;Finish;1:14:17;5:36;5:34:18;14:52;3:54:44;11:03:47
Martin;Goodlad;GB;M45-49;Finish;58:14;3:20;5:33:45;8:56;4:19:32;11:03:47
Tracy;Campbell;US;F40-44;Finish;1:10:53;3:55;5:50:51;3:24;3:54:46;11:03:49
Judith;Bongard;CH;F35-39;Finish;1:12:18;4:28;5:41:09;5:45;4:00:32;11:04:12
Alysha;Krall;US;F30-34;Finish;1:16:32;4:00;5:35:44;3:41;4:04:20;11:04:17
Greg;Schaefer;US;M40-44;Finish;1:11:00;4:34;5:52:46;3:45;3:52:16;11:04:21
Claudia Fernanda;Arguijo Aguirre;MX;F18-24;Finish;1:03:01;3:28;5:55:55;3:46;3:58:17;11:04:27
Lori;Sherlock;US;F40-44;Finish;1:03:20;3:54;5:39:06;3:13;4:14:55;11:04:28
Jeffrey;Warshaw;US;M55-59;Finish;1:24:55;6:14;5:47:59;7:52;3:37:44;11:04:44
Robert;Sabo;US;M55-59;Finish;1:16:43;6:45;6:04:23;5:22;3:31:36;11:04:49
Ingolf;Zschockelt;DE;M50-54;Finish;1:09:33;3:01;5:46:44;4:41;4:00:56;11:04:55
Sam;Thompson;GB;M35-39;Finish;1:05:50;3:11;5:39:22;4:52;4:11:48;11:05:03
Dan;Falke;US;M55-59;Finish;1:11:51;4:33;5:38:55;5:26;4:04:18;11:05:03
Fernando;Garrocho Orellana;ES;M45-49;Finish;59:04;2:21;5:39:33;11:46;4:12:23;11:05:07
Christine;Sonnemann;US;F40-44;Finish;1:11:54;4:06;5:32:14;5:30;4:11:30;11:05:14
Maria;De La Torre Tevar;ES;F35-39;Finish;1:04:53;4:05;6:01:24;3:21;3:51:32;11:05:15
Warwick;Sinclair;AU;M55-59;Finish;1:09:14;4:30;5:53:59;4:59;3:52:34;11:05:16
Lisandro;Jacobus;BR;M45-49;Finish;1:09:06;5:23;5:33:07;5:52;4:12:01;11:05:29
Michael;Didham;CA;M40-44;Finish;1:12:14;3:35;5:21:03;5:40;4:23:00;11:05:32
Peter;Wilkinson;NZ;M45-49;Finish;1:07:43;4:12;5:42:54;5:39;4:05:17;11:05:45
Kami;Banks;US;F40-44;Finish;1:14:25;4:11;5:52:30;5:19;3:49:26;11:05:51
Christopher;Vosloo;ZA;M50-54;Finish;1:08:41;4:39;5:17:22;6:48;4:28:22;11:05:52
Brian;Hamilton;US;M45-49;Finish;1:09:19;7:13;5:36:09;8:18;4:04:57;11:05:56
Krzysztof;Alchimowicz;PL;M50-54;Finish;1:22:14;4:31;6:02:32;5:31;3:31:11;11:05:59
Logan;Kelso;US;M30-34;Finish;1:03:07;5:57;5:54:26;7:44;3:55:17;11:06:31
Stefan;Mayr;AT;M45-49;Finish;1:02:06;2:55;5:34:19;5:19;4:21:53;11:06:32
Donna;Phelan;CA;F45-49;Finish;1:02:29;3:52;5:46:58;5:41;4:07:34;11:06:34
Lauren;Harrison;US;F40-44;Finish;1:05:22;4:40;5:45:08;4:30;4:07:04;11:06:44
Imelda;Muller;US;F25-29;Finish;1:08:01;3:45;5:47:18;3:04;4:04:44;11:06:52
Saulo;Rabelo Lima Verde;BR;M50-54;Finish;1:12:51;5:09;5:33:37;4:53;4:10:23;11:06:53
Ryan;Marzen;US;M30-34;Finish;1:17:58;5:49;6:03:22;7:49;3:31:55;11:06:53
Patrick;Martin;CA;M18-24;Finish;1:20:40;6:25;6:00:33;7:20;3:31:58;11:06:56
Martin;Howie;GB;M50-54;Finish;1:06:09;3:34;5:44:47;4:07;4:08:23;11:07:00
Steeve;Vigneault;CA;M40-44;Finish;1:16:51;5:46;5:21:39;5:34;4:17:22;11:07:12
Edith;Pepin;CA;F30-34;Finish;1:20:18;4:26;5:52:44;3:49;3:45:56;11:07:13
Quang;Nguyen;US;M45-49;Finish;1:06:03;4:18;5:40:29;5:36;4:10:48;11:07:14
Hans Ove;Grøntvedt;NO;M40-44;Finish;1:28:24;3:41;5:07:57;6:06;4:21:12;11:07:20
Julia;Wilkes;CA;F35-39;Finish;1:18:59;3:56;5:36:04;3:44;4:04:47;11:07:30
Laura;Ballou;US;F35-39;Finish;1:10:56;5:43;5:44:34;9:16;3:57:14;11:07:43
PABLO;URETA;AR;M40-44;Finish;59:26;2:25;5:24:46;5:39;4:35:34;11:07:50
Kaja Wright;Bergwitz-Larsen;NO;F25-29;Finish;1:09:03;3:10;5:54:25;4:14;3:57:05;11:07:57
Shannon;Lourens;ZA;F30-34;Finish;1:10:27;4:09;5:40:21;4:31;4:08:39;11:08:07
Charles;Segard;FR;M45-49;Finish;1:26:56;8:17;5:48:12;5:56;3:38:48;11:08:09
Dennis;Van Der Meer;NL;M55-59;Finish;1:14:20;4:42;5:45:58;3:40;3:59:41;11:08:21
Justin;Gaffney;ZA;M40-44;Finish;1:11:40;4:15;5:30:37;4:41;4:17:09;11:08:22
Alison;Miller;US;F40-44;Finish;1:19:08;5:04;5:51:02;5:21;3:47:48;11:08:23
Graeme;Ferguson;NZ;M55-59;Finish;1:21:26;4:03;5:39:18;4:23;3:59:14;11:08:24
William;Owsley;US;M50-54;Finish;1:08:36;4:58;5:20:21;6:36;4:28:02;11:08:33
Kathryn;Krosch;AU;F25-29;Finish;1:14:30;4:10;5:37:17;3:00;4:09:47;11:08:44
Tomohiro;Goda;JP;M18-24;Finish;1:09:32;4:18;5:25:52;3:17;4:25:55;11:08:54
Heidi;Sowerby;AU;F45-49;Finish;1:10:06;3:36;5:42:53;4:32;4:08:29;11:09:36
Glenn;Olsen;US;M50-54;Finish;1:08:28;4:47;5:13:21;6:45;4:36:26;11:09:47
John;Barker;US;M50-54;Finish;1:14:21;8:28;5:29:58;7:25;4:09:40;11:09:52
Harris;Louise;GB;F40-44;Finish;1:13:57;5:05;5:40:46;5:15;4:04:52;11:09:55
Dean;Holwill;AU;M50-54;Finish;1:11:00;5:50;5:41:20;6:07;4:05:39;11:09:56
Lynda;Gingras;CA;F35-39;Finish;1:12:33;2:58;6:06:13;4:05;3:44:08;11:09:57
Damian;Gillard;AU;M45-49;Finish;1:01:58;4:12;5:37:27;5:09;4:21:16;11:10:02
Bernardo;Liguori;AR;M45-49;Finish;1:09:34;4:29;5:22:31;4:05;4:29:29;11:10:08
Jennifer;Smith;US;F45-49;Finish;1:12:25;5:17;5:52:23;6:25;3:53:41;11:10:11
Francesca;Rigo;IT;F45-49;Finish;1:21:03;5:32;6:02:15;6:13;3:35:24;11:10:27
Alain;Perroteau;FR;M60-64;Finish;1:17:47;3:44;5:24:05;8:03;4:16:51;11:10:30
Arjen;Langbroek;NL;M55-59;Finish;1:26:04;4:37;5:56:43;5:35;3:37:33;11:10:32
William;Ludington;US;M50-54;Finish;1:18:45;4:15;5:34:51;6:32;4:06:10;11:10:33
Henning;Schüler;DE;M50-54;Finish;1:00:08;4:09;5:56:23;4:52;4:05:02;11:10:34
;;GB;F25-29;Finish;1:12:36;4:56;5:51:31;2:42;3:58:53;11:10:38
Michael;Stucki;CH;M45-49;Finish;1:28:31;5:09;5:35:52;4:24;3:57:18;11:11:14
Juliana;Villasante;MX;F25-29;Finish;1:01:18;2:53;5:55:50;3:48;4:07:28;11:11:17
Alison;Coote;AU;F50-54;Finish;1:11:58;4:09;5:59:46;3:37;3:51:55;11:11:25
Darren;Pesich;AU;M45-49;Finish;1:10:27;5:48;5:54:22;4:17;3:56:51;11:11:45
Josh;Beck;US;M40-44;Finish;1:37:29;10:53;5:07:16;8:45;4:07:32;11:11:55
Jonathan;Minto;CA;M55-59;Finish;1:17:28;3:41;5:48:47;4:16;3:57:56;11:12:08
Kaisa;Jakobsen;FI;F55-59;Finish;1:13:10;4:07;5:53:33;4:49;3:56:40;11:12:19
Jess;Perry;US;F35-39;Finish;1:12:41;3:28;5:59:37;4:33;3:52:19;11:12:38
Marko;Lampela;FI;M50-54;Finish;1:09:30;4:50;5:38:34;6:12;4:13:35;11:12:41
Judit;Andrassy;DE;F25-29;Finish;1:07:03;4:04;5:54:53;3:47;4:03:07;11:12:54
Darren;Dillon;AU;M50-54;Finish;1:16:31;3:22;5:52:51;4:47;3:55:24;11:12:55
Lothar;Richthammer;DE;M60-64;Finish;1:23:23;4:04;5:37:17;5:15;4:03:05;11:13:04
David;Zimmet;US;M40-44;Finish;59:17;4:38;5:28:45;6:48;4:33:50;11:13:18
Felipe;Mora;CO;M30-34;Finish;1:01:49;3:16;5:03:14;3:26;5:01:48;11:13:33
Eve;O'Hare;AU;F40-44;Finish;1:16:18;3:32;5:55:08;3:38;3:55:19;11:13:55
David;Chene;US;M40-44;Finish;1:13:13;3:29;5:36:56;4:23;4:16:22;11:14:23
Bryan;Shiflett;US;M45-49;Finish;1:03:50;4:01;5:31:56;5:55;4:28:43;11:14:25
Tomotaka;Fukushi;JP;M40-44;Finish;1:14:03;5:00;5:55:01;5:26;3:55:01;11:14:31
Ralf;Preissl;DE;M40-44;Finish;1:05:18;5:11;5:32:10;5:30;4:26:29;11:14:38
Jamie;Mcintyre-Brown;GB;M45-49;Finish;1:12:41;3:50;5:47:38;4:16;4:06:34;11:14:59
Frank;Weber;DE;M50-54;Finish;1:21:58;4:45;5:46:49;3:59;3:57:33;11:15:04
Jaclyn;Nasser;US;F35-39;Finish;1:02:53;3:26;5:54:58;6:41;4:07:10;11:15:08
Gerald;Bachmann;CH;M55-59;Finish;1:09:09;4:19;5:22:33;4:11;4:34:57;11:15:09
Lena;Westman;SE;F40-44;Finish;1:16:35;4:02;5:48:43;3:56;4:01:54;11:15:10
Witold;Lipski;US;M40-44;Finish;1:12:34;4:40;5:47:07;7:02;4:03:54;11:15:17
Martin;Schulz;DE;M50-54;Finish;1:16:00;4:26;5:36:03;7:35;4:11:13;11:15:17
Jean-François;Champoux;CA;M50-54;Finish;1:12:07;5:05;5:50:44;6:37;4:01:06;11:15:39
Mackenzie;Norman;US;F25-29;Finish;1:07:53;5:19;5:52:20;6:55;4:03:35;11:16:02
Mark;Patterson;GB;M45-49;Finish;1:16:07;5:17;5:46:31;4:57;4:03:13;11:16:05
Ole;Loumann;DK;M60-64;Finish;1:22:31;4:56;5:51:02;6:26;3:51:17;11:16:12
Mathilde;Hanuise;BE;F25-29;Finish;1:08:40;4:49;5:56:28;4:06;4:02:15;11:16:18
Maria Remedios;Carrasco Tavero;ES;F45-49;Finish;1:12:43;4:21;6:14:18;5:11;3:39:48;11:16:21
Marc;Arseneau;CA;M50-54;Finish;1:05:56;3:49;5:18:39;4:52;4:43:09;11:16:25
Marla;Zucht;CA;F45-49;Finish;1:21:27;4:48;5:52:12;4:02;3:53:57;11:16:26
Manfred;Latini;AT;M60-64;Finish;1:27:07;3:14;5:51:02;4:40;3:50:26;11:16:29
Daragh;Hendley;IE;M45-49;Finish;1:18:31;7:09;5:26:59;8:39;4:15:13;11:16:31
Scott;Bayvel;ZA;M25-29;Finish;53:03;2:54;4:53:06;3:44;5:24:05;11:16:52
Michael;Wroblewski;US;M55-59;Finish;1:03:01;3:58;5:45:33;5:28;4:19:06;11:17:06
Aurelio;Perez San Miguel;ES;M50-54;Finish;1:24:36;4:41;5:59:20;6:29;3:42:07;11:17:13
Jean-Baptiste;Roux;FR;M35-39;Finish;1:13:14;5:35;5:32:44;5:23;4:20:23;11:17:19
Grant;Carter-Moore;GB;M35-39;Finish;1:13:21;3:38;5:29:54;4:49;4:25:42;11:17:24
Kazuya;Yamamuro;JP;M60-64;Finish;1:16:59;6:45;5:57:21;6:52;3:49:38;11:17:35
Andrew;Robertson;ZA;M45-49;Finish;1:21:27;7:06;5:50:19;6:17;3:52:57;11:18:06
Gwendolyn;Steves;US;F40-44;Finish;1:10:12;4:34;5:34:51;6:01;4:22:35;11:18:13
Jonathan;Bottoms;US;M45-49;Finish;1:03:12;4:18;5:44:36;7:49;4:18:20;11:18:15
Katherine;Smallcombe;AU;F45-49;Finish;1:11:00;3:27;5:44:43;4:37;4:14:43;11:18:30
Kristen;Lamb;US;F45-49;Finish;1:17:58;4:49;6:02:33;4:14;3:49:00;11:18:34
John;Wilson;US;M60-64;Finish;1:13:40;3:47;5:38:09;4:37;4:18:26;11:18:39
Rosanne;De Boer;NL;F25-29;Finish;1:01:39;3:00;5:47:30;3:36;4:23:00;11:18:45
Nicky;Detry;BE;M45-49;Finish;1:10:37;4:23;5:57:41;4:19;4:01:47;11:18:47
Fabia;Maramotti;IT;F18-24;Finish;56:53;3:17;5:25:57;4:59;4:48:17;11:19:23
glen;mcskimming;NZ;M50-54;Finish;1:06:15;3:59;5:33:33;4:03;4:31:47;11:19:37
Daniel;Brewer;US;M50-54;Finish;1:22:02;6:43;5:59:07;7:11;3:44:38;11:19:41
Rie;Nagayama;JP;F40-44;Finish;1:04:35;5:05;5:51:39;8:41;4:09:48;11:19:48
Sean;Henderson;CA;M30-34;Finish;1:09:11;6:08;5:27:26;7:18;4:29:49;11:19:52
Catherine;Houseaux;FR;F55-59;Finish;1:15:40;4:05;6:01:41;5:09;3:53:27;11:20:02
Audra;Adair;US;F40-44;Finish;1:23:50;4:14;5:46:40;4:31;4:01:00;11:20:15
Thatcher;Shepard;US;M18-24;Finish;52:37;3:40;6:18:40;6:56;3:58:41;11:20:34
Gustav;Hansson;SE;M18-24;Finish;1:09:26;4:12;5:27:40;5:06;4:34:16;11:20:40
Peter;Karlsson;SE;M50-54;Finish;1:22:11;7:29;5:36:43;7:50;4:06:28;11:20:41
Travis;Vance;US;M30-34;Finish;1:00:16;3:23;5:00:45;4:21;5:12:15;11:21:00
Linda;Blakely;GB;F45-49;Finish;1:11:11;4:00;5:52:42;3:37;4:09:33;11:21:03
Edward;Walker;US;M50-54;Finish;1:01:45;4:17;5:27:28;4:43;4:42:52;11:21:05
Olaf;Lechtenfeld;DE;M60-64;Finish;1:35:49;5:20;5:54:08;6:39;3:39:19;11:21:15
Thoralf;Friedrich;DE;M55-59;Finish;1:15:36;4:42;5:31:44;4:23;4:25:02;11:21:27
Tina;Eakin;US;F45-49;Finish;1:10:56;4:49;5:42:19;6:27;4:17:03;11:21:34
Rudolf;Wächter;DE;M55-59;Finish;1:02:31;3:38;5:32:02;4:59;4:38:32;11:21:42
Kate;Stebbings;CA;F55-59;Finish;1:22:42;3:18;6:01:57;3:58;3:49:49;11:21:44
Martin;Postel;DE;M50-54;Finish;1:14:05;5:35;5:52:32;5:43;4:03:52;11:21:47
Sue;Pierson;US;F55-59;Finish;1:19:49;6:01;6:02:16;6:25;3:47:23;11:21:54
Ines;Sandbote;DE;F45-49;Finish;1:13:49;4:05;6:02:17;3:57;3:57:47;11:21:55
Ashley;Forsyth;US;F35-39;Finish;1:09:07;3:31;6:06:49;6:13;3:56:21;11:22:01
Eddie;Hirst;GB;M40-44;Finish;1:08:15;5:58;5:47:58;8:17;4:11:44;11:22:12
Jaime;Simmons;US;F40-44;Finish;1:14:00;3:10;5:53:30;6:16;4:05:18;11:22:14
Jennifer;Barbour;GB;F30-34;Finish;1:02:49;3:23;6:10:18;3:50;4:01:56;11:22:16
Rochelle;Arko;US;F45-49;Finish;1:14:58;4:02;5:51:33;5:02;4:06:47;11:22:22
Veronica;Arriagada;CL;F45-49;Finish;1:08:36;4:09;5:45:38;4:12;4:19:50;11:22:25
Rogério;Capellari;BR;M50-54;Finish;1:13:03;4:14;5:27:55;6:15;4:30:58;11:22:25
Marcel;Van Wees;NL;M40-44;Finish;1:11:22;5:34;5:37:33;8:41;4:19:24;11:22:34
Jennifer;Lehmler;DE;F35-39;Finish;1:02:05;3:27;5:41:11;3:30;4:32:49;11:23:02
Hans;Larsson;US;M45-49;Finish;1:20:55;6:47;6:16:54;6:52;3:31:39;11:23:07
Silke;Geißler;DE;F40-44;Finish;1:24:12;4:55;6:02:31;6:57;3:44:53;11:23:28
Tom;Cartelli;US;M55-59;Finish;59:31;4:34;5:48:12;5:45;4:25:39;11:23:41
Michael;Gratzer;AT;M50-54;Finish;1:05:44;4:39;5:47:12;7:19;4:18:54;11:23:48
Tami;Ritchie;US;F35-39;Finish;59:26;4:58;6:11:00;4:23;4:04:04;11:23:51
Jenna-Caer;Seefried;CA;F30-34;Finish;1:21:38;4:22;6:11:26;3:41;3:42:56;11:24:03
Paul;Moore;AU;M50-54;Finish;1:00:27;3:18;5:37:42;4:31;4:38:13;11:24:11
Michael;Klose;DE;M55-59;Finish;1:13:48;3:30;5:48:48;5:34;4:12:35;11:24:15
Mark;Hunter;AU;M40-44;Finish;1:08:20;3:51;5:37:50;2:45;4:31:51;11:24:37
Jason;Dolbeck;US;M50-54;Finish;1:04:38;4:45;5:39:26;7:31;4:28:17;11:24:37
Fernando;Cano Schulte-Lindhorst;ES;M40-44;Finish;1:00:29;2:53;5:44:23;5:57;4:31:19;11:25:01
Valentina;Sestan;IT;F40-44;Finish;1:17:25;3:50;6:15:33;3:37;3:44:44;11:25:09
Peter;Openshaw;GB;M55-59;Finish;1:05:57;6:59;5:53:22;5:47;4:13:06;11:25:11
Markus;Huber;CH;M55-59;Finish;1:08:47;4:47;5:24:40;6:46;4:40:33;11:25:33
Marcella;Rietz;US;F45-49;Finish;1:17:10;3:33;5:54:31;3:43;4:06:38;11:25:35
Thomas;Kebbell;GB;M25-29;Finish;59:11;5:50;5:28:18;5:34;4:46:53;11:25:46
Joshua;Adams;US;M45-49;Finish;1:20:51;6:21;5:36:01;8:35;4:14:03;11:25:51
Lucyna;Sliz;PL;F40-44;Finish;1:19:26;4:42;5:56:27;9:19;3:56:15;11:26:09
Darren;Farlow;AU;M50-54;Finish;1:06:21;4:37;5:54:01;4:35;4:16:40;11:26:14
Luciana;Haddad;BR;F40-44;Finish;1:18:02;2:37;6:25:26;2:18;3:37:56;11:26:19
Maia;Paris;US;F30-34;Finish;58:23;7:15;5:37:00;5:40;4:38:16;11:26:34
Yury;Stenin;RU;M55-59;Finish;1:15:07;3:20;6:02:10;5:55;4:00:14;11:26:46
John;Birkelo;JP;M55-59;Finish;1:35:23;4:04;6:02:01;7:02;3:38:17;11:26:47
Norbert;Schröder;DE;M55-59;Finish;1:12:05;4:21;5:42:30;5:01;4:23:04;11:27:01
Jeffrey;Capobianco;US;M45-49;Finish;1:23:06;5:33;5:47:49;6:17;4:04:24;11:27:09
Melissa;Barrett;US;F35-39;Finish;1:11:41;4:02;6:23:15;4:38;3:43:42;11:27:18
Nadja;Wachter;DE;F35-39;Finish;1:01:14;4:40;5:38:53;4:09;4:38:24;11:27:20
Christian;Fontanive;CH;M40-44;Finish;1:28:14;4:57;5:28:34;3:38;4:22:03;11:27:26
Sophie;Needham;GB;F30-34;Finish;1:15:51;5:04;5:52:02;5:38;4:08:58;11:27:33
Clarice;Lorenzini;US;F25-29;Finish;1:13:10;5:19;6:02:18;5:40;4:01:17;11:27:44
Hugo Ariel;Camargo;AR;M45-49;Finish;1:13:46;4:07;5:23:37;5:12;4:41:14;11:27:56
Meghan;Grant;US;F35-39;Finish;1:03:46;4:15;5:55:22;3:31;4:21:05;11:27:59
Juergen;Klindworth;DE;M60-64;Finish;1:06:55;3:43;6:00:32;5:00;4:11:49;11:27:59
Stefanie;Flynn;US;F35-39;Finish;1:01:56;4:38;6:08:10;6:37;4:06:38;11:27:59
Brian;Lambert;US;M35-39;Finish;1:02:58;3:28;5:04:17;4:04;5:13:49;11:28:36
Mikko;Sillanpää;FI;M50-54;Finish;1:14:36;5:01;5:38:02;4:56;4:26:05;11:28:40
Adam;Dubberley;AU;M35-39;Finish;59:35;3:22;5:16:48;7:50;5:01:09;11:28:44
Nadine Terese;Edwards;AU;F45-49;Finish;1:13:06;4:49;5:50:46;5:49;4:14:15;11:28:45
Anna;Lawson;GB;F18-24;Finish;1:16:10;5:35;6:02:36;3:12;4:01:19;11:28:52
Dana;Bullard;US;F40-44;Finish;1:13:07;3:24;6:14:15;3:46;3:54:43;11:29:15
Angela;Fogarolli;IT;F40-44;Finish;1:23:41;3:00;6:00:52;3:59;3:58:20;11:29:52
John;Galindo;ES;M40-44;Finish;54:37;3:14;5:01:37;4:38;5:25:46;11:29:52
Paul;Huyer;CA;M60-64;Finish;1:28:23;5:41;5:37:23;4:34;4:14:03;11:30:04
Markus;Hein;DE;M30-34;Finish;54:58;2:40;4:46:46;4:12;5:41:31;11:30:07
Amy;Hite;US;F40-44;Finish;1:14:23;4:04;5:51:58;4:04;4:15:43;11:30:12
Claudia;Heule;CH;F35-39;Finish;1:16:35;4:07;5:46:51;3:15;4:19:39;11:30:27
John;Van Heyst;CA;M55-59;Finish;1:14:12;5:05;5:24:44;5:53;4:40:37;11:30:31
Barbara;Davolio;IT;F40-44;Finish;1:17:22;3:51;5:49:32;5:20;4:14:40;11:30:45
Andrii;Kuzminskyi;UA;M30-34;Finish;1:03:03;3:17;5:19:00;9:54;4:55:31;11:30:45
Stefan;Kirchenmajer;DE;M45-49;Finish;1:29:21;3:25;5:29:21;5:53;4:22:56;11:30:56
Kurt;Madden;US;M60-64;Finish;1:02:10;3:19;5:48:02;4:59;4:32:27;11:30:57
Tim;Brown;US;M60-64;Finish;1:16:08;5:48;5:59:34;6:05;4:03:49;11:31:24
Frank;Schreiner;DE;M55-59;Finish;1:15:47;4:33;6:01:05;5:38;4:04:37;11:31:40
Karen;Woodward;US;F40-44;Finish;1:20:52;5:47;5:58:35;5:22;4:01:05;11:31:41
Victoria;Shubina;RU;F45-49;Finish;1:17:49;3:45;5:58:44;4:56;4:06:32;11:31:46
Joyce;Oikawa;BR;F35-39;Finish;1:17:39;5:22;6:08:16;5:53;3:54:42;11:31:52
Roberto;Guidarelli;IT;M50-54;Finish;1:08:33;5:42;5:43:30;5:13;4:28:58;11:31:56
David;Sek;US;M40-44;Finish;1:01:17;6:47;6:13:23;6:20;4:04:20;11:32:07
Audrey;Maheu;US;F25-29;Finish;1:23:38;3:37;5:35:44;5:22;4:23:58;11:32:19
Ibon;Gabilondo;ES;M40-44;Finish;1:00:50;4:02;5:38:07;7:26;4:42:00;11:32:25
Kae;Hayashimoto;JP;F18-24;Finish;1:02:27;3:46;6:09:27;4:55;4:12:19;11:32:54
Nic;Leavold;AU;F35-39;Finish;1:18:36;4:25;6:02:01;5:58;4:02:00;11:33:00
Jörg;Kult;DE;M50-54;Finish;1:22:02;4:05;5:41:06;6:58;4:18:58;11:33:09
Lisa;Tecklenburg;US;F35-39;Finish;1:21:46;4:16;6:18:56;9:49;3:38:23;11:33:10
Heiko;Stein;DE;M50-54;Finish;1:04:34;9:20;5:44:08;8:32;4:26:57;11:33:31
Karl;Messinger;AT;M50-54;Finish;1:30:34;4:03;5:56:15;8:00;3:54:53;11:33:45
Paul;Strong;US;M55-59;Finish;1:08:53;5:37;5:49:26;5:45;4:24:25;11:34:06
Andreas;Lenz;DE;M25-29;Finish;1:22:28;3:20;4:50:04;4:45;5:13:41;11:34:18
Barry;Harriss;GB;M55-59;Finish;1:17:34;7:21;5:39:18;7:07;4:23:01;11:34:21
Greg;Becker;ZA;M45-49;Finish;1:19:37;2:49;5:46:22;3:40;4:21:55;11:34:23
G�nter;Hausschmid;DE;M55-59;Finish;1:22:21;6:36;5:32:34;7:10;4:25:53;11:34:34
Manfred;Kraft;DE;M55-59;Finish;1:15:15;4:36;5:54:51;4:00;4:16:01;11:34:43
Annette;Campbell;US;F35-39;Finish;1:26:16;4:24;5:54:40;5:26;4:03:58;11:34:44
Jennifer;Scalise-Marinofsky;US;F45-49;Finish;59:40;3:45;6:24:28;3:33;4:03:20;11:34:46
Jaroslav;Hyzl;CZ;M50-54;Finish;1:00:31;4:09;5:20:43;6:15;5:03:14;11:34:52
Garrett;Brown;US;M55-59;Finish;1:14:16;4:36;5:40:47;6:53;4:28:22;11:34:54
Roberto;Azevedo Junior;BR;M65-69;Finish;1:18:47;3:38;5:38:00;7:50;4:26:50;11:35:05
Carsten;Freisfeld;DE;M40-44;Finish;1:00:14;4:31;5:42:33;5:12;4:42:37;11:35:07
Carl;Shawcross;GB;M45-49;Finish;1:05:48;2:42;5:36:00;6:17;4:44:27;11:35:14
Johan;Pauwels;BE;M50-54;Finish;1:04:20;3:35;5:24:28;6:36;4:56:33;11:35:32
Steven;Pulver;US;M65-69;Finish;1:25:55;6:05;5:57:40;4:58;4:01:31;11:36:09
Winona;Chen;US;F25-29;Finish;1:09:16;3:41;6:26:07;4:10;3:52:56;11:36:10
Gerrit A;Van Der Vinden;NL;M55-59;Finish;1:03:40;5:31;5:58:52;6:51;4:21:22;11:36:16
Nagao;Satomi;JP;F40-44;Finish;1:27:36;8:47;6:24:17;6:25;3:29:19;11:36:24
Hideki;Toyokawa;JP;M50-54;Finish;1:16:03;5:17;5:36:32;6:31;4:32:08;11:36:31
Thomas;Mcgrath;US;M50-54;Finish;1:03:36;3:15;5:32:30;8:26;4:48:48;11:36:35
Monica;Liston;AU;F30-34;Finish;1:05:26;5:01;6:24:39;6:38;3:54:55;11:36:39
Torsten;Deuter;DE;M45-49;Finish;1:11:31;5:12;5:38:04;6:23;4:36:10;11:37:20
Doug;Guthrie;US;M50-54;Finish;1:09:20;7:13;6:12:54;8:40;3:59:48;11:37:55
Michelle;Hildebrand;US;F45-49;Finish;1:15:01;3:58;5:54:47;4:48;4:19:28;11:38:02
Eryn;Schmisseur;US;F18-24;Finish;57:46;3:37;6:08:39;7:28;4:20:39;11:38:09
Bryan;Vanmeveren;US;M55-59;Finish;1:13:14;6:17;5:45:11;6:25;4:27:06;11:38:13
Isabel;Bleyen;BE;F40-44;Finish;1:24:25;4:10;6:16:33;5:20;3:48:23;11:38:51
Nattero;Alice;IT;F30-34;Finish;1:12:28;4:02;6:10:23;4:04;4:08:07;11:39:04
Bodil;Arlander;US;F55-59;Finish;1:13:33;5:06;6:02:17;5:36;4:12:43;11:39:15
Julita;Sikora;PL;F45-49;Finish;1:21:12;3:11;6:07:02;6:07;4:01:45;11:39:17
Rick;Phelan;US;M55-59;Finish;1:18:01;4:35;5:39:26;4:25;4:32:57;11:39:24
Kelly;Phuah;AU;F45-49;Finish;1:10:33;4:11;5:29:16;6:41;4:48:52;11:39:33
Ines;Maria;AR;F45-49;Finish;1:27:54;5:29;5:59:40;5:30;4:01:04;11:39:37
Mindy;Nicolet;US;F40-44;Finish;1:06:07;4:06;6:04:48;7:51;4:16:59;11:39:51
Catherine;Labrianidis;GB;F45-49;Finish;1:09:15;5:12;6:18:23;5:28;4:01:47;11:40:05
Vincenzo;Zofrea;AU;M50-54;Finish;1:01:27;4:58;5:36:46;4:39;4:52:31;11:40:21
Anna;Wächtershäuser;DE;F40-44;Finish;1:18:10;3:56;6:00:14;5:44;4:12:27;11:40:31
Eric;Johnson;US;M65-69;Finish;1:14:02;6:24;6:00:05;5:12;4:15:11;11:40:54
Bojan;Maric;RS;M50-54;Finish;1:02:25;6:50;5:43:31;7:51;4:40:26;11:41:03
Alicia;Schultz;US;F50-54;Finish;1:12:18;2:58;6:12:34;3:10;4:10:06;11:41:06
James;Allen;US;M55-59;Finish;1:01:24;6:35;5:18:12;3:28;5:11:28;11:41:07
Kerry;Oldfield;GB;F40-44;Finish;1:05:16;4:21;6:01:59;5:45;4:23:47;11:41:08
Gustav;Förster;DE;M65-69;Finish;1:25:03;5:28;6:02:55;6:58;4:00:44;11:41:08
Angus John;Wippell;AU;M50-54;Finish;1:00:25;4:50;5:41:11;5:28;4:49:15;11:41:09
Gretchen;Tuff;US;F35-39;Finish;1:15:18;4:40;6:00:02;6:04;4:15:12;11:41:16
Allison;Kossen;US;F18-24;Finish;1:11:52;3:29;5:59:37;5:24;4:20:58;11:41:20
Brian;Vaage;CA;M55-59;Finish;1:13:29;4:38;5:58:53;3:27;4:20:57;11:41:24
John;Bye;US;M50-54;Finish;1:06:17;4:45;5:34:43;8:29;4:47:22;11:41:36
Anthea;Oliver;NZ;F35-39;Finish;1:10:56;3:39;6:07:53;5:03;4:14:09;11:41:40
Daniel;Machek;CZ;M60-64;Finish;58:07;4:15;5:44:23;6:11;4:48:48;11:41:44
Joseph;Hicks;US;M50-54;Finish;1:23:17;4:36;5:58:06;4:19;4:11:27;11:41:45
Brendan;Barclay;US;M25-29;Finish;54:55;3:55;4:46:43;6:23;5:50:08;11:42:04
Uwe;Richlik;DE;M50-54;Finish;1:11:26;4:18;5:23:04;5:14;4:58:19;11:42:21
Pepijn;Van Overeem;NL;M30-34;Finish;1:14:14;5:00;5:42:27;8:43;4:32:05;11:42:29
Simone;Boehm;DE;F45-49;Finish;1:18:14;3:31;6:02:09;3:30;4:15:15;11:42:39
Samantha;Woodland;AU;F25-29;Finish;1:16:35;5:03;6:23:23;5:02;3:52:45;11:42:48
Ellen;Kuhl;US;F45-49;Finish;1:16:23;3:41;6:21:28;6:44;3:54:43;11:42:59
Sarah;Gott;US;F45-49;Finish;1:07:07;6:02;6:08:20;9:06;4:12:42;11:43:17
Brooke;Nicol;AU;F40-44;Finish;1:27:33;6:24;5:52:47;6:47;4:10:02;11:43:33
Mary;Corless;IE;F40-44;Finish;1:06:57;4:56;5:54:43;5:49;4:31:14;11:43:39
Birgit;Bachmann-Goetzer;DE;F50-54;Finish;1:24:48;3:33;5:48:37;6:12;4:20:58;11:44:08
Olivia;Fitz-Poole;GB;F35-39;Finish;1:14:09;3:58;6:04:10;6:40;4:15:22;11:44:19
Satu;Suuronen;FI;F35-39;Finish;1:24:30;2:54;5:48:31;4:39;4:23:52;11:44:26
Gaël;Moita;FR;M40-44;Finish;1:01:02;2:39;6:08:37;5:10;4:27:09;11:44:37
Paul;Gregg;US;M18-24;Finish;1:19:05;5:06;6:12:18;6:24;4:02:02;11:44:55
Rafal;Fazan;PL;M45-49;Finish;1:04:24;5:06;5:25:40;13:44;4:56:11;11:45:05
Anfimova;Nadezhda;RU;F35-39;Finish;1:26:17;2:58;6:20:07;6:23;3:49:28;11:45:13
Lena;Jakobsson;SE;F40-44;Finish;1:25:46;5:52;5:59:35;5:09;4:08:57;11:45:19
John;Anhold;US;M60-64;Finish;1:14:55;4:48;6:01:23;5:50;4:18:29;11:45:25
Austin;Jackson;US;M40-44;Finish;1:04:53;3:35;5:21:17;8:03;5:08:12;11:46:00
Annah;Dusenlund;SE;F30-34;Finish;1:07:13;4:35;6:09:02;5:43;4:19:31;11:46:04
Jihyun;Lee;KR;F35-39;Finish;1:11:37;5:24;6:17:09;5:35;4:07:03;11:46:48
Javier;Terán Contreras;ES;M45-49;Finish;1:01:32;4:23;5:25:24;4:29;5:11:10;11:46:58
David;Smitz;BE;M40-44;Finish;1:00:19;3:43;4:54:54;4:48;5:43:17;11:47:01
Louella;O'Herlihy;GB;F50-54;Finish;1:24:40;4:33;5:59:59;6:35;4:11:21;11:47:08
Mary;Mitchell;AU;F60-64;Finish;1:20:39;3:07;6:10:20;3:48;4:09:23;11:47:17
Sara;Fix;US;F50-54;Finish;1:24:49;6:03;6:05:53;5:49;4:04:58;11:47:32
Lotte;Høj Thomsen;DK;F40-44;Finish;1:15:10;4:48;6:03:00;6:41;4:17:55;11:47:34
Stephanie;Huber;DE;F18-24;Finish;1:09:34;3:12;5:49:51;3:04;4:42:00;11:47:41
Isabelle;Pettit;GB;F25-29;Finish;1:16:51;3:23;6:16:48;5:09;4:05:44;11:47:55
Payton;Boylston;US;F18-24;Finish;1:16:16;5:06;6:14:11;6:53;4:05:40;11:48:06
Anan;Duangsopa;TH;M35-39;Finish;1:07:48;4:40;5:47:20;10:14;4:38:14;11:48:16
David;Koppel;US;M30-34;Finish;1:09:04;4:15;5:43:46;7:42;4:43:34;11:48:21
Kelly;Huban;US;F18-24;Finish;1:06:48;3:58;5:47:26;5:25;4:45:11;11:48:48
Gregor;Hilger;DE;M60-64;Finish;1:14:21;7:07;6:08:32;11:53;4:06:56;11:48:49
Sue;Pope;US;F55-59;Finish;1:15:29;5:55;6:12:02;5:24;4:10:08;11:48:58
Joachim;Duenner;DE;M55-59;Finish;1:05:53;4:03;5:38:49;5:06;4:55:15;11:49:06
Romy;Stotz;DE;F45-49;Finish;1:20:30;4:41;5:58:48;4:13;4:20:58;11:49:10
Davide;Merlin;IT;M40-44;Finish;1:01:01;4:43;5:36:24;6:10;5:00:52;11:49:10
Kurt;Jones;US;M50-54;Finish;1:12:56;5:39;6:09:20;6:04;4:15:17;11:49:16
Tuomas;Tikkanen;FI;M35-39;Finish;1:22:25;4:15;6:34:17;3:36;3:45:09;11:49:42
Derek;Macminn;AU;M55-59;Finish;1:09:29;5:59;5:41:28;5:07;4:47:41;11:49:44
Katie;Clayton;US;F18-24;Finish;1:16:02;5:39;6:14:51;8:23;4:05:02;11:49:57
Carolina;Dementiev;PA;F30-34;Finish;1:00:03;5:30;5:59:51;2:29;4:42:11;11:50:04
Lothar;Henkel;DE;M55-59;Finish;1:25:35;4:48;5:37:52;4:22;4:37:47;11:50:24
Andreas;Krause;DE;M50-54;Finish;1:23:43;3:06;6:05:20;8:19;4:09:59;11:50:27
John;Noonan;US;M60-64;Finish;1:20:42;5:09;6:01:42;4:50;4:18:18;11:50:41
Judit;Erdélyi-Szádvári;HU;F35-39;Finish;1:27:33;3:32;6:10:29;4:19;4:05:17;11:51:10
Tracey;Schmidt;AU;F40-44;Finish;1:17:36;3:55;5:54:28;4:44;4:30:29;11:51:12
Eike;Jan Diestelkamp;DE;M35-39;Finish;1:26:54;4:48;5:32:56;7:11;4:39:26;11:51:15
Sylvain;Croteau;CA;M55-59;Finish;1:09:17;5:45;5:45:51;10:33;4:39:58;11:51:24
Barbara;Rieger;DE;F35-39;Finish;1:16:25;5:07;5:38:27;5:21;4:46:45;11:52:05
Joanne;Mclaughlan;AU;F50-54;Finish;1:15:02;4:17;5:49:41;3:32;4:39:39;11:52:11
Reon;Park;NZ;M45-49;Finish;58:54;3:20;4:44:22;3:33;6:02:04;11:52:13
Evan;Davies;GB;M60-64;Finish;1:30:10;3:56;6:05:02;4:02;4:09:09;11:52:19
Vanessa;Parry-Williams;AU;F45-49;Finish;1:18:23;6:04;6:23:20;8:02;3:56:41;11:52:30
Francois;Lesourd;FR;M50-54;Finish;1:06:41;2:57;5:56:26;7:59;4:38:42;11:52:45
Alicja;Medak;PL;F45-49;Finish;1:30:19;4:17;6:09:48;5:53;4:03:14;11:53:31
Christian;Riddebuock;DE;M50-54;Finish;1:25:58;7:31;6:13:17;6:14;4:00:36;11:53:36
Regina;Weedon;AU;F45-49;Finish;1:09:06;4:15;6:18:34;4:03;4:18:24;11:54:22
Carrie;Houghton;CA;F40-44;Finish;1:19:26;5:22;6:10:21;4:52;4:14:31;11:54:32
Rene;Otto;ZA;M60-64;Finish;1:16:26;5:28;5:35:30;5:38;4:51:51;11:54:53
Uta;Knape;DE;F45-49;Finish;1:21:05;4:04;5:48:27;5:02;4:36:18;11:54:56
Katja;Kallioinen;FI;F45-49;Finish;1:21:54;5:39;6:05:55;6:23;4:15:07;11:54:58
Stacey;Campeau;CA;F50-54;Finish;1:32:53;5:31;5:39:25;7:51;4:29:22;11:55:02
Ali;Rutledge;US;F45-49;Finish;1:07:11;5:41;6:00:41;7:15;4:34:21;11:55:09
Katrin;Friedrich;DE;F50-54;Finish;1:15:12;4:08;5:41:28;5:20;4:49:07;11:55:15
Colleen;Middleton;AU;F55-59;Finish;1:19:52;5:08;6:16:27;7:24;4:06:26;11:55:17
Juanita;Barter;PG;F45-49;Finish;1:21:34;5:04;6:11:39;4:58;4:12:15;11:55:30
Mario;Delemarre;BE;M50-54;Finish;1:20:43;5:46;5:48:11;6:12;4:34:40;11:55:32
Cintia;Barbosa Reis Guimaraes;BR;F35-39;Finish;1:06:44;6:20;6:23:46;3:54;4:15:30;11:56:14
Richard;Dunbabin;GB;M60-64;Finish;1:12:28;3:31;5:56:03;7:25;4:37:02;11:56:29
Paige;Mcclung;US;F18-24;Finish;1:02:55;4:07;6:11:49;7:45;4:30:11;11:56:47
Nick;Kinsey;GB;M60-64;Finish;1:07:45;4:11;5:26:43;5:06;5:13:05;11:56:50
Dave;Clements;GB;M50-54;Finish;1:38:56;4:55;5:49:13;8:12;4:16:02;11:57:18
Magda;Warzybok;PL;F35-39;Finish;1:22:11;4:08;5:58:41;5:22;4:27:11;11:57:33
Nelly;WOJTASINSKI;FR;F60-64;Finish;1:22:05;4:03;6:02:11;5:44;4:23:39;11:57:42
Sanna;Duvebrant;FI;F50-54;Finish;1:17:59;3:29;6:03:59;5:56;4:26:57;11:58:20
Nuno;Fernandes;PT;M40-44;Finish;1:15:46;4:50;6:14:30;7:45;4:15:42;11:58:33
Tanya;Houghton;US;F50-54;Finish;1:22:32;4:12;5:55:23;5:19;4:31:35;11:59:01
Sofia;Mazon Gonçalves;BR;F45-49;Finish;1:18:12;5:23;6:23:17;7:55;4:04:20;11:59:07
Damien;Cosgrove;IE;M45-49;Finish;1:08:58;8:01;5:42:53;40:33;4:18:45;11:59:10
Michal;Ivanco;SK;M45-49;Finish;1:22:04;3:37;5:38:13;6:09;4:49:19;11:59:22
Glenn;Matthews;AU;M55-59;Finish;1:12:21;6:16;5:47:53;9:29;4:43:41;11:59:40
Thomas;Fox;DE;M50-54;Finish;1:22:27;5:42;5:54:13;7:02;4:30:36;12:00:00
Vincent;Tremaine;AU;M60-64;Finish;1:16:54;4:41;6:10:26;6:31;4:21:48;12:00:20
Tom;Monica;US;M60-64;Finish;1:02:49;4:41;5:59:39;5:43;4:47:29;12:00:21
Sara;Cherry;US;F35-39;Finish;1:06:25;5:27;6:16:04;11:07;4:21:34;12:00:37
Carsten;Umland;DE;M50-54;Finish;1:09:55;5:37;5:54:30;5:13;4:45:27;12:00:42
Jane;Macleod;CA;F60-64;Finish;1:24:48;4:57;6:17:17;5:03;4:08:44;12:00:49
Tom;Glynn;US;M55-59;Finish;1:19:14;5:44;5:48:47;4:18;4:42:55;12:00:58
Taryn;Roberts;GB;F25-29;Finish;1:09:33;4:40;6:31:41;5:37;4:09:36;12:01:07
John;Hallis;AU;M55-59;Finish;1:18:07;4:54;5:39:49;6:43;4:51:56;12:01:29
Kim;Robinson;CA;M65-69;Finish;1:14:41;6:27;6:00:25;7:37;4:32:22;12:01:32
Emily;Young;GB;F25-29;Finish;1:20:13;5:12;6:21:05;6:51;4:08:12;12:01:33
Linda;Wolfgang;SE;F45-49;Finish;1:21:43;6:04;5:57:40;7:28;4:28:39;12:01:34
Nathaly;CEDAT BERRUS;FR;F55-59;Finish;1:21:08;6:06;6:07:33;5:10;4:21:38;12:01:35
Britta;Falkenstein;DE;F50-54;Finish;1:28:24;3:47;6:23:01;4:48;4:01:39;12:01:39
Michael;Rees;AU;M45-49;Finish;57:56;4:10;5:31:22;4:43;5:23:57;12:02:08
Jo;Gundle;GB;F55-59;Finish;1:33:38;5:13;6:01:57;3:30;4:18:10;12:02:28
Tony;Cannon;US;M50-54;Finish;1:20:52;6:05;5:45:00;4:31;4:46:05;12:02:33
Stephanie;Irizarry;US;F30-34;Finish;1:15:03;3:56;6:12:38;4:15;4:27:09;12:03:01
Jen;Mcdermott;NZ;F50-54;Finish;1:14:49;7:35;6:32:04;5:34;4:03:19;12:03:21
Jessica;Knight;AU;F25-29;Finish;1:14:08;4:20;6:24:27;4:40;4:15:47;12:03:22
Tina;Buttner;US;F45-49;Finish;1:18:00;5:08;6:17:08;4:23;4:18:45;12:03:24
Klaus;Karber;DE;M55-59;Finish;1:17:51;4:44;6:02:25;5:36;4:32:59;12:03:35
Guy;Hachey;CA;M60-64;Finish;1:12:12;7:25;6:00:02;9:57;4:34:07;12:03:43
Josh;Hageman;US;M40-44;Finish;1:12:13;6:29;5:24:38;6:12;5:14:11;12:03:43
Mike;Morris;GB;M55-59;Finish;1:21:49;6:54;5:46:13;10:45;4:38:14;12:03:55
Ilka;Cordeiro;BR;F50-54;Finish;1:11:46;7:02;6:23:45;5:07;4:16:20;12:04:00
Terry;Harvey;GB;M55-59;Finish;1:20:52;5:33;5:55:06;5:47;4:36:52;12:04:10
PATRICK;VAFFIDES;FR;M55-59;Finish;1:14:17;4:11;6:08:03;4:26;4:33:14;12:04:11
Walton;Claire;GB;F35-39;Finish;1:10:05;4:00;6:18:41;4:34;4:27:09;12:04:29
Brian;Ehrhardt;US;M35-39;Finish;1:08:33;4:07;6:04:27;8:02;4:39:46;12:04:55
Becky;Youngberg;US;F45-49;Finish;1:02:44;4:46;6:27:05;4:33;4:25:48;12:04:56
Anette;Freyer;DE;F50-54;Finish;1:10:47;4:33;6:08:06;6:04;4:35:27;12:04:57
Jennifer;Campbell;CA;F60-64;Finish;1:16:43;4:19;6:15:12;7:07;4:21:51;12:05:12
Wyman;Roberts;US;M60-64;Finish;1:18:18;5:18;5:55:33;6:21;4:39:49;12:05:19
Carolyn;Soules;US;F45-49;Finish;1:17:04;5:37;6:20:47;6:28;4:15:31;12:05:27
Ivan;Gomez;VE;M50-54;Finish;1:14:46;8:59;5:58:19;8:37;4:35:21;12:06:02
Ophelie;Saussus;BE;F18-24;Finish;1:12:16;3:12;6:10:23;3:23;4:37:25;12:06:39
Robin;Clooney;CA;F45-49;Finish;1:12:06;4:24;6:11:54;6:05;4:32:12;12:06:41
Arnaud;Bouvier;FR;M50-54;Finish;1:08:50;3:30;5:29:48;7:56;5:17:00;12:07:04
Florence;Tartavel;CA;F45-49;Finish;1:12:46;6:05;6:10:04;6:07;4:32:03;12:07:05
Milan;Svoboda;CZ;M35-39;Finish;1:10:23;4:05;5:45:27;11:23;4:55:58;12:07:16
Michael;Passinger;DE;M55-59;Finish;1:22:09;4:15;6:17:27;5:19;4:18:47;12:07:57
Mei See;Chin;MY;F40-44;Finish;1:25:04;5:38;6:00:23;7:30;4:29:31;12:08:06
Justin;Seim;US;M25-29;Finish;1:16:35;8:00;6:11:14;11:28;4:21:17;12:08:34
Sarah;Davidson;US;F55-59;Finish;1:11:16;5:39;6:27:28;4:10;4:20:32;12:09:05
David;Arnold;AU;M55-59;Finish;1:15:23;7:07;5:38:01;6:19;5:02:42;12:09:32
Paolo;Romano;IT;M50-54;Finish;1:10:31;5:26;5:46:45;8:02;4:58:52;12:09:36
Christy;Johnson;US;F50-54;Finish;1:14:40;6:06;5:53:23;5:32;4:50:18;12:09:59
Kenneth;Downer;US;M55-59;Finish;1:17:01;4:33;5:49:12;3:44;4:55:45;12:10:15
Yolande;Van Vuuren;AU;F45-49;Finish;1:12:16;5:52;6:03:05;11:24;4:37:40;12:10:17
Rebecca;Bader;US;F40-44;Finish;1:26:15;4:58;6:21:18;5:12;4:12:47;12:10:30
Andrea;Gallo;CH;F45-49;Finish;1:14:08;5:13;6:06:23;9:48;4:35:03;12:10:35
Tomas;Valena;AU;M65-69;Finish;1:22:13;5:50;6:21:46;4:22;4:16:28;12:10:39
Kangsub;Song;KR;M50-54;Finish;1:14:48;3:53;6:06:13;8:23;4:37:27;12:10:44
Laurel;Rogers;AU;F50-54;Finish;1:15:14;6:02;6:15:41;7:41;4:26:37;12:11:15
정현;조;KR;M55-59;Finish;1:20:46;7:39;5:51:43;7:54;4:43:13;12:11:15
Andrew;Short;AU;M60-64;Finish;1:15:18;5:10;6:02:27;3:24;4:45:35;12:11:54
Dina;Shaimerdenova;KZ;F35-39;Finish;1:07:27;3:48;6:18:01;3:53;4:39:00;12:12:09
Philippe;Gondre;FR;M55-59;Finish;1:04:44;6:00;6:14:30;10:17;4:36:43;12:12:14
Melanie;Hayes;GB;F50-54;Finish;1:35:52;5:59;6:03:46;8:42;4:18:10;12:12:29
Angie;Defilippi;US;F40-44;Finish;1:14:58;3:13;6:34:05;4:53;4:15:39;12:12:48
Patrick;Sylla;FR;M60-64;Finish;1:09:26;5:31;5:47:45;6:25;5:03:47;12:12:54
Anaïs;Michel Boyau;FR;F25-29;Finish;1:19:43;4:05;6:05:01;9:01;4:35:34;12:13:24
Kirstin;Sommer;DE;F55-59;Finish;1:24:47;3:59;6:16:58;4:03;4:23:37;12:13:24
Javier;Cepeda Navarro;CO;M40-44;Finish;1:02:21;5:56;5:26:29;9:32;5:29:24;12:13:42
John;French;GB;M55-59;Finish;1:23:13;5:12;6:08:06;6:18;4:31:18;12:14:07
Margriet;Schrijvers;BE;F50-54;Finish;1:21:24;3:50;6:11:02;6:35;4:31:23;12:14:14
Anna;Parker;US;F45-49;Finish;1:12:14;5:31;6:13:02;4:15;4:39:20;12:14:22
Martin;Mischler;CH;M50-54;Finish;1:13:59;4:07;5:49:37;6:11;5:00:34;12:14:28
Jack;Matthews;AU;M18-24;Finish;1:02:55;4:07;5:40:43;6:03;5:20:52;12:14:40
Barbara;Miller;CH;F55-59;Finish;1:40:00;6:56;6:24:07;4:48;3:58:49;12:14:40
Mary;Mcelhaney;US;F55-59;Finish;1:07:59;4:41;6:03:02;5:34;4:53:30;12:14:46
Stacey;Revie;AU;F45-49;Finish;1:07:12;5:31;6:10:49;8:12;4:43:15;12:14:59
Ðurdica;Orepic;HR;F55-59;Finish;1:28:25;4:39;6:09:11;4:19;4:28:35;12:15:09
Larry;Costantino;US;M60-64;Finish;1:14:23;6:22;6:18:30;5:51;4:30:23;12:15:29
Daniel;Perkins;US;M60-64;Finish;1:18:47;4:40;5:53:28;3:36;4:55:04;12:15:35
Dora;Heller;IL;F50-54;Finish;1:36:10;6:16;6:03:22;6:32;4:23:50;12:16:10
Nadia;Leach;CA;F50-54;Finish;1:28:27;5:39;6:09:08;5:16;4:28:05;12:16:35
Ulrika;Berglund;SE;F50-54;Finish;1:17:49;4:43;6:05:52;4:04;4:44:24;12:16:52
Caroline;Wilson;US;F50-54;Finish;1:40:42;3:53;6:12:45;3:41;4:15:54;12:16:55
Beverley;Wells;CA;F50-54;Finish;1:18:01;6:16;6:22:25;8:05;4:22:26;12:17:13
Jim;Lukanich;US;M60-64;Finish;1:23:05;8:05;5:28:25;8:30;5:09:12;12:17:17
Jean Luc;Perrin;FR;M60-64;Finish;1:28:11;5:43;5:53:08;6:07;4:44:26;12:17:35
Rodrigo;Souza;BR;M40-44;Finish;1:21:40;5:47;5:41:56;5:42;5:02:48;12:17:53
Morten;Røsaasen;NO;M50-54;Finish;1:24:33;5:37;5:56:55;7:51;4:44:19;12:19:15
Yoko;Yamazawa;JP;F50-54;Finish;1:24:43;7:07;6:30:31;7:03;4:10:23;12:19:47
Katherine;Rivera;PR;F40-44;Finish;1:29:23;4:19;6:17:25;4:46;4:23:59;12:19:52
Peter;Carne;AU;M50-54;Finish;1:01:18;5:11;5:47:57;11:28;5:13:59;12:19:53
Erik;Müller;DE;M40-44;Finish;1:06:20;3:38;5:45:09;7:22;5:17:28;12:19:57
Dorothé;Vrieze;NL;F50-54;Finish;1:17:39;3:57;6:39:22;6:06;4:13:00;12:20:04
Nicki;Leo;US;F45-49;Finish;1:17:12;4:35;6:19:21;5:58;4:33:04;12:20:10
Elizabeth;Gannon;GB;F55-59;Finish;1:27:01;4:44;6:16:56;7:24;4:24:14;12:20:19
Beni;Gras-Thompson;US;F45-49;Finish;1:09:05;4:02;5:18:17;4:26;5:44:40;12:20:30
Sara;Bund;DE;F35-39;Finish;1:06:44;5:17;6:29:23;5:43;4:33:24;12:20:31
Courtney;Benedict;US;F40-44;Finish;1:21:16;7:11;6:30:11;6:59;4:15:37;12:21:14
Megan;Arthur;NZ;F45-49;Finish;1:13:10;5:20;5:52:10;4:54;5:06:39;12:22:13
Russet;Morrow;US;F45-49;Finish;1:14:29;5:20;6:16:38;3:56;4:41:55;12:22:18
Patti;Lawrence;US;F50-54;Finish;1:22:09;4:34;6:01:32;6:57;4:47:30;12:22:42
Akio;Yamauchi;JP;M55-59;Finish;1:38:10;11:23;5:52:51;8:32;4:32:07;12:23:03
Xavier;Lesage;FR;M55-59;Finish;1:19:07;4:50;5:57:36;7:54;4:53:48;12:23:15
Bianca;Faulke-Tanner;AU;F30-34;Finish;1:08:27;4:24;6:11:37;6:15;4:53:16;12:23:59
Clara;Abascal Menocal;MX;F40-44;Finish;1:11:50;6:20;6:14:54;5:43;4:45:19;12:24:06
Rachael;Tatko;US;F18-24;Finish;1:10:02;4:36;6:45:04;14:22;4:10:14;12:24:18
Oscar;Gallo;AR;M60-64;Finish;1:19:54;3:14;6:03:50;4:40;4:52:50;12:24:28
Anna;Jenkins;GB;F35-39;Finish;1:24:13;3:32;6:02:22;7:12;4:47:32;12:24:51
John;Giguere;CA;M50-54;Finish;1:21:11;6:08;6:00:07;6:55;4:50:31;12:24:52
Natalie;Walden;CA;F55-59;Finish;1:20:29;5:44;6:24:40;7:17;4:26:44;12:24:54
Jackie;Hudepohl;US;F18-24;Finish;1:24:43;4:54;6:06:48;5:14;4:44:26;12:26:05
John;Withrow;US;M40-44;Finish;1:11:45;5:16;5:52:06;5:41;5:11:23;12:26:11
Salvatore;Zarbo;IT;M50-54;Finish;1:20:15;3:17;5:40:36;6:36;5:15:54;12:26:38
Luigi;Rossi;IT;M55-59;Finish;1:16:57;5:51;5:52:48;6:37;5:04:44;12:26:57
Todd;Breuer;US;M40-44;Finish;1:24:53;6:09;6:19:09;6:57;4:29:51;12:26:59
Gerard;Turbitt;IE;M65-69;Finish;1:33:30;7:23;6:26:15;7:28;4:12:25;12:27:01
Jake;Braam;US;M25-29;Finish;1:07:25;4:35;5:22:52;8:33;5:43:36;12:27:01
Anthony;Jagielo;US;M25-29;Finish;1:12:49;4:02;5:13:18;4:49;5:52:03;12:27:01
Rebecca;Smith;US;F55-59;Finish;1:10:08;6:04;6:46:29;3:07;4:21:17;12:27:05
Mia Kronberg;Christensen;DK;F50-54;Finish;1:25:47;4:44;6:31:14;6:40;4:19:05;12:27:30
Nicky;Lebos;ZA;F50-54;Finish;1:12:26;5:34;6:21:00;6:27;4:42:28;12:27:55
Selina;Campbell;CA;F50-54;Finish;1:24:09;8:14;6:16:59;6:58;4:31:53;12:28:13
Ralf;Schön;DE;M50-54;Finish;1:02:27;4:43;6:04:36;7:57;5:08:47;12:28:30
Trevor;Putrah;US;M40-44;Finish;1:16:22;7:54;6:06:18;9:22;4:48:39;12:28:35
Augusto Cesar;Pocas;BR;M50-54;Finish;1:07:43;3:59;5:34:30;8:25;5:34:00;12:28:37
Aldo;Nobili;IT;M60-64;Finish;1:16:00;5:50;5:53:20;3:26;5:10:40;12:29:16
Regina;Kaplan-Rakowski;PL;F45-49;Finish;1:25:27;5:51;6:22:54;8:17;4:26:54;12:29:23
Laurie;Smith;US;F50-54;Finish;1:16:07;6:33;6:30:37;7:47;4:28:37;12:29:41
Bernadette;Tan;PH;F45-49;Finish;1:31:00;6:03;6:15:33;6:53;4:30:31;12:30:00
Yunoh;Kim;KR;M45-49;Finish;1:19:49;9:09;6:05:09;6:43;4:49:49;12:30:39
Lisa;Hitchcock;NZ;F50-54;Finish;1:27:10;6:22;6:12:41;7:20;4:37:19;12:30:52
Marcel;Bossog;DE;M40-44;Finish;1:12:29;5:16;5:44:45;6:32;5:22:10;12:31:12
Thierry;Foulounoux;FR;M60-64;Finish;1:16:56;5:39;6:27:44;9:23;4:32:34;12:32:16
Susannah;Ford;US;F30-34;Finish;58:41;6:19;7:00:55;6:47;4:19:34;12:32:16
Susan;Arnold;CA;F50-54;Finish;1:16:40;5:47;6:08:26;8:18;4:53:32;12:32:43
Johanna;Hudson;CA;F40-44;Finish;1:23:13;6:17;6:32:47;5:31;4:25:38;12:33:26
John;Bergeron;US;M60-64;Finish;1:12:23;5:30;6:41:05;5:02;4:29:29;12:33:29
Judy;Daggett;US;F60-64;Finish;1:22:46;4:05;6:21:50;3:57;4:41:16;12:33:54
Diana;Simpson;NZ;F35-39;Finish;58:45;3:59;5:37:48;4:28;5:49:03;12:34:03
Katrin;Weiss-Hantsche;DE;F50-54;Finish;1:24:16;3:32;5:45:43;4:11;5:16:33;12:34:15
Christina;King;US;F50-54;Finish;1:35:35;6:14;6:22:39;7:03;4:23:09;12:34:40
Simon;Craig;CA;M50-54;Finish;1:14:28;5:46;6:15:15;4:11;4:55:03;12:34:43
June;Mcminn;IE;F60-64;Finish;1:33:22;5:47;6:21:18;9:43;4:24:46;12:34:56
Mark;Samuel;US;M40-44;Finish;1:11:27;4:45;5:25:58;7:25;5:45:29;12:35:04
Franz;Hellberg;SE;M45-49;Finish;1:02:52;7:13;5:13:22;11:48;6:00:02;12:35:17
Heather;Jorris;US;F50-54;Finish;1:08:49;4:58;6:30:30;5:33;4:45:42;12:35:32
Danielle;Sullivan;US;F40-44;Finish;1:09:42;3:49;6:34:16;7:08;4:41:01;12:35:56
Frank;Brechmann;DE;M50-54;Finish;1:08:29;3:58;6:01:10;6:52;5:15:29;12:35:58
Akiko;Minagawa;JP;F50-54;Finish;1:29:39;10:15;6:29:31;6:28;4:20:11;12:36:04
Yoko;Matsui;JP;F55-59;Finish;1:20:27;7:22;6:43:35;6:02;4:19:05;12:36:31
Rachel;Allen;US;F35-39;Finish;1:03:51;5:43;6:23:37;6:11;4:57:33;12:36:55
Johannes;Reitz;US;M55-59;Finish;1:09:21;3:42;6:05:59;6:42;5:12:32;12:38:16
Jochen;Berbner;DE;M45-49;Finish;1:15:08;6:49;6:24:57;8:48;4:43:31;12:39:13
Jennifer;Isaac;GB;F35-39;Finish;1:10:10;5:03;6:47:44;7:02;4:30:25;12:40:24
Chloe;Kay;AU;F30-34;Finish;1:08:23;4:19;6:41:57;5:03;4:40:48;12:40:30
Fernando;Vargas;MX;M45-49;Finish;1:19:04;4:53;6:02:01;5:54;5:08:45;12:40:37
Ryuichi;Kawashima;JP;M55-59;Finish;1:09:46;3:40;5:45:30;4:14;5:38:01;12:41:11
Jason;Bridges;US;M35-39;Finish;1:01:30;3:17;5:44:24;9:56;5:42:09;12:41:16
Holmes;Jasmine;GB;F18-24;Finish;58:12;6:36;6:52:16;9:51;4:34:26;12:41:21
Michelle;Simmons;US;F45-49;Finish;1:02:25;4:19;6:13:20;8:19;5:13:01;12:41:24
Andrew;Mcleod;NZ;M60-64;Finish;1:14:03;6:05;6:07:02;5:49;5:08:25;12:41:24
Rachel;Rutherford;GB;F18-24;Finish;1:12:13;5:15;6:39:01;7:31;4:38:01;12:42:01
Anna;Willett;AU;F45-49;Finish;1:12:28;4:15;6:12:34;3:22;5:10:50;12:43:29
Hermann;Hefti;CH;M70-74;Finish;1:28:26;6:55;6:13:53;9:22;4:45:24;12:44:00
Janie;White;US;F60-64;Finish;1:21:24;5:24;6:08:32;4:44;5:04:06;12:44:10
Carolina;Bilato;BR;F30-34;Finish;1:03:49;2:49;6:40:46;7:00;4:49:51;12:44:15
Reg;Rempel;CA;M60-64;Finish;1:21:42;5:22;6:22:28;4:38;4:50:18;12:44:28
Meghan;Strang;US;F18-24;Finish;1:12:36;4:21;6:31:11;6:08;4:50:28;12:44:44
Volker;Keim;DE;M55-59;Finish;1:21:45;4:37;6:03:57;8:57;5:05:50;12:45:06
Philippe;Foutrein;FR;M60-64;Finish;1:28:35;4:38;5:49:56;3:14;5:18:50;12:45:13
Elle;Hughes;AU;F25-29;Finish;1:12:41;6:52;6:16:31;10:54;4:58:18;12:45:16
Dai;Matsui;JP;M50-54;Finish;1:09:38;5:35;6:28:03;6:34;4:55:30;12:45:20
Claudia;Scaldini;BR;F30-34;Finish;1:17:25;3:55;5:51:14;3:41;5:29:19;12:45:34
Susumu;Takashima;JP;M65-69;Finish;1:27:45;6:05;6:24:28;5:00;4:42:23;12:45:41
Maggie;Rettelle;US;F45-49;Finish;1:40:16;6:52;6:23:36;5:52;4:29:18;12:45:54
Erica;Manning;US;F40-44;Finish;1:16:20;5:10;6:33:17;4:58;4:46:18;12:46:03
Thomas;Beisswenger;DE;M65-69;Finish;1:33:02;8:26;6:45:37;6:44;4:12:18;12:46:07
Chau Yu;Ng;HK;F25-29;Finish;1:07:19;4:03;6:12:42;4:51;5:17:46;12:46:41
Don;Baldassari;US;M60-64;Finish;1:00:59;4:36;5:39:14;4:52;5:57:33;12:47:14
Elkhalil M;Binebine;MA;M55-59;Finish;1:39:05;6:57;6:19:02;6:37;4:35:46;12:47:27
Laurelee;Nelson;CA;F65-69;Finish;1:33:34;7:20;6:33:59;6:15;4:26:44;12:47:52
Sheena;Dullaghan;IE;F45-49;Finish;1:16:45;6:24;6:57:25;9:59;4:17:35;12:48:08
John;Delaney;AU;M55-59;Finish;1:33:16;5:49;5:51:07;6:51;5:11:09;12:48:12
Erin;Sosdian;US;F25-29;Finish;51:29;4:23;5:56:14;5:39;5:50:30;12:48:15
Russell;Tremayne;AU;M55-59;Finish;1:24:49;7:04;6:18:43;11:17;4:46:25;12:48:18
Sara;Randolph;US;F40-44;Finish;1:09:02;5:39;6:38:50;8:25;4:46:32;12:48:28
Karl;Watts;GB;M45-49;Finish;1:35:02;9:50;6:10:08;34:40;4:19:06;12:48:46
Iain;Campbell;US;M55-59;Finish;1:09:27;4:13;6:08:19;8:52;5:18:09;12:49:00
David;Labouchere;GB;M55-59;Finish;1:13:56;4:10;5:18:21;4:40;6:08:32;12:49:39
John;Austin;US;M65-69;Finish;1:35:28;6:06;6:24:08;4:14;4:39:53;12:49:49
Karen;Tamson;US;F55-59;Finish;1:10:43;5:14;6:24:13;10:13;4:59:26;12:49:49
Chunxu;Hu ;CN;M30-34;Finish;1:09:17;2:20;6:07:18;3:34;5:27:26;12:49:55
Vicki;Updike;US;F50-54;Finish;1:21:29;3:47;6:06:36;9:49;5:09:17;12:50:58
Yuki;Toyokawa;JP;F45-49;Finish;1:16:01;5:13;6:47:58;6:01;4:35:57;12:51:10
Joanna;Butler;PL;F35-39;Finish;1:22:37;7:21;6:53:22;6:12;4:22:18;12:51:50
Gail;Norman;US;F60-64;Finish;1:28:37;5:05;6:38:41;5:36;4:34:31;12:52:30
Sandra;Holbrook James;US;F50-54;Finish;1:23:50;8:47;6:40:40;8:53;4:30:58;12:53:08
Françoise;Theate;BE;F55-59;Finish;1:06:18;6:07;6:55:02;9:00;4:36:55;12:53:22
Indira;Murr;US;F45-49;Finish;1:01:06;4:25;5:42:38;4:51;6:00:28;12:53:28
Ana;Silvia Davini Paller;BR;F55-59;Finish;1:18:03;6:10;6:23:05;9:00;4:57:14;12:53:32
Joe;Turk;US;M50-54;Finish;1:13:47;5:11;5:54:07;7:44;5:33:19;12:54:08
Miki;Sasaki;JP;F55-59;Finish;1:26:05;8:24;6:47:34;7:45;4:24:33;12:54:21
Eva;Lidman;SE;F50-54;Finish;1:18:19;9:55;6:26:55;10:04;4:49:44;12:54:57
Madeleine;Vergauwen;BE;F50-54;Finish;1:25:01;5:08;6:30:49;7:56;4:46:06;12:55:00
Chin-Ching;Wang;TW;M40-44;Finish;1:16:36;3:53;5:14:31;4:05;6:17:14;12:56:19
Sophie;Sauvain;FR;F55-59;Finish;1:28:32;4:31;6:31:04;6:40;4:45:32;12:56:19
Liz;Hayes;NZ;F50-54;Finish;1:12:43;6:25;6:10:23;8:39;5:18:20;12:56:30
Rio;Tanabe;JP;F50-54;Finish;1:28:51;5:42;6:45:05;6:24;4:30:47;12:56:49
Tanya;Lavington;NZ;F55-59;Finish;1:18:10;4:04;6:25:01;4:59;5:04:43;12:56:57
Rebecca;Kimble;US;F30-34;Finish;1:22:39;5:39;6:22:03;5:59;5:00:38;12:56:58
Hans-Jürgen;Hinze;DE;M65-69;Finish;1:41:09;7:48;6:16:31;6:23;4:45:24;12:57:15
Bob;Jordan;US;M65-69;Finish;1:27:50;6:46;6:22:27;7:55;4:52:26;12:57:24
Jude;Hagger;GB;F45-49;Finish;1:14:11;7:28;6:31:42;13:57;4:50:33;12:57:51
Robert;Green;US;M40-44;Finish;1:00:09;4:10;5:51:24;11:42;5:51:35;12:59:00
Ariana;Khu;US;F18-24;Finish;1:12:40;4:53;6:05:35;4:28;5:31:40;12:59:16
Ken;Mckinnon;US;M55-59;Finish;1:05:17;6:20;5:59:06;6:07;5:42:56;12:59:46
Diane;Petersen;US;F55-59;Finish;1:31:07;5:35;6:20:19;5:45;4:58:25;13:01:11
Tracy;Fritz;US;F45-49;Finish;1:19:22;5:18;6:13:41;13:13;5:10:29;13:02:03
Vanessa;Ince;US;F50-54;Finish;1:10:09;5:28;6:05:37;7:45;5:33:38;13:02:37
Brigitte;Beil;DE;F60-64;Finish;1:15:45;5:24;6:25:24;6:17;5:09:50;13:02:40
Tamara;Foltz;US;F55-59;Finish;1:19:12;8:04;6:28:12;8:40;4:58:37;13:02:45
Stephanie;Hevenor;US;F60-64;Finish;1:11:30;5:56;6:35:27;9:40;5:00:44;13:03:17
Ellen;Rohring;DE;F40-44;Finish;1:19:50;4:34;6:08:48;8:38;5:22:34;13:04:24
Birgit;Wellmanns;DE;F50-54;Finish;1:18:02;4:39;6:34:34;6:38;5:00:48;13:04:41
Susan;Talbot;US;F55-59;Finish;1:16:37;5:26;6:39:39;5:42;4:58:00;13:05:24
Steve;Hobson;GB;M50-54;Finish;1:04:56;5:44;5:31:30;7:33;6:16:40;13:06:23
Charlie;Collins;GB;M60-64;Finish;1:16:49;6:20;6:38:46;9:48;4:55:56;13:07:39
Fiona;Foley;IE;F45-49;Finish;1:36:06;5:22;6:30:36;12:53;4:42:51;13:07:48
Lori;Klabunde;US;F55-59;Finish;1:33:05;6:18;6:28:11;6:21;4:54:20;13:08:15
Jasmine;Chou;US;F18-24;Finish;1:23:09;3:13;6:57:56;3:56;4:40:05;13:08:19
David John;Moriarty;NZ;M65-69;Finish;1:24:20;6:24;6:24:01;5:35;5:08:03;13:08:23
Shigeki;Sakamoto;JP;M65-69;Finish;1:30:30;5:36;7:23:40;5:49;4:04:08;13:09:43
Katie;Yoder;US;F18-24;Finish;1:01:21;4:38;6:54:07;5:57;5:03:44;13:09:47
Jennifer;Sereno;US;F55-59;Finish;1:16:45;5:51;6:14:18;12:43;5:21:09;13:10:46
Missy;Lestrange;US;F65-69;Finish;1:13:29;4:07;6:38:16;7:16;5:07:47;13:10:55
Paul;Schaber;DE;M65-69;Finish;1:36:25;4:55;6:33:28;7:08;4:49:39;13:11:35
Ofir;Eyal;IL;M40-44;Finish;1:11:04;4:58;6:36:10;8:28;5:11:27;13:12:07
Andre;Collins;ZA;M70-74;Finish;1:49:42;7:29;6:41:16;9:08;4:24:56;13:12:31
Emelie;Jensen;DK;F18-24;Finish;1:28:53;4:00;6:45:07;4:49;4:50:04;13:12:53
Roland;Lycksell;SE;M55-59;Finish;1:13:25;4:09;6:24:05;6:44;5:24:34;13:12:57
Tom;Reiss;DE;M50-54;Finish;1:29:20;4:42;6:24:28;5:10;5:09:33;13:13:13
Monique;Gielen;BE;F55-59;Finish;1:46:21;5:03;7:06:07;4:39;4:11:12;13:13:22
Meg;Radcliffe;AU;F18-24;Finish;1:07:06;5:02;6:42:40;5:48;5:14:05;13:14:41
Luis;Tinello;BR;M55-59;Finish;1:12:54;11:25;5:51:59;7:36;5:50:54;13:14:48
Karen;Blamick;US;F55-59;Finish;1:19:15;4:59;6:55:41;7:58;4:46:58;13:14:51
George;Burns;GB;M60-64;Finish;1:12:36;4:00;7:12:22;6:22;4:39:51;13:15:11
Ray;Shane;US;M65-69;Finish;1:15:09;5:40;6:14:53;10:30;5:29:28;13:15:40
Bente;Norlyk-Goulding;DK;F55-59;Finish;1:32:10;5:57;6:44:48;7:27;4:45:28;13:15:50
Andrew;Loeb;US;M70-74;Finish;1:17:07;6:38;6:43:18;6:35;5:02:27;13:16:05
Lorin;Birmingham;US;F55-59;Finish;1:26:33;4:17;6:35:51;5:47;5:03:41;13:16:09
Zur;Lev;IL;M35-39;Finish;1:11:33;3:28;5:14:51;5:46;6:40:49;13:16:27
David;Mattson;NZ;M50-54;Finish;1:05:57;5:51;5:41:48;5:39;6:17:26;13:16:41
Yoko;Shiba;JP;F55-59;Finish;1:28:49;7:38;6:50:51;7:53;4:41:39;13:16:50
Sydney;Tervort;US;F60-64;Finish;1:22:53;7:26;6:42:05;6:54;4:57:38;13:16:56
Renaud;Cormier;FR;M45-49;Finish;1:04:27;3:30;5:42:48;7:40;6:20:54;13:19:19
Troy;Page;AU;M25-29;Finish;1:00:28;3:28;6:04:10;5:02;6:06:14;13:19:22
Fernanda;Keller;BR;F55-59;Finish;1:07:05;3:32;6:10:35;7:11;5:51:24;13:19:47
Barbara;Tettenborn;CH;F60-64;Finish;1:13:14;5:32;6:38:34;5:10;5:17:27;13:19:57
Linda;Eden;ZA;F50-54;Finish;1:18:52;6:29;6:44:58;5:58;5:04:07;13:20:24
Norio;Yamamura;JP;M65-69;Finish;1:29:13;7:40;6:19:20;6:16;5:18:56;13:21:25
René;Meier;CH;M65-69;Finish;1:39:08;5:25;6:51:17;4:51;4:40:50;13:21:31
Faron;Reed;US;M65-69;Finish;1:16:20;6:42;6:23:24;5:41;5:30:07;13:22:14
Bertrand;Fattal;LB;M45-49;Finish;1:17:10;7:14;6:39:56;11:14;5:07:32;13:23:06
Yuhua;Tao;CN;F55-59;Finish;1:31:34;5:12;6:49:04;6:02;4:52:31;13:24:23
Jacopo;Marzocco;IT;M30-34;Finish;1:28:11;9:48;6:22:01;10:48;5:14:29;13:25:17
Elke;Leimpek;DE;F55-59;Finish;1:22:37;4:23;6:26:36;6:40;5:25:42;13:25:58
Stefen;Lask;DE;M50-54;Finish;1:01:59;3:18;6:10:53;10:17;5:59:32;13:25:59
Dieter;Egli;CH;M45-49;Finish;1:11:06;4:40;5:42:53;7:41;6:19:57;13:26:17
Felicitas;Kuld;DE;F65-69;Finish;1:44:06;6:07;6:59:26;7:45;4:29:02;13:26:26
Hans-Joachim;Weissflog;DE;M65-69;Finish;1:25:33;6:22;6:30:59;6:27;5:17:30;13:26:51
Megan;Anley;ZA;F18-24;Finish;1:15:27;4:05;6:37:53;5:32;5:26:03;13:29:00
Robert;Smith;US;M65-69;Finish;1:33:47;5:53;6:07:56;6:07;5:36:31;13:30:14
Susan;Ford;US;F55-59;Finish;1:22:47;7:04;6:59:27;8:46;4:52:21;13:30:25
Alden;Philbrick;US;M60-64;Finish;1:16:33;7:07;6:38:18;11:26;5:18:02;13:31:26
Takeshi;Araki;JP;M55-59;Finish;1:16:51;8:45;5:55:24;17:26;5:53:10;13:31:36
Gennaro;Magliulo;US;M75-79;Finish;1:48:49;7:00;6:25:31;7:33;5:03:22;13:32:15
Juan;Kinley;IM;M55-59;Finish;1:11:50;3:34;5:57:39;3:16;6:16:05;13:32:24
Young Sun;Kim;KR;F45-49;Finish;1:41:20;7:57;6:35:40;8:15;5:00:19;13:33:31
Joshua;Mehlhaff;US;M18-24;Finish;1:02:42;6:25;5:47:09;6:05;6:33:48;13:36:09
Amy;Corrigan;US;F35-39;Finish;1:23:50;4:47;6:05:27;5:44;5:56:31;13:36:19
Allan;Youp;GB;M50-54;Finish;1:31:55;10:01;6:47:24;10:28;4:56:33;13:36:21
Aase Moel;Christensen;DK;F60-64;Finish;1:52:06;5:26;6:44:58;6:28;4:48:52;13:37:50
Sian;Morris;AU;F45-49;Finish;1:09:45;6:20;6:24:30;8:21;5:50:56;13:39:52
Helene;Fortier;CA;F55-59;Finish;1:46:06;9:11;7:04:45;8:23;4:31:33;13:39:58
Marine;Navarro;FR;F18-24;Finish;1:24:29;4:13;6:48:10;4:37;5:18:31;13:40:00
Carolyn;Tonelli;AU;F45-49;Finish;1:16:42;8:51;5:58:54;11:12;6:04:31;13:40:10
Regina;Kaurisch;DE;F60-64;Finish;1:19:19;6:45;6:31:48;9:50;5:32:56;13:40:38
Dorothee;Fuller;DE;F50-54;Finish;1:23:36;4:39;6:37:41;6:05;5:29:01;13:41:02
Mariya;Anifantakis;UA;F45-49;Finish;1:29:42;11:51;5:53:26;13:12;5:54:48;13:42:59
Kylie;Bath;AU;F50-54;Finish;1:25:31;6:11;6:43:12;6:46;5:21:26;13:43:06
Eunjung;Cho;KR;F30-34;Finish;1:25:20;8:31;6:48:57;15:23;5:07:35;13:45:46
Peter;Müller;DE;M75-79;Finish;1:30:28;10:38;7:17:36;7:42;4:39:37;13:46:01
Simon;Butterworth;US;M70-74;Finish;1:20:16;6:53;6:26:46;7:40;5:47:01;13:48:36
Joaquin;Guerrero Román;ES;M55-59;Finish;1:04:50;7:17;7:39:20;8:00;4:49:33;13:49:00
Jeannete;Sorensen Hickok;US;F55-59;Finish;1:28:52;5:30;6:44:18;8:25;5:22:42;13:49:47
Richard;Crowley;US;M55-59;Finish;1:12:01;5:38;6:38:37;10:07;5:45:16;13:51:39
Teodolinda;Camera;IT;F25-29;Finish;1:11:55;3:35;6:36:35;4:28;5:56:14;13:52:47
Chris;Brewer;US;M45-49;Finish;1:18:04;7:08;5:59:31;7:21;6:21:07;13:53:11
Walter;Fairfax;US;M65-69;Finish;1:45:43;6:59;6:49:27;6:59;5:06:42;13:55:50
Denise;Ross;CA;F65-69;Finish;1:36:49;5:16;7:21:23;6:27;4:46:58;13:56:53
Karen;Mcpherson;AU;F60-64;Finish;1:21:05;6:19;6:45:58;7:12;5:36:30;13:57:04
Judith;Dorta;CH;F60-64;Finish;1:19:10;7:00;6:40:41;6:25;5:43:49;13:57:05
Riikka;Harjula;FI;F55-59;Finish;1:25:52;4:57;6:56:46;6:43;5:23:30;13:57:48
Dave;Dwan;NZ;M65-69;Finish;1:17:55;5:48;7:08:27;9:07;5:18:14;13:59:31
Ingrid;Erk;DE;F55-59;Finish;1:20:42;7:16;7:12:02;6:21;5:13:40;14:00:01
Lorena;Toriello;GT;F60-64;Finish;1:25:00;6:57;7:12:57;6:43;5:11:38;14:03:15
Liu;Yina;CN;F65-69;Finish;1:26:58;6:01;7:01:10;5:32;5:26:01;14:05:42
Jean;Perkins;GB;F60-64;Finish;1:15:31;7:35;6:43:59;12:08;5:46:33;14:05:46
Bobbe;Greenberg;US;F70-74;Finish;1:47:02;6:00;7:09:12;5:21;4:59:36;14:07:11
Nick;Farnell;GB;M60-64;Finish;1:24:51;5:42;6:44:17;8:45;5:45:05;14:08:40
Mary;Wakeham;US;F55-59;Finish;1:27:13;8:44;6:43:41;8:25;5:40:43;14:08:46
Yvonne;Steinemer-Murphy;DE;F55-59;Finish;1:33:55;9:37;6:49:09;7:33;5:28:53;14:09:07
Heike;Dieteren;DE;F60-64;Finish;1:23:43;5:05;6:34:59;6:47;5:59:33;14:10:07
Robert;Monser;DE;M65-69;Finish;1:38:29;10:06;7:12:56;8:50;5:02:17;14:12:38
Wendy;Watson;US;F65-69;Finish;1:31:39;7:45;6:59:01;8:19;5:25:54;14:12:38
Sharon;Keith;US;F65-69;Finish;1:13:19;21:22;6:48:51;7:54;5:43:18;14:14:44
Jean-Luc;Miffand;FR;M60-64;Finish;1:36:36;5:47;6:13:14;6:08;6:14:48;14:16:33
Yuko;Miya;JP;F60-64;Finish;1:42:13;8:01;6:52:17;6:26;5:27:38;14:16:35
Karyn;Hoffman;US;F55-59;Finish;1:33:00;8:03;7:15:08;13:02;5:08:06;14:17:19
Laurie;Copeland;US;F60-64;Finish;1:30:12;7:24;7:11:47;7:37;5:24:18;14:21:18
Gabriela;Ergas Gennari;BR;F35-39;Finish;1:20:11;4:47;6:07:29;9:39;6:40:22;14:22:28
Jean Luc;Nicolleau;FR;M65-69;Finish;1:32:35;6:47;6:49:57;8:14;5:45:50;14:23:23
Klaus;Hansen Vikström;DK;M65-69;Finish;1:30:04;6:23;6:38:12;6:24;6:03:32;14:24:35
Tatsuro;Yasukawa;JP;M65-69;Finish;1:41:54;10:13;7:26:08;10:48;4:55:34;14:24:37
Joanne;Furu;US;F65-69;Finish;1:42:03;8:48;7:53:12;7:12;4:33:23;14:24:38
Lorraine;Gersitz;US;F65-69;Finish;1:27:17;8:44;6:57:28;8:49;5:43:03;14:25:21
Marty;Smith;US;F60-64;Finish;1:21:02;7:25;7:20:38;8:20;5:28:24;14:25:49
Michelle;Staffon;US;F60-64;Finish;1:37:50;7:48;6:57:03;8:59;5:35:58;14:27:38
Cullen;Goodyear;CA;F70-74;Finish;1:26:31;9:49;7:00:35;10:13;5:41:39;14:28:47
Johannes;Lutz;DE;M65-69;Finish;1:37:17;7:20;7:00:18;6:41;5:37:32;14:29:08
Jeff;Dorrill;US;M55-59;Finish;1:48:55;8:18;6:44:55;17:41;5:31:49;14:31:38
Debra;Weier;US;F65-69;Finish;1:19:07;7:08;7:04:31;11:27;5:51:42;14:33:55
Martina;Lomnitz;SE;F18-24;Finish;1:02:58;4:46;7:03:42;5:25;6:18:55;14:35:46
Anne;Stratton;US;F65-69;Finish;1:19:48;6:38;7:15:13;9:12;5:44:58;14:35:49
Peter;Brechbühler;CH;M65-69;Finish;1:17:23;3:59;6:39:29;6:54;6:31:08;14:38:53
Robert;Woolford;US;M65-69;Finish;1:49:29;9:52;7:21:34;8:05;5:11:04;14:40:04
Dale A;Bing;US;M65-69;Finish;1:56:12;11:31;6:56:19;9:30;5:26:44;14:40:16
Winkler;Gotthard;DE;M75-79;Finish;1:46:31;8:17;6:23:39;8:25;6:13:39;14:40:31
Reiko;Donato;US;F60-64;Finish;1:38:46;9:21;7:18:21;8:00;5:27:20;14:41:48
Sara;Llibre;US;F60-64;Finish;1:18:29;7:48;7:03:00;9:05;6:05:02;14:43:24
Brittany;Balcar;US;F25-29;Finish;1:11:28;6:54;6:44:18;8:23;6:33:35;14:44:38
Siegfried;Schmidt;DE;M75-79;Finish;1:38:10;6:16;6:57:44;9:34;5:54:36;14:46:20
Gene;Peters;US;M75-79;Finish;1:28:23;7:48;7:23:05;11:39;5:36:02;14:46:57
Dieter;Reithmeier;AU;M75-79;Finish;1:45:34;10:23;7:16:56;7:41;5:26:29;14:47:03
James;Meehan;US;M65-69;Finish;1:16:05;8:46;7:28:03;11:55;5:42:49;14:47:38
David;Roth;US;M50-54;Finish;1:22:00;5:13;6:45:38;12:19;6:23:59;14:49:09
John;Hill;AU;M60-64;Finish;1:11:23;4:58;5:34:07;7:43;7:52:26;14:50:37
Dina;Altayeb;SA;F45-49;Finish;1:36:44;7:06;7:11:32;9:26;5:46:14;14:51:02
Pat;Macnabb;US;F65-69;Finish;1:41:02;13:56;7:05:37;15:56;5:35:44;14:52:15
Sonia;Soprenuk;US;F55-59;Finish;1:39:04;10:56;7:37:50;13:37;5:11:46;14:53:13
Jörg;Küstermann;DE;M65-69;Finish;1:11:59;5:08;7:06:44;4:44;6:25:53;14:54:28
Donna;Richardson;CA;F60-64;Finish;1:39:24;7:30;7:04:13;8:06;5:57:59;14:57:12
Mao;Kurano;JP;F18-24;Finish;59:45;4:27;7:39:26;9:28;6:06:49;14:59:55
Michael;Hatch;CA;M70-74;Finish;1:24:25;9:35;6:50:10;9:31;6:26:55;15:00:36
Thea;Jacobs;CA;F60-64;Finish;1:37:46;5:41;6:55:33;7:02;6:18:18;15:04:20
Natalie;Dare;US;F30-34;Finish;1:27:05;9:22;7:28:10;8:49;5:53:38;15:07:04
Baek-Woon;Kim;KR;M60-64;Finish;1:36:16;16:58;6:30:51;10:54;6:33:19;15:08:18
John;Heaney;GB;M70-74;Finish;1:39:49;9:36;7:19:02;6:47;5:54:25;15:09:39
Diane;Tracy;US;F65-69;Finish;1:43:01;7:54;7:13:59;9:54;5:55:27;15:10:15
Pernilla;Meyersson;SE;F60-64;Finish;1:43:57;9:23;7:31:41;10:01;5:35:17;15:10:19
Sergio;Forti;AR;M65-69;Finish;1:36:02;9:12;7:22:14;11:29;5:52:54;15:11:51
Brenda;Bettencourt;US;F60-64;Finish;1:22:16;5:35;7:03:13;10:59;6:31:53;15:13:56
Nancy;Ripley;CA;F65-69;Finish;1:49:02;6:34;7:32:23;7:15;5:38:57;15:14:11
Liz;Friedman;US;F70-74;Finish;1:37:06;5:46;7:52:28;6:06;5:33:32;15:14:58
Chu Chuan;Lin;TW;M70-74;Finish;1:57:59;7:50;7:35:50;5:11;5:29:24;15:16:14
Karla;Vradenburgh;US;F25-29;Finish;1:30:41;3:48;7:00:11;4:37;6:37:10;15:16:27
Ed;Rymer;US;M65-69;Finish;1:15:02;10:57;7:13:04;10:15;6:27:44;15:17:02
Cornelia;Roth;US;F55-59;Finish;1:09:50;2:57;6:41:28;5:07;7:17:51;15:17:13
Catherine;Masling;GB;F40-44;Finish;1:40:33;8:28;7:20:06;10:32;5:58:01;15:17:40
Dawn;Prebula;US;F40-44;Finish;1:31:52;5:02;6:58:29;7:25;6:36:09;15:18:57
Magaly;Mailland;FR;F45-49;Finish;1:28:19;5:24;7:28:41;7:00;6:09:43;15:19:07
Yasuhiro;Furukawa;JP;M65-69;Finish;1:43:25;11:48;7:30:26;7:52;5:46:47;15:20:18
Bob;Martin;GB;M70-74;Finish;2:10:42;4:38;7:21:06;6:47;5:37:45;15:20:58
Lynn;Vogt;US;M70-74;Finish;1:22:08;5:49;7:08:48;9:02;6:36:28;15:22:15
Park;Gil-Ja;KR;F55-59;Finish;1:39:18;12:14;7:38:07;8:04;5:44:42;15:22:25
Masamori;Mori;JP;M65-69;Finish;1:33:59;8:10;7:41:15;10:52;5:49:16;15:23:32
Richard;Sweetman;NZ;M70-74;Finish;1:31:31;9:40;7:18:32;9:34;6:19:22;15:28:39
Pauline;Dauvergne;FR;F18-24;Finish;1:08:00;5:56;7:12:39;7:09;6:55:33;15:29:17
Eva;Alexy;CA;F65-69;Finish;1:55:25;12:18;7:31:20;8:47;5:41:37;15:29:27
Julie;Knutson;US;F60-64;Finish;1:23:36;9:06;7:38:13;9:17;6:09:33;15:29:45
Judi;Robinson;AU;F60-64;Finish;1:25:19;9:02;7:54:55;11:59;5:51:36;15:32:51
Jennifer;Knowles;CA;F60-64;Finish;1:41:17;12:24;6:54:41;15:46;6:33:14;15:37:22
Shinichi;Muranaka;JP;M70-74;Finish;1:45:00;7:56;7:13:10;9:49;6:23:02;15:38:57
Valerie;Gonzales;CA;F70-74;Finish;1:53:00;9:54;7:42:49;9:00;5:44:47;15:39:30
Toni;Noe Freixas;ES;M70-74;Finish;1:30:59;6:52;7:25:21;7:38;6:29:09;15:39:59
Katsumi;Nagano;JP;M55-59;Finish;1:26:16;7:32;6:49:02;18:16;6:59:56;15:41:02
Patricia;Rosen;US;F65-69;Finish;1:31:51;7:22;7:35:15;10:10;6:18:18;15:42:56
Jean;Gillespie;GB;F60-64;Finish;1:31:59;10:08;7:24:41;12:03;6:25:36;15:44:27
Sachie;Goto;JP;F55-59;Finish;1:15:46;7:43;7:03:48;12:35;7:05:33;15:45:25
Anton;Skrlep;SI;M70-74;Finish;1:20:40;6:03;6:51:51;7:21;7:20:31;15:46:26
Kanako;Namai;JP;F55-59;Finish;1:38:07;5:28;7:56:42;7:43;5:58:46;15:46:46
Daniel;Banga;AR;M70-74;Finish;1:32:28;10:42;7:32:15;8:46;6:25:12;15:49:23
Bill;Mccarthy;US;M70-74;Finish;2:05:57;16:48;7:21:56;14:00;5:52:06;15:50:47
Themis;Mendonça Brandão Vilela;BR;F60-64;Finish;1:50:47;8:54;7:51:47;6:06;5:54:32;15:52:06
Marie;Wiman;SE;F55-59;Finish;1:33:04;5:12;7:28:25;11:22;6:35:31;15:53:34
Noriko;Shinoda;JP;F55-59;Finish;1:28:28;8:02;8:04:41;6:18;6:06:37;15:54:06
Masayoshi;Watanabe;JP;M70-74;Finish;1:55:32;6:39;7:53:52;5:54;5:52:52;15:54:49
George;Demetrulias;US;M70-74;Finish;1:41:00;11:50;7:20:02;10:18;6:33:15;15:56:25
Stewart;Mims;US;M70-74;Finish;1:35:10;9:12;7:33:15;11:51;6:27:35;15:57:03
Dot;Hunt;ZA;F65-69;Finish;1:54:28;8:50;7:51:11;7:09;5:57:50;15:59:28
Masaru;Suzuki;JP;M65-69;Finish;1:16:32;7:31;7:05:06;9:09;7:21:33;15:59:51
Tyler;Simmons;US;M18-24;Finish;1:25:43;5:34;7:14:28;9:35;7:04:35;15:59:55
Nobuo;Namai;JP;M70-74;Finish;1:36:57;7:28;8:13:14;8:43;5:55:24;16:01:46
Paul;Dauber;US;M55-59;Finish;1:14:20;5:41;6:51:21;25:34;7:25:16;16:02:12
Cliff;Genn;AU;M70-74;Finish;1:34:00;9:23;7:41:53;10:58;6:26:11;16:02:25
Mitsuko;Ozawa;JP;F65-69;Finish;1:28:43;14:55;8:10:40;20:27;5:47:45;16:02:30
Dave;Dean;NZ;M65-69;Finish;1:47:46;8:54;7:31:35;8:39;6:26:47;16:03:41
Marion;Young;CA;F60-64;Finish;1:43:59;8:44;7:40:43;8:36;6:21:46;16:03:48
Satomi;Murata;JP;F65-69;Finish;1:54:56;6:57;8:00:45;6:31;5:57:45;16:06:54
Russ;Burnette;US;M70-74;Finish;1:54:10;11:47;7:10:03;14:16;6:37:24;16:07:40
Brian;Chandler;AU;M65-69;Finish;1:22:03;10:01;7:23:16;11:24;7:03:39;16:10:23
Teresa;Hollins;GB;F65-69;Finish;1:26:23;6:16;7:56:05;7:20;6:34:21;16:10:25
Lynda;Neuman;US;F65-69;Finish;1:47:41;7:06;7:43:03;8:39;6:27:57;16:14:26
Sharman;Parr;AU;F65-69;Finish;1:45:57;6:52;7:35:57;8:14;6:37:33;16:14:33
Koji;Nobuka;JP;M70-74;Finish;1:48:35;15:33;8:14:32;11:31;5:45:19;16:15:30
Milton;Sabat;CR;M70-74;Finish;1:21:59;6:23;8:22:09;7:56;6:17:36;16:16:03
Carey;Cribbs;US;F65-69;Finish;1:20:25;6:37;7:45:30;15:30;6:50:10;16:18:12
Kirsten;Clemens;US;F25-29;Finish;1:25:57;9:18;8:03:57;9:49;6:30:23;16:19:24
Yuko;Hayashi;JP;F60-64;Finish;1:36:24;8:28;7:51:35;9:59;6:34:13;16:20:39
Shirley;Rolston;NZ;F70-74;Finish;1:44:33;7:53;7:50:17;7:23;6:32:14;16:22:20
Pauline;Mccann;AU;F65-69;Finish;1:33:02;11:15;7:49:30;14:49;6:35:39;16:24:15
Ryuji;Nakagawa;JP;M75-79;Finish;2:02:16;8:50;7:57:20;10:45;6:08:42;16:27:53
Fiona;Davidson;GB;F60-64;Finish;1:34:31;6:08;7:29:54;7:14;7:11:41;16:29:28
J Nathan;Leech;US;M70-74;Finish;1:03:28;8:10;7:51:29;12:15;7:17:36;16:32:58
Otto;Tylkowski;DE;M70-74;Finish;1:47:06;7:37;7:47:02;10:21;6:42:34;16:34:40
Tatsuya;Tsushima;JP;M65-69;Finish;1:57:05;11:25;7:41:49;11:06;6:34:41;16:36:06
Hector;Teichelmann Shuttleton;CL;M70-74;Finish;2:06:32;10:22;7:52:09;10:09;6:18:55;16:38:07
Warren;Hill;NZ;M80-84;Finish;1:54:23;9:54;7:57:54;11:33;6:24:36;16:38:20
Leif-Håkan;Johnsson;SE;M70-74;Finish;2:08:16;9:37;7:12:44;14:01;6:54:20;16:38:58
Yoko;Ishibashi;JP;F65-69;Finish;1:40:51;8:14;8:21:43;9:53;6:23:49;16:44:30
Mike;Anthony;GB;M65-69;Finish;1:29:17;10:49;7:46:49;14:48;7:04:37;16:46:20
Cathy;Beavers Hamner;US;F65-69;Finish;1:45:30;10:25;8:25:01;10:15;6:18:52;16:50:03
Paul;Whitehouse;US;M70-74;Finish;2:06:01;11:49;7:51:20;11:20;6:29:34;16:50:04
Edgardo;Piasentini;AR;M65-69;Finish;1:42:27;6:17;7:42:09;8:39;7:13:49;16:53:21
